case_id,date,district,crime_type,accused_name,co_accused_ids,description
C3001,2026-01-01,Hassan,Burglary,Raju Gowda,C3001,Co-conspirator in the Devaraja Urs Road vault break-in. Apprehended at a hidden workshop while attempting to melt 101 kg of stolen gold bars into untraceable bullion ingots. Intelligence inputs confirm the operation was financed using layered cryptocurrency transactions and underground hawala channels.
C3002,2026-01-01,Mangaluru,Fraud,Zaid Khan,C3001,Installed deep-insert ATM skimming devices and pinhole cameras across bank kiosks in Bunder Port Road. Captured magnetic stripe data of over 372 customer accounts. Intelligence inputs confirm the operation was financed using layered cryptocurrency transactions and underground hawala channels.
C3003,2026-01-02,Mysuru,Cybercrime,Siddharth Mehta,C3002,Coordinated mass phishing SMS bursts targeting net banking users across Karnataka. Utilized compromised mule credentials to layer funds into dark web crypto wallets. Investigators recovered digital ledger entries and encrypted burner SIM cards matching cross-referenced case files.
C3004,2026-01-02,Ballari,Murder,Reddy 'Dora',C3001,Intercepted near mining checkpost transporting 118 tonnes of illegally excavated iron ore and red sanders timber with fabricated transit documents. CCTV surveillance footage captured the suspect coordinating with co-accused operatives before fleeing along regional highway corridors.
C3005,2026-01-03,Hassan,Smuggling,Lokesh,C3002,Cultivated 75 acres of illegal cannabis crops hidden deep inside dense forest plantations near Agumbe Forest Reserve. Distributed weed via timber transport trucks. Forensic examination confirmed call detail records linking Lokesh directly to syndicate kingpin Nagaraj 'Forest'.
C3006,2026-01-04,Kalaburagi,Burglary,Dattatreya,C3005,Extorted protection payments from limestone quarry owners near Shahapur Quarry Belt threatening armed sabotage using weapons acquired from Subhash Fauji. Ballistic and biometric samples collected from the scene positively correlate with operatives active across Kalaburagi district.
C3007,2026-01-04,Hubballi,Rioting,Ravi 'Rambo',C3006,Demanded Rs 35 Lakhs ransom from the bank branch manager threatening severe bodily harm unless CCTV DVR hard drives from the bank robbery were handed over. CCTV surveillance footage captured the suspect coordinating with co-accused operatives before fleeing along regional highway corridors.
C3008,2026-01-05,Mysuru,Cybercrime,Suhail,C3007,Dark web specialist who developed backend server infrastructure for fake lottery and KYC update scams. Hosted command servers on offshore bulletproof networks. CCTV surveillance footage captured the suspect coordinating with co-accused operatives before fleeing along regional highway corridors.
C3009,2026-01-06,Udupi,Smuggling,Kader 'Boat',C3006,Contract enforcer carried out a severe blade assault against a customs intelligence officer near Surathkal Highway Checkpoint investigating illegal marine cargo shipments. CCTV surveillance footage captured the suspect coordinating with co-accused operatives before fleeing along regional highway corridors.
C3010,2026-01-06,Mysuru,Robbery,Syed Ali,C3005,Armed gang intercepted a wholesale diamond courier near Saraswathipuram Main Road. Escaped on high-speed modified stolen motorcycles provided by Syed Ali after looting diamond rings. Ballistic and biometric samples collected from the scene positively correlate with operatives active across Mysuru district.
C3011,2026-01-07,Mysuru,Robbery,Anand Verma,C3001,Co-conspirator in the Mandya Highway Godowns vault break-in. Apprehended at a hidden workshop while attempting to melt 91 kg of stolen gold bars into untraceable bullion ingots. CCTV surveillance footage captured the suspect coordinating with co-accused operatives before fleeing along regional highway corridors.
C3012,2026-01-08,Udupi,Fraud,Sanath,C3002,Technical engineer seized with 190 blank NFC-enabled debit cards. Confessed to cloning card dumps harvested via illegal skimming hardware across coastal districts. CCTV surveillance footage captured the suspect coordinating with co-accused operatives before fleeing along regional highway corridors.
C3013,2026-01-08,Bengaluru,Money Laundering,Karan 'Bhai' Sharma,C3003,Intercepted on Indiranagar 100ft Road transporting 96 kg of high-grade synthetic MDMA crystals concealed inside custom-built double-bottom compartments of a luxury vehicle. Intelligence inputs confirm the operation was financed using layered cryptocurrency transactions and underground hawala channels.
C3014,2026-01-09,Ballari,Assault,Kondaiah,C3004,Extorted heavy illegal transport levies from fleet operators carrying excavated iron ore across the Sandur Iron Quarry Road mining belt under explicit threat of armed intervention. Investigators recovered digital ledger entries and encrypted burner SIM cards matching cross-referenced case files.
C3015,2026-01-10,Shivamogga,Assault,Basavaraj Naik,C3005,"Attacked forest guards during a midnight anti-poaching patrol near Agumbe Forest Reserve using machetes and iron pipes, allowing the timber smuggling convoy to escape. Intelligence inputs confirm the operation was financed using layered cryptocurrency transactions and underground hawala channels."
C3016,2026-01-10,Kalaburagi,Burglary,Bhimrao,C3006,Intercepted a bullion transit vehicle on Shahapur Quarry Belt using illegal firearms. Looted Rs 66 Lakhs worth of silver ingots and cash bags. Ballistic and biometric samples collected from the scene positively correlate with operatives active across Kalaburagi district.
C3017,2026-01-11,Dharwad,Assault,Santosh Patil,C3007,Demanded Rs 15 Lakhs ransom from the bank branch manager threatening severe bodily harm unless CCTV DVR hard drives from the bank robbery were handed over. Forensic examination confirmed call detail records linking Santosh Patil directly to syndicate kingpin Santosh Patil.
C3018,2026-01-12,Bengaluru,Fraud,Suhail,C3008,Created 316 fraudulent bank accounts using forged biometric Aadhaar credentials. Accounts were utilized by cyber gangs to rapidly layer and withdraw cash. Investigators recovered digital ledger entries and encrypted burner SIM cards matching cross-referenced case files.
C3019,2026-01-12,Mysuru,Robbery,Usman,C3009;C3010,Couried hawala cash bags containing Rs 74 Lakhs between Surathkal Highway Checkpoint and Mumbai jewelry markets to settle trade imbalances generated by contraband exports. Forensic examination confirmed call detail records linking Usman directly to syndicate kingpin Abdul Khader.
C3020,2026-01-13,Hubballi,Vehicle Theft,Syed Ali,C3010,Operated a clandestine chop-shop in Saraswathipuram Main Road dismantling stolen cargo vans and altering engine serial numbers to prevent detection during police inspections. Investigators recovered digital ledger entries and encrypted burner SIM cards matching cross-referenced case files.
C3021,2026-01-14,Mandya,Arson,Anand Verma,C3001;C3011,Armed gang breached a commercial jewelry showroom on Devaraja Urs Road at 02:15 AM using high-pressure oxy-acetylene cutters. Escaped with 111 kg of gold ornaments in a stolen SUV bearing duplicate number plates. Investigators recovered digital ledger entries and encrypted burner SIM cards matching cross-referenced case files.
C3022,2026-01-14,Udupi,Fraud,Rajat,C3002;C3012,Operated an illicit SIM-box gateway in Manipal University Road converting international VOIP calls into local cellular numbers to mask syndicate cyber extortion communications. CCTV surveillance footage captured the suspect coordinating with co-accused operatives before fleeing along regional highway corridors.
C3023,2026-01-15,Mysuru,Money Laundering,Sunny 'DJ',C3003;C3013,Intercepted on Electronic City Phase 2 transporting 110 kg of high-grade synthetic MDMA crystals concealed inside custom-built double-bottom compartments of a luxury vehicle. Forensic examination confirmed call detail records linking Sunny 'DJ' directly to syndicate kingpin Karan 'Bhai' Sharma.
C3024,2026-01-15,Ballari,Smuggling,Kondaiah,C3004,Extorted heavy illegal transport levies from fleet operators carrying excavated iron ore across the Hospet Mining Belt mining belt under explicit threat of armed intervention. CCTV surveillance footage captured the suspect coordinating with co-accused operatives before fleeing along regional highway corridors.
C3025,2026-01-16,Shivamogga,Assault,Basavaraj Naik,C3015,Cultivated 382 acres of illegal cannabis crops hidden deep inside dense forest plantations near Sakleshpur Timber Depot. Distributed weed via timber transport trucks. Ballistic and biometric samples collected from the scene positively correlate with operatives active across Shivamogga district.
C3026,2026-01-17,Kalaburagi,Burglary,Ajay 'Border',C3006;C3016,Seized at Nipani Border Checkpost border checkpoint while transporting 358 factory-made semi-automatic pistols and ammunition concealed inside hidden vehicle compartments. Intelligence inputs confirm the operation was financed using layered cryptocurrency transactions and underground hawala channels.
C3027,2026-01-17,Hubballi,Burglary,Laxman 'Laxi',C3007;C3017,Demanded Rs 51 Lakhs ransom from the bank branch manager threatening severe bodily harm unless CCTV DVR hard drives from the bank robbery were handed over. CCTV surveillance footage captured the suspect coordinating with co-accused operatives before fleeing along regional highway corridors.
C3028,2026-01-18,Tumakuru,Money Laundering,Suhail,C3018,Engineered fraudulent investment trading APK applications. Tricked senior citizens across Electronic City IT Corridor into depositing over Rs 48 Lakhs into compromised mule accounts. Forensic examination confirmed call detail records linking Suhail directly to syndicate kingpin Divya Prakash.
C3029,2026-01-19,Mysuru,Money Laundering,Kader 'Boat',C3019,Senior associate in the hawala syndicate managing real estate front companies along Surathkal Highway Checkpoint to absorb illicit cash inflows extorted from coastal traders. Forensic examination confirmed call detail records linking Kader 'Boat' directly to syndicate kingpin Abdul Khader.
C3030,2026-01-19,Hubballi,Assault,Muralidhar,C3020,Armed gang intercepted a wholesale diamond courier near Peenya Industrial Sheds. Escaped on high-speed modified stolen motorcycles provided by Syed Ali after looting diamond rings. Intelligence inputs confirm the operation was financed using layered cryptocurrency transactions and underground hawala channels.
C3031,2026-01-20,Hassan,Arson,Anand Verma,C3021,Armed gang breached a commercial jewelry showroom on Vijayanagar Industrial Area at 02:15 AM using high-pressure oxy-acetylene cutters. Escaped with 89 kg of gold ornaments in a stolen SUV bearing duplicate number plates. Investigators recovered digital ledger entries and encrypted burner SIM cards matching cross-referenced case files.
C3032,2026-01-21,Udupi,Money Laundering,Zaid Khan,C3002;C3012,Operated an extensive underground hawala transfer hub in Hampankatta Commercial Hub. Laundered Rs 60 Crores generated from ATM skimming operations and offshore crypto routing. Intelligence inputs confirm the operation was financed using layered cryptocurrency transactions and underground hawala channels.
C3033,2026-01-21,Mysuru,Cybercrime,Pooja Hegde,C3003,Intercepted on Koramangala 4th Block transporting 109 kg of high-grade synthetic MDMA crystals concealed inside custom-built double-bottom compartments of a luxury vehicle. CCTV surveillance footage captured the suspect coordinating with co-accused operatives before fleeing along regional highway corridors.
C3034,2026-01-22,Raichur,Assault,Muni 'Rowdy',C3004;C3014,Executed a targeted shooting of a rival transport contractor at a roadside dhaba near Sandur Iron Quarry Road to establish total monopoly over mining transport lines. Investigators recovered digital ledger entries and encrypted burner SIM cards matching cross-referenced case files.
C3035,2026-01-23,Shivamogga,Smuggling,Lokesh,C3005;C3015,Cultivated 300 acres of illegal cannabis crops hidden deep inside dense forest plantations near Sakleshpur Timber Depot. Distributed weed via timber transport trucks. CCTV surveillance footage captured the suspect coordinating with co-accused operatives before fleeing along regional highway corridors.
C3036,2026-01-23,Vijayapura,Arms Trafficking,Tariq Anwar,C3006;C3016;C3017,Arrested carrying country-made carbines and shotguns procured across the state border for distribution to southern crime syndicates operating in Bangalore and Mysuru. Forensic examination confirmed call detail records linking Tariq Anwar directly to syndicate kingpin Tariq Anwar.
C3037,2026-01-24,Dharwad,Extortion,Ravi 'Rambo',C3007;C3027,Nighttime break-in at a commercial cooperative bank branch in Gokul Road Industrial Area. Alarm wiring disabled via insider blueprints; vault door breached via hydraulic spreaders. Forensic examination confirmed call detail records linking Ravi 'Rambo' directly to syndicate kingpin Santosh Patil.
C3038,2026-01-25,Tumakuru,Money Laundering,Tarun 'CA',C3018;C3028,Dark web specialist who developed backend server infrastructure for fake lottery and KYC update scams. Hosted command servers on offshore bulletproof networks. CCTV surveillance footage captured the suspect coordinating with co-accused operatives before fleeing along regional highway corridors.
C3039,2026-01-25,Mysuru,Money Laundering,Rasheed 'Sultaan',C3009;C3029,Contract enforcer carried out a severe blade assault against a customs intelligence officer near Surathkal Highway Checkpoint investigating illegal marine cargo shipments. Intelligence inputs confirm the operation was financed using layered cryptocurrency transactions and underground hawala channels.
C3040,2026-01-26,Hubballi,Robbery,Salman,C3010;C3020;C3030,Armed gang intercepted a wholesale diamond courier near Jayalakshmipuram Ring Road. Escaped on high-speed modified stolen motorcycles provided by Syed Ali after looting diamond rings. Investigators recovered digital ledger entries and encrypted burner SIM cards matching cross-referenced case files.
C3041,2026-01-27,Hassan,Counterfeiting,Raghavendra 'Raghu',C3001;C3002,Set fire to a commercial warehouse near Mandya Highway Godowns after the business owner refused to pay extortion demands issued by the Raju Gowda leadership. Investigators recovered digital ledger entries and encrypted burner SIM cards matching cross-referenced case files.
C3042,2026-01-27,Hubballi,Fraud,Rohan D'Souza,C3002,Installed deep-insert ATM skimming devices and pinhole cameras across bank kiosks in Malpe Harbor Kiosks. Captured magnetic stripe data of over 130 customer accounts. Intelligence inputs confirm the operation was financed using layered cryptocurrency transactions and underground hawala channels.
C3043,2026-01-28,Mysuru,Narcotics,Tenzin,C3024;C3033,Identified as a core distributor supplying synthetic ecstasy and cocaine packages to VIP nightlife patrons across HSR Layout Phase 1. Investigators recovered digital ledger entries and encrypted burner SIM cards matching cross-referenced case files.
C3044,2026-01-28,Raichur,Smuggling,Sekhar,C3014;C3024;C3034,Intercepted near mining checkpost transporting 24 tonnes of illegally excavated iron ore and red sanders timber with fabricated transit documents. Ballistic and biometric samples collected from the scene positively correlate with operatives active across Raichur district.
C3045,2026-01-29,Shivamogga,Narcotics,Gajendra,C3015;C3016,"Attacked forest guards during a midnight anti-poaching patrol near Bhadra Wildlife Corridor using machetes and iron pipes, allowing the timber smuggling convoy to escape. Ballistic and biometric samples collected from the scene positively correlate with operatives active across Shivamogga district."
C3046,2026-01-30,Bidar,Rioting,Tariq Anwar,C3026;C3036,Seized at Bidar Railway Godowns border checkpoint while transporting 43 factory-made semi-automatic pistols and ammunition concealed inside hidden vehicle compartments. Ballistic and biometric samples collected from the scene positively correlate with operatives active across Bidar district.
C3047,2026-01-30,Dharwad,Assault,Raghu 'Lock',C3017;C3037,Specialist locksmith who fabricated duplicate master keys and vault bypass tools utilized by Santosh Patil during commercial bank break-ins across Dharwad Court Road. Ballistic and biometric samples collected from the scene positively correlate with operatives active across Dharwad district.
C3048,2026-01-31,Tumakuru,Extortion,Suhail,C3018;C3028,Supervised call center telecallers in Whitefield Tech Park Road impersonating customs and police officials to extort money from victims under fake parcel seizure threats. CCTV surveillance footage captured the suspect coordinating with co-accused operatives before fleeing along regional highway corridors.
C3049,2026-02-01,Mangaluru,Robbery,Rasheed 'Sultaan',C3009;C3029,Senior associate in the hawala syndicate managing real estate front companies along Surathkal Highway Checkpoint to absorb illicit cash inflows extorted from coastal traders. CCTV surveillance footage captured the suspect coordinating with co-accused operatives before fleeing along regional highway corridors.
C3050,2026-02-01,Bengaluru,Vehicle Theft,Karthik 'Katti',C3010;C3020;C3040,Stole high-performance sports motorcycles and luxury SUVs from hotel parking garages across Gokulam Residential Area. Stolen vehicles were modified for syndicate robbery escapes. Forensic examination confirmed call detail records linking Karthik 'Katti' directly to syndicate kingpin Syed Ali.
C3051,2026-02-02,Hassan,Robbery,Balu 'Cheetah',C3001;C3011;C3031,Raided a clandestine printing press inside an industrial shed producing high-quality fake currency notes of Rs 500 denomination used by syndicate operatives to settle debts. Forensic examination confirmed call detail records linking Balu 'Cheetah' directly to syndicate kingpin Raju Gowda.
C3052,2026-02-03,Mangaluru,Counterfeiting,Zaid Khan,C3022,Operated an illicit SIM-box gateway in Malpe Harbor Kiosks converting international VOIP calls into local cellular numbers to mask syndicate cyber extortion communications. Forensic examination confirmed call detail records linking Zaid Khan directly to syndicate kingpin Zaid Khan.
C3053,2026-02-03,Tumakuru,Cybercrime,Karan 'Bhai' Sharma,C3003;C3043,Intercepted on Indiranagar 100ft Road transporting 83 kg of high-grade synthetic MDMA crystals concealed inside custom-built double-bottom compartments of a luxury vehicle. Ballistic and biometric samples collected from the scene positively correlate with operatives active across Tumakuru district.
C3054,2026-02-04,Ballari,Murder,Reddy 'Dora',C3004;C3034,Intercepted near mining checkpost transporting 105 tonnes of illegally excavated iron ore and red sanders timber with fabricated transit documents. CCTV surveillance footage captured the suspect coordinating with co-accused operatives before fleeing along regional highway corridors.
C3055,2026-02-05,Shivamogga,Narcotics,Gajendra,C3035;C3045,Cultivated 84 acres of illegal cannabis crops hidden deep inside dense forest plantations near Sakleshpur Timber Depot. Distributed weed via timber transport trucks. Ballistic and biometric samples collected from the scene positively correlate with operatives active across Shivamogga district.
C3056,2026-02-05,Bidar,Robbery,Bhimrao,C3006;C3026;C3036,Arrested carrying country-made carbines and shotguns procured across the state border for distribution to southern crime syndicates operating in Bangalore and Mysuru. Ballistic and biometric samples collected from the scene positively correlate with operatives active across Bidar district.
C3057,2026-02-06,Dharwad,Rioting,Laxman 'Laxi',C3007;C3027;C3047,Nighttime break-in at a commercial cooperative bank branch in Hubballi APMC Market Yard. Alarm wiring disabled via insider blueprints; vault door breached via hydraulic spreaders. CCTV surveillance footage captured the suspect coordinating with co-accused operatives before fleeing along regional highway corridors.
C3058,2026-02-07,Tumakuru,Cybercrime,Tarun 'CA',C3008;C3038;C3048;C3057,Dark web specialist who developed backend server infrastructure for fake lottery and KYC update scams. Hosted command servers on offshore bulletproof networks. Ballistic and biometric samples collected from the scene positively correlate with operatives active across Tumakuru district.
C3059,2026-02-07,Udupi,Assault,Yusuf 'Seth',C3029;C3039;C3049,Senior associate in the hawala syndicate managing real estate front companies along Malpe Fishing Dock to absorb illicit cash inflows extorted from coastal traders. Investigators recovered digital ledger entries and encrypted burner SIM cards matching cross-referenced case files.
C3060,2026-02-08,Bengaluru,Vehicle Theft,Somu 'Blade',C3010;C3020;C3050,Armed gang intercepted a wholesale diamond courier near Jayalakshmipuram Ring Road. Escaped on high-speed modified stolen motorcycles provided by Syed Ali after looting diamond rings. Ballistic and biometric samples collected from the scene positively correlate with operatives active across Bengaluru district.
C3061,2026-02-09,Mysuru,Counterfeiting,Anand Verma,C3011;C3021;C3041;C3050,Co-conspirator in the Mandya Highway Godowns vault break-in. Apprehended at a hidden workshop while attempting to melt 28 kg of stolen gold bars into untraceable bullion ingots. Intelligence inputs confirm the operation was financed using layered cryptocurrency transactions and underground hawala channels.
C3062,2026-02-09,Udupi,Fraud,Sameer 'Sam',C3002,Operated an illicit SIM-box gateway in Hampankatta Commercial Hub converting international VOIP calls into local cellular numbers to mask syndicate cyber extortion communications. CCTV surveillance footage captured the suspect coordinating with co-accused operatives before fleeing along regional highway corridors.
C3063,2026-02-10,Mysuru,Narcotics,Sunny 'DJ',C3013;C3024,Coordinated mass phishing SMS bursts targeting net banking users across Karnataka. Utilized compromised mule credentials to layer funds into dark web crypto wallets. CCTV surveillance footage captured the suspect coordinating with co-accused operatives before fleeing along regional highway corridors.
C3064,2026-02-10,Raichur,Assault,Basavanna,C3024;C3034,Executed a targeted shooting of a rival transport contractor at a roadside dhaba near Sandur Iron Quarry Road to establish total monopoly over mining transport lines. Forensic examination confirmed call detail records linking Basavanna directly to syndicate kingpin Reddy 'Dora'.
C3065,2026-02-11,Hassan,Smuggling,Harish 'Ganja',C3005;C3015;C3025;C3034,"Attacked forest guards during a midnight anti-poaching patrol near Bhadra Wildlife Corridor using machetes and iron pipes, allowing the timber smuggling convoy to escape. Intelligence inputs confirm the operation was financed using layered cryptocurrency transactions and underground hawala channels."
C3066,2026-02-12,Bidar,Burglary,Tariq Anwar,C3026;C3056,Extorted protection payments from limestone quarry owners near Nipani Border Checkpost threatening armed sabotage using weapons acquired from Subhash Fauji. Ballistic and biometric samples collected from the scene positively correlate with operatives active across Bidar district.
C3067,2026-02-12,Gadag,Extortion,Laxman 'Laxi',C3038;C3057,Nighttime break-in at a commercial cooperative bank branch in Vidyanagar Bank Circle. Alarm wiring disabled via insider blueprints; vault door breached via hydraulic spreaders. Ballistic and biometric samples collected from the scene positively correlate with operatives active across Gadag district.
C3068,2026-02-13,Tumakuru,Money Laundering,Meghana,C3028;C3038;C3058,Supervised call center telecallers in Jayanagar 9th Block impersonating customs and police officials to extort money from victims under fake parcel seizure threats. Forensic examination confirmed call detail records linking Meghana directly to syndicate kingpin Divya Prakash.
C3069,2026-02-14,Udupi,Assault,Farooq 'Blade',C3019,Fishing trawler captain intercepted off Malpe Fishing Dock while transferring 88 kg of contraband red sanders logs and gold biscuits to international vessels. Investigators recovered digital ledger entries and encrypted burner SIM cards matching cross-referenced case files.
C3070,2026-02-14,Bengaluru,Assault,Imran 'Bike',C3010;C3040;C3060,Enforcer executed a daylight attack against rival vehicle thieves near Jayalakshmipuram Ring Road to establish total monopoly over getaway vehicle supplies for commercial bank robbers. Forensic examination confirmed call detail records linking Imran 'Bike' directly to syndicate kingpin Syed Ali.
C3071,2026-02-15,Mysuru,Counterfeiting,Balu 'Cheetah',C3041;C3061,Armed gang breached a commercial jewelry showroom on Mandya Highway Godowns at 02:15 AM using high-pressure oxy-acetylene cutters. Escaped with 26 kg of gold ornaments in a stolen SUV bearing duplicate number plates. Ballistic and biometric samples collected from the scene positively correlate with operatives active across Mysuru district.
C3072,2026-02-16,Udupi,Cybercrime,Devdas Kamath,C3012;C3042;C3052,Operated an extensive underground hawala transfer hub in Manipal University Road. Laundered Rs 94 Crores generated from ATM skimming operations and offshore crypto routing. CCTV surveillance footage captured the suspect coordinating with co-accused operatives before fleeing along regional highway corridors.
C3073,2026-02-16,Tumakuru,Money Laundering,Pooja Hegde,C3023;C3053,Identified as a core distributor supplying synthetic ecstasy and cocaine packages to VIP nightlife patrons across HSR Layout Phase 1. Intelligence inputs confirm the operation was financed using layered cryptocurrency transactions and underground hawala channels.
C3074,2026-02-17,Ballari,Assault,Veerabhadraappa,C3014;C3024;C3044,Extorted heavy illegal transport levies from fleet operators carrying excavated iron ore across the Ballari APMC Yard mining belt under explicit threat of armed intervention. Investigators recovered digital ledger entries and encrypted burner SIM cards matching cross-referenced case files.
C3075,2026-02-18,Chikkamagaluru,Narcotics,Manja 'Blade',C3045;C3065,"Attacked forest guards during a midnight anti-poaching patrol near Mudigere Plantation Border using machetes and iron pipes, allowing the timber smuggling convoy to escape. Intelligence inputs confirm the operation was financed using layered cryptocurrency transactions and underground hawala channels."
C3076,2026-02-18,Kalaburagi,Arms Trafficking,Dattatreya,C3036;C3056,Seized at Shahapur Quarry Belt border checkpoint while transporting 192 factory-made semi-automatic pistols and ammunition concealed inside hidden vehicle compartments. Intelligence inputs confirm the operation was financed using layered cryptocurrency transactions and underground hawala channels.
C3077,2026-02-19,Gadag,Assault,Ashok 'Auto' Mani,C3037;C3047;C3057,Specialist locksmith who fabricated duplicate master keys and vault bypass tools utilized by Santosh Patil during commercial bank break-ins across Dharwad Court Road. Investigators recovered digital ledger entries and encrypted burner SIM cards matching cross-referenced case files.
C3078,2026-02-20,Tumakuru,Extortion,Suhail,C3018;C3038,Supervised call center telecallers in Jayanagar 9th Block impersonating customs and police officials to extort money from victims under fake parcel seizure threats. Investigators recovered digital ledger entries and encrypted burner SIM cards matching cross-referenced case files.
C3079,2026-02-20,Udupi,Smuggling,Abdul Khader,C3019;C3039;C3040;C3049,Contract enforcer carried out a severe blade assault against a customs intelligence officer near Surathkal Highway Checkpoint investigating illegal marine cargo shipments. Forensic examination confirmed call detail records linking Abdul Khader directly to syndicate kingpin Abdul Khader.
C3080,2026-02-21,Bengaluru,Robbery,Karthik 'Katti',C3020;C3070,Enforcer executed a daylight attack against rival vehicle thieves near Jayalakshmipuram Ring Road to establish total monopoly over getaway vehicle supplies for commercial bank robbers. CCTV surveillance footage captured the suspect coordinating with co-accused operatives before fleeing along regional highway corridors.
C3081,2026-02-22,Hassan,Burglary,Raghavendra 'Raghu',C3031;C3041;C3071,Set fire to a commercial warehouse near Devaraja Urs Road after the business owner refused to pay extortion demands issued by the Raju Gowda leadership. Forensic examination confirmed call detail records linking Raghavendra 'Raghu' directly to syndicate kingpin Raju Gowda.
C3082,2026-02-22,Udupi,Money Laundering,Imran Pasha,C3042,Technical engineer seized with 260 blank NFC-enabled debit cards. Confessed to cloning card dumps harvested via illegal skimming hardware across coastal districts. Investigators recovered digital ledger entries and encrypted burner SIM cards matching cross-referenced case files.
C3083,2026-02-23,Bengaluru,Money Laundering,Tenzin,C3033;C3054,Identified as a core distributor supplying synthetic ecstasy and cocaine packages to VIP nightlife patrons across Koramangala 4th Block. Ballistic and biometric samples collected from the scene positively correlate with operatives active across Bengaluru district.
C3084,2026-02-23,Koppal,Murder,Obalesh,C3064;C3065;C3074,Intercepted near mining checkpost transporting 103 tonnes of illegally excavated iron ore and red sanders timber with fabricated transit documents. CCTV surveillance footage captured the suspect coordinating with co-accused operatives before fleeing along regional highway corridors.
C3085,2026-02-24,Chikkamagaluru,Assault,Dharma,C3025;C3035,Cultivated 191 acres of illegal cannabis crops hidden deep inside dense forest plantations near Sakleshpur Timber Depot. Distributed weed via timber transport trucks. Forensic examination confirmed call detail records linking Dharma directly to syndicate kingpin Nagaraj 'Forest'.
C3086,2026-02-25,Bidar,Burglary,Tariq Anwar,C3026;C3056;C3076,Arrested carrying country-made carbines and shotguns procured across the state border for distribution to southern crime syndicates operating in Bangalore and Mysuru. Ballistic and biometric samples collected from the scene positively correlate with operatives active across Bidar district.
C3087,2026-02-25,Hubballi,Extortion,Ravi 'Rambo',C3027;C3037;C3077,Nighttime break-in at a commercial cooperative bank branch in Gokul Road Industrial Area. Alarm wiring disabled via insider blueprints; vault door breached via hydraulic spreaders. Forensic examination confirmed call detail records linking Ravi 'Rambo' directly to syndicate kingpin Santosh Patil.
C3088,2026-02-26,Tumakuru,Money Laundering,Nitin 'Hacker',C3048;C3058;C3077,Created 286 fraudulent bank accounts using forged biometric Aadhaar credentials. Accounts were utilized by cyber gangs to rapidly layer and withdraw cash. Ballistic and biometric samples collected from the scene positively correlate with operatives active across Tumakuru district.
C3089,2026-02-27,Mysuru,Assault,Usman,C3039,Contract enforcer carried out a severe blade assault against a customs intelligence officer near Surathkal Highway Checkpoint investigating illegal marine cargo shipments. Ballistic and biometric samples collected from the scene positively correlate with operatives active across Mysuru district.
C3090,2026-02-27,Mysuru,Assault,Syed Ali,C3030;C3050;C3060,Armed gang intercepted a wholesale diamond courier near Saraswathipuram Main Road. Escaped on high-speed modified stolen motorcycles provided by Syed Ali after looting diamond rings. Ballistic and biometric samples collected from the scene positively correlate with operatives active across Mysuru district.
C3091,2026-02-28,Mysuru,Robbery,Santhosh 'Oxy',C3041;C3051;C3071,Set fire to a commercial warehouse near Vijayanagar Industrial Area after the business owner refused to pay extortion demands issued by the Raju Gowda leadership. Forensic examination confirmed call detail records linking Santhosh 'Oxy' directly to syndicate kingpin Raju Gowda.
C3092,2026-03-01,Mangaluru,Cybercrime,Sameer 'Sam',C3032;C3082,Operated an extensive underground hawala transfer hub in Malpe Harbor Kiosks. Laundered Rs 73 Crores generated from ATM skimming operations and offshore crypto routing. Intelligence inputs confirm the operation was financed using layered cryptocurrency transactions and underground hawala channels.
C3093,2026-03-01,Mysuru,Cybercrime,Sunny 'DJ',C3063,Chartered accountant arrested for registering shell companies across Electronic City Phase 2 to launder narcotics revenue and cryptocurrency payouts for the Karan Sharma network. Investigators recovered digital ledger entries and encrypted burner SIM cards matching cross-referenced case files.
C3094,2026-03-02,Koppal,Smuggling,Giddaiah,C3084,Intercepted near mining checkpost transporting 65 tonnes of illegally excavated iron ore and red sanders timber with fabricated transit documents. Investigators recovered digital ledger entries and encrypted burner SIM cards matching cross-referenced case files.
C3095,2026-03-03,Shivamogga,Vehicle Theft,Nagaraj 'Forest',C3085,Apprehended inside Bhadra Wildlife Corridor reserve with 115 kg of high-value red sanders logs and wildlife skins destined for coastal export hubs. Investigators recovered digital ledger entries and encrypted burner SIM cards matching cross-referenced case files.
C3096,2026-03-03,Kalaburagi,Robbery,Tariq Anwar,C3046;C3076;C3086,Intercepted a bullion transit vehicle on Shahapur Quarry Belt using illegal firearms. Looted Rs 114 Lakhs worth of silver ingots and cash bags. Intelligence inputs confirm the operation was financed using layered cryptocurrency transactions and underground hawala channels.
C3097,2026-03-04,Hubballi,Rioting,Prakash Jhadav,C3077,Demanded Rs 99 Lakhs ransom from the bank branch manager threatening severe bodily harm unless CCTV DVR hard drives from the bank robbery were handed over. Investigators recovered digital ledger entries and encrypted burner SIM cards matching cross-referenced case files.
C3098,2026-03-05,Bengaluru,Money Laundering,Deepa 'Mam',C3038;C3048;C3058,Dark web specialist who developed backend server infrastructure for fake lottery and KYC update scams. Hosted command servers on offshore bulletproof networks. Forensic examination confirmed call detail records linking Deepa 'Mam' directly to syndicate kingpin Divya Prakash.
C3099,2026-03-05,Udupi,Robbery,Kader 'Boat',C3039;C3049;C3069,Fishing trawler captain intercepted off Malpe Fishing Dock while transferring 73 kg of contraband red sanders logs and gold biscuits to international vessels. Forensic examination confirmed call detail records linking Kader 'Boat' directly to syndicate kingpin Abdul Khader.
C3100,2026-03-06,Mysuru,Assault,Salman,C3040;C3070;C3080;C3089,Operated a clandestine chop-shop in Gokulam Residential Area dismantling stolen cargo vans and altering engine serial numbers to prevent detection during police inspections. Intelligence inputs confirm the operation was financed using layered cryptocurrency transactions and underground hawala channels.
C3101,2026-03-07,Hassan,Counterfeiting,Santhosh 'Oxy',C3061;C3071;C3080;C3081,Set fire to a commercial warehouse near Mandya Highway Godowns after the business owner refused to pay extortion demands issued by the Raju Gowda leadership. Ballistic and biometric samples collected from the scene positively correlate with operatives active across Hassan district.
C3102,2026-03-07,Udupi,Fraud,Imran Pasha,C3062;C3072,Technical engineer seized with 282 blank NFC-enabled debit cards. Confessed to cloning card dumps harvested via illegal skimming hardware across coastal districts. Forensic examination confirmed call detail records linking Imran Pasha directly to syndicate kingpin Zaid Khan.
C3103,2026-03-08,Bengaluru,Narcotics,Karan 'Bhai' Sharma,C3093,Coordinated mass phishing SMS bursts targeting net banking users across Karnataka. Utilized compromised mule credentials to layer funds into dark web crypto wallets. Intelligence inputs confirm the operation was financed using layered cryptocurrency transactions and underground hawala channels.
C3104,2026-03-08,Koppal,Extortion,Basavanna,C3044;C3064;C3084,Carried out brutal rod and club attacks against unionized truck drivers along Toranagallu Highway who refused to pay daily illegal highway extortion tolls. Investigators recovered digital ledger entries and encrypted burner SIM cards matching cross-referenced case files.
C3105,2026-03-09,Shivamogga,Narcotics,Manja 'Blade',C3065,Stole heavy-duty off-road tractors and winches from agricultural estates to drag felled contraband trees through difficult jungle terrain near Bhadra Wildlife Corridor. Ballistic and biometric samples collected from the scene positively correlate with operatives active across Shivamogga district.
C3106,2026-03-10,Belagavi,Robbery,Dattatreya,C3066;C3096;C3105,Seized at Pune-Bangalore Highway NH-4 border checkpoint while transporting 364 factory-made semi-automatic pistols and ammunition concealed inside hidden vehicle compartments. Forensic examination confirmed call detail records linking Dattatreya directly to syndicate kingpin Tariq Anwar.
C3107,2026-03-10,Hubballi,Extortion,Ashok 'Auto' Mani,C3057;C3067,Incited violent mob disturbances in Vidyanagar Bank Circle commercial market area to divert police rapid action teams away from extortion cash drop-offs. Investigators recovered digital ledger entries and encrypted burner SIM cards matching cross-referenced case files.
C3108,2026-03-11,Tumakuru,Fraud,Ramesh Kulkarni,C3078;C3098,Supervised call center telecallers in Jayanagar 9th Block impersonating customs and police officials to extort money from victims under fake parcel seizure threats. Intelligence inputs confirm the operation was financed using layered cryptocurrency transactions and underground hawala channels.
C3109,2026-03-12,Mangaluru,Assault,Rasheed 'Sultaan',C3079;C3089;C3099,Senior associate in the hawala syndicate managing real estate front companies along Old Port Bunder Harbor to absorb illicit cash inflows extorted from coastal traders. Intelligence inputs confirm the operation was financed using layered cryptocurrency transactions and underground hawala channels.
C3110,2026-03-12,Mysuru,Vehicle Theft,Imran 'Bike',C3070,Stole high-performance sports motorcycles and luxury SUVs from hotel parking garages across Gokulam Residential Area. Stolen vehicles were modified for syndicate robbery escapes. CCTV surveillance footage captured the suspect coordinating with co-accused operatives before fleeing along regional highway corridors.
C3111,2026-03-13,Mysuru,Robbery,Gowrish,C3091,Raided a clandestine printing press inside an industrial shed producing high-quality fake currency notes of Rs 500 denomination used by syndicate operatives to settle debts. Forensic examination confirmed call detail records linking Gowrish directly to syndicate kingpin Raju Gowda.
C3112,2026-03-14,Udupi,Cybercrime,Imran Pasha,C3082;C3092,Operated an illicit SIM-box gateway in Manipal University Road converting international VOIP calls into local cellular numbers to mask syndicate cyber extortion communications. Forensic examination confirmed call detail records linking Imran Pasha directly to syndicate kingpin Zaid Khan.
C3113,2026-03-14,Mysuru,Cybercrime,Chandan Kumar,C3073;C3092;C3103,Identified as a core distributor supplying synthetic ecstasy and cocaine packages to VIP nightlife patrons across HSR Layout Phase 1. CCTV surveillance footage captured the suspect coordinating with co-accused operatives before fleeing along regional highway corridors.
C3114,2026-03-15,Koppal,Murder,Kondaiah,C3094,Carried out brutal rod and club attacks against unionized truck drivers along Sandur Iron Quarry Road who refused to pay daily illegal highway extortion tolls. Investigators recovered digital ledger entries and encrypted burner SIM cards matching cross-referenced case files.
C3115,2026-03-16,Shivamogga,Smuggling,Nagaraj 'Forest',C3065,Apprehended inside Agumbe Forest Reserve reserve with 113 kg of high-value red sanders logs and wildlife skins destined for coastal export hubs. CCTV surveillance footage captured the suspect coordinating with co-accused operatives before fleeing along regional highway corridors.
C3116,2026-03-16,Bidar,Rioting,Bhimrao,C3076;C3096;C3106,Arrested carrying country-made carbines and shotguns procured across the state border for distribution to southern crime syndicates operating in Bangalore and Mysuru. CCTV surveillance footage captured the suspect coordinating with co-accused operatives before fleeing along regional highway corridors.
C3117,2026-03-17,Dharwad,Rioting,Laxman 'Laxi',C3077,Incited violent mob disturbances in Dharwad Court Road commercial market area to divert police rapid action teams away from extortion cash drop-offs. Forensic examination confirmed call detail records linking Laxman 'Laxi' directly to syndicate kingpin Santosh Patil.
C3118,2026-03-18,Mysuru,Money Laundering,Divya Prakash,C3098,Supervised call center telecallers in Jayanagar 9th Block impersonating customs and police officials to extort money from victims under fake parcel seizure threats. Forensic examination confirmed call detail records linking Divya Prakash directly to syndicate kingpin Divya Prakash.
C3119,2026-03-18,Udupi,Money Laundering,Usman,C3059;C3069;C3080;C3089,Contract enforcer carried out a severe blade assault against a customs intelligence officer near Old Port Bunder Harbor investigating illegal marine cargo shipments. CCTV surveillance footage captured the suspect coordinating with co-accused operatives before fleeing along regional highway corridors.
C3120,2026-03-19,Bengaluru,Burglary,Farhan 'Auto',C3080;C3090,Stole high-performance sports motorcycles and luxury SUVs from hotel parking garages across Jayalakshmipuram Ring Road. Stolen vehicles were modified for syndicate robbery escapes. Forensic examination confirmed call detail records linking Farhan 'Auto' directly to syndicate kingpin Syed Ali.
C3121,2026-03-20,Hassan,Arson,Gowrish,C3071;C3081;C3101;C3110,Raided a clandestine printing press inside an industrial shed producing high-quality fake currency notes of Rs 500 denomination used by syndicate operatives to settle debts. Forensic examination confirmed call detail records linking Gowrish directly to syndicate kingpin Raju Gowda.
C3122,2026-03-20,Udupi,Fraud,Sameer 'Sam',C3112,Installed deep-insert ATM skimming devices and pinhole cameras across bank kiosks in Malpe Harbor Kiosks. Captured magnetic stripe data of over 225 customer accounts. Forensic examination confirmed call detail records linking Sameer 'Sam' directly to syndicate kingpin Zaid Khan.
C3123,2026-03-21,Mysuru,Arms Trafficking,Pooja Hegde,C3073;C3093,Coordinated mass phishing SMS bursts targeting net banking users across Karnataka. Utilized compromised mule credentials to layer funds into dark web crypto wallets. Forensic examination confirmed call detail records linking Pooja Hegde directly to syndicate kingpin Karan 'Bhai' Sharma.
C3124,2026-03-21,Raichur,Extortion,Kondaiah,C3074;C3094;C3104;C3123,Extorted heavy illegal transport levies from fleet operators carrying excavated iron ore across the Ballari APMC Yard mining belt under explicit threat of armed intervention. Investigators recovered digital ledger entries and encrypted burner SIM cards matching cross-referenced case files.
C3125,2026-03-22,Chikkamagaluru,Narcotics,Dharma,C3075;C3105,Stole heavy-duty off-road tractors and winches from agricultural estates to drag felled contraband trees through difficult jungle terrain near Agumbe Forest Reserve. Intelligence inputs confirm the operation was financed using layered cryptocurrency transactions and underground hawala channels.
C3126,2026-03-23,Bidar,Rioting,Dattatreya,C3106;C3116,Intercepted a bullion transit vehicle on Pune-Bangalore Highway NH-4 using illegal firearms. Looted Rs 117 Lakhs worth of silver ingots and cash bags. Investigators recovered digital ledger entries and encrypted burner SIM cards matching cross-referenced case files.
C3127,2026-03-23,Dharwad,Burglary,Raghu 'Lock',C3067;C3107,Nighttime break-in at a commercial cooperative bank branch in Gokul Road Industrial Area. Alarm wiring disabled via insider blueprints; vault door breached via hydraulic spreaders. Investigators recovered digital ledger entries and encrypted burner SIM cards matching cross-referenced case files.
C3128,2026-03-24,Mysuru,Extortion,Deepa 'Mam',C3068;C3078,Created 67 fraudulent bank accounts using forged biometric Aadhaar credentials. Accounts were utilized by cyber gangs to rapidly layer and withdraw cash. CCTV surveillance footage captured the suspect coordinating with co-accused operatives before fleeing along regional highway corridors.
C3129,2026-03-25,Mysuru,Assault,Farooq 'Blade',C3069;C3079,Fishing trawler captain intercepted off Malpe Fishing Dock while transferring 116 kg of contraband red sanders logs and gold biscuits to international vessels. Investigators recovered digital ledger entries and encrypted burner SIM cards matching cross-referenced case files.
C3130,2026-03-25,Mysuru,Robbery,Salman,C3080;C3100;C3110,Stole high-performance sports motorcycles and luxury SUVs from hotel parking garages across Gokulam Residential Area. Stolen vehicles were modified for syndicate robbery escapes. Investigators recovered digital ledger entries and encrypted burner SIM cards matching cross-referenced case files.
C3131,2026-03-26,Hassan,Arson,Raju Gowda,C3081;C3091;C3130,Set fire to a commercial warehouse near Devaraja Urs Road after the business owner refused to pay extortion demands issued by the Raju Gowda leadership. Intelligence inputs confirm the operation was financed using layered cryptocurrency transactions and underground hawala channels.
C3132,2026-03-27,Hubballi,Cybercrime,Sanath,C3093;C3122,Technical engineer seized with 253 blank NFC-enabled debit cards. Confessed to cloning card dumps harvested via illegal skimming hardware across coastal districts. Investigators recovered digital ledger entries and encrypted burner SIM cards matching cross-referenced case files.
C3133,2026-03-27,Tumakuru,Narcotics,Siddharth Mehta,C3113,Intercepted on HSR Layout Phase 1 transporting 75 kg of high-grade synthetic MDMA crystals concealed inside custom-built double-bottom compartments of a luxury vehicle. CCTV surveillance footage captured the suspect coordinating with co-accused operatives before fleeing along regional highway corridors.
C3134,2026-03-28,Koppal,Murder,Giddaiah,C3094,Extorted heavy illegal transport levies from fleet operators carrying excavated iron ore across the Sandur Iron Quarry Road mining belt under explicit threat of armed intervention. Ballistic and biometric samples collected from the scene positively correlate with operatives active across Koppal district.
C3135,2026-03-29,Hassan,Narcotics,Harish 'Ganja',C3085;C3105;C3125,Apprehended inside Mudigere Plantation Border reserve with 19 kg of high-value red sanders logs and wildlife skins destined for coastal export hubs. Investigators recovered digital ledger entries and encrypted burner SIM cards matching cross-referenced case files.
C3136,2026-03-29,Belagavi,Robbery,Sachin Shinde,C3106;C3116,Extorted protection payments from limestone quarry owners near Shahapur Quarry Belt threatening armed sabotage using weapons acquired from Subhash Fauji. Investigators recovered digital ledger entries and encrypted burner SIM cards matching cross-referenced case files.
C3137,2026-03-30,Dharwad,Rioting,Manjunath 'Sunil' Desai,C3077;C3097;C3127,Specialist locksmith who fabricated duplicate master keys and vault bypass tools utilized by Santosh Patil during commercial bank break-ins across Dharwad Court Road. CCTV surveillance footage captured the suspect coordinating with co-accused operatives before fleeing along regional highway corridors.
C3138,2026-03-31,Mysuru,Cybercrime,Meghana,C3098;C3118,Supervised call center telecallers in Whitefield Tech Park Road impersonating customs and police officials to extort money from victims under fake parcel seizure threats. Investigators recovered digital ledger entries and encrypted burner SIM cards matching cross-referenced case files.
C3139,2026-03-31,Mysuru,Assault,Farooq 'Blade',C3099;C3129,Couried hawala cash bags containing Rs 103 Lakhs between Ullal Beach Road and Mumbai jewelry markets to settle trade imbalances generated by contraband exports. Ballistic and biometric samples collected from the scene positively correlate with operatives active across Mysuru district.
C3140,2026-04-01,Bengaluru,Vehicle Theft,Farhan 'Auto',C3080;C3100;C3110;C3121,Operated a clandestine chop-shop in Gokulam Residential Area dismantling stolen cargo vans and altering engine serial numbers to prevent detection during police inspections. CCTV surveillance footage captured the suspect coordinating with co-accused operatives before fleeing along regional highway corridors.
C3141,2026-04-02,Mysuru,Robbery,Raju Gowda,C3101;C3111;C3131,Armed gang breached a commercial jewelry showroom on Saraswathipuram at 02:15 AM using high-pressure oxy-acetylene cutters. Escaped with 101 kg of gold ornaments in a stolen SUV bearing duplicate number plates. Ballistic and biometric samples collected from the scene positively correlate with operatives active across Mysuru district.
C3142,2026-04-02,Udupi,Fraud,Sanath,C3122,Technical engineer seized with 98 blank NFC-enabled debit cards. Confessed to cloning card dumps harvested via illegal skimming hardware across coastal districts. Forensic examination confirmed call detail records linking Sanath directly to syndicate kingpin Zaid Khan.
C3143,2026-04-03,Tumakuru,Cybercrime,Ayesha 'Queen',C3083;C3103;C3123,Coordinated mass phishing SMS bursts targeting net banking users across Karnataka. Utilized compromised mule credentials to layer funds into dark web crypto wallets. Investigators recovered digital ledger entries and encrypted burner SIM cards matching cross-referenced case files.
C3144,2026-04-03,Ballari,Assault,Obalesh,C3134,Extorted heavy illegal transport levies from fleet operators carrying excavated iron ore across the Sandur Iron Quarry Road mining belt under explicit threat of armed intervention. Forensic examination confirmed call detail records linking Obalesh directly to syndicate kingpin Reddy 'Dora'.
C3145,2026-04-04,Hassan,Narcotics,Dharma,C3135,"Attacked forest guards during a midnight anti-poaching patrol near Sakleshpur Timber Depot using machetes and iron pipes, allowing the timber smuggling convoy to escape. Forensic examination confirmed call detail records linking Dharma directly to syndicate kingpin Nagaraj 'Forest'."
C3146,2026-04-05,Kalaburagi,Robbery,Ganesh 'Gunner',C3106,Arrested carrying country-made carbines and shotguns procured across the state border for distribution to southern crime syndicates operating in Bangalore and Mysuru. Investigators recovered digital ledger entries and encrypted burner SIM cards matching cross-referenced case files.
C3147,2026-04-05,Gadag,Burglary,Santosh Patil,C3117;C3137,Specialist locksmith who fabricated duplicate master keys and vault bypass tools utilized by Santosh Patil during commercial bank break-ins across Vidyanagar Bank Circle. Forensic examination confirmed call detail records linking Santosh Patil directly to syndicate kingpin Santosh Patil.
C3148,2026-04-06,Mysuru,Extortion,Ramesh Kulkarni,C3128,Dark web specialist who developed backend server infrastructure for fake lottery and KYC update scams. Hosted command servers on offshore bulletproof networks. Forensic examination confirmed call detail records linking Ramesh Kulkarni directly to syndicate kingpin Divya Prakash.
C3149,2026-04-07,Mangaluru,Money Laundering,John 'Captain',C3099;C3139,Senior associate in the hawala syndicate managing real estate front companies along Old Port Bunder Harbor to absorb illicit cash inflows extorted from coastal traders. Intelligence inputs confirm the operation was financed using layered cryptocurrency transactions and underground hawala channels.
C3150,2026-04-07,Bengaluru,Burglary,Prashanth 'Pachhi',C3090;C3100;C3130,Operated a clandestine chop-shop in Peenya Industrial Sheds dismantling stolen cargo vans and altering engine serial numbers to prevent detection during police inspections. Intelligence inputs confirm the operation was financed using layered cryptocurrency transactions and underground hawala channels.
C3151,2026-04-08,Mandya,Burglary,Anand Verma,C3091,Raided a clandestine printing press inside an industrial shed producing high-quality fake currency notes of Rs 500 denomination used by syndicate operatives to settle debts. CCTV surveillance footage captured the suspect coordinating with co-accused operatives before fleeing along regional highway corridors.
C3152,2026-04-09,Hubballi,Cybercrime,Srinivas 'Tech',C3112;C3122;C3142,Operated an illicit SIM-box gateway in Manipal University Road converting international VOIP calls into local cellular numbers to mask syndicate cyber extortion communications. Forensic examination confirmed call detail records linking Srinivas 'Tech' directly to syndicate kingpin Zaid Khan.
C3153,2026-04-09,Bengaluru,Money Laundering,Ayesha 'Queen',C3113,Chartered accountant arrested for registering shell companies across Indiranagar 100ft Road to launder narcotics revenue and cryptocurrency payouts for the Karan Sharma network. CCTV surveillance footage captured the suspect coordinating with co-accused operatives before fleeing along regional highway corridors.
C3154,2026-04-10,Ballari,Murder,Muni 'Rowdy',C3104;C3124;C3125,Carried out brutal rod and club attacks against unionized truck drivers along Hospet Mining Belt who refused to pay daily illegal highway extortion tolls. CCTV surveillance footage captured the suspect coordinating with co-accused operatives before fleeing along regional highway corridors.
C3155,2026-04-11,Hassan,Vehicle Theft,Dharma,C3115,Cultivated 121 acres of illegal cannabis crops hidden deep inside dense forest plantations near Agumbe Forest Reserve. Distributed weed via timber transport trucks. CCTV surveillance footage captured the suspect coordinating with co-accused operatives before fleeing along regional highway corridors.
C3156,2026-04-11,Bidar,Rioting,Ganesh 'Gunner',C3096,Extorted protection payments from limestone quarry owners near Pune-Bangalore Highway NH-4 threatening armed sabotage using weapons acquired from Subhash Fauji. Ballistic and biometric samples collected from the scene positively correlate with operatives active across Bidar district.
C3157,2026-04-12,Hubballi,Burglary,Laxman 'Laxi',C3117;C3127;C3147,Nighttime break-in at a commercial cooperative bank branch in Dharwad Court Road. Alarm wiring disabled via insider blueprints; vault door breached via hydraulic spreaders. Ballistic and biometric samples collected from the scene positively correlate with operatives active across Hubballi district.
C3158,2026-04-13,Mysuru,Money Laundering,Divya Prakash,C3138,Created 237 fraudulent bank accounts using forged biometric Aadhaar credentials. Accounts were utilized by cyber gangs to rapidly layer and withdraw cash. Intelligence inputs confirm the operation was financed using layered cryptocurrency transactions and underground hawala channels.
C3159,2026-04-13,Udupi,Assault,Kader 'Boat',C3099;C3109;C3139,Couried hawala cash bags containing Rs 116 Lakhs between Malpe Fishing Dock and Mumbai jewelry markets to settle trade imbalances generated by contraband exports. Intelligence inputs confirm the operation was financed using layered cryptocurrency transactions and underground hawala channels.
C3160,2026-04-14,Bengaluru,Burglary,Prashanth 'Pachhi',C3100;C3140;C3149,Enforcer executed a daylight attack against rival vehicle thieves near Saraswathipuram Main Road to establish total monopoly over getaway vehicle supplies for commercial bank robbers. Intelligence inputs confirm the operation was financed using layered cryptocurrency transactions and underground hawala channels.
C3161,2026-04-15,Mysuru,Counterfeiting,Shiva 'Gas',C3131,Raided a clandestine printing press inside an industrial shed producing high-quality fake currency notes of Rs 500 denomination used by syndicate operatives to settle debts. Intelligence inputs confirm the operation was financed using layered cryptocurrency transactions and underground hawala channels.
C3162,2026-04-15,Udupi,Counterfeiting,Imran Pasha,C3102;C3122,Technical engineer seized with 282 blank NFC-enabled debit cards. Confessed to cloning card dumps harvested via illegal skimming hardware across coastal districts. Ballistic and biometric samples collected from the scene positively correlate with operatives active across Udupi district.
C3163,2026-04-16,Tumakuru,Cybercrime,Chandan Kumar,C3113;C3143,Identified as a core distributor supplying synthetic ecstasy and cocaine packages to VIP nightlife patrons across Koramangala 4th Block. Investigators recovered digital ledger entries and encrypted burner SIM cards matching cross-referenced case files.
C3164,2026-04-16,Ballari,Extortion,Obalesh,C3114;C3134,Carried out brutal rod and club attacks against unionized truck drivers along Ballari APMC Yard who refused to pay daily illegal highway extortion tolls. Intelligence inputs confirm the operation was financed using layered cryptocurrency transactions and underground hawala channels.
C3165,2026-04-17,Chikkamagaluru,Smuggling,Gajendra,C3145,Stole heavy-duty off-road tractors and winches from agricultural estates to drag felled contraband trees through difficult jungle terrain near Mudigere Plantation Border. CCTV surveillance footage captured the suspect coordinating with co-accused operatives before fleeing along regional highway corridors.
C3166,2026-04-18,Vijayapura,Burglary,Dattatreya,C3126;C3136;C3155;C3156,Arrested carrying country-made carbines and shotguns procured across the state border for distribution to southern crime syndicates operating in Bangalore and Mysuru. Ballistic and biometric samples collected from the scene positively correlate with operatives active across Vijayapura district.
C3167,2026-04-18,Gadag,Extortion,Ashok 'Auto' Mani,C3127;C3137,Incited violent mob disturbances in Gokul Road Industrial Area commercial market area to divert police rapid action teams away from extortion cash drop-offs. Intelligence inputs confirm the operation was financed using layered cryptocurrency transactions and underground hawala channels.
C3168,2026-04-19,Mysuru,Extortion,Suhail,C3128;C3157,Supervised call center telecallers in Marathahalli Bridge impersonating customs and police officials to extort money from victims under fake parcel seizure threats. Investigators recovered digital ledger entries and encrypted burner SIM cards matching cross-referenced case files.
C3169,2026-04-20,Mangaluru,Assault,Yusuf 'Seth',C3109;C3119,Contract enforcer carried out a severe blade assault against a customs intelligence officer near Ullal Beach Road investigating illegal marine cargo shipments. Intelligence inputs confirm the operation was financed using layered cryptocurrency transactions and underground hawala channels.
C3170,2026-04-20,Mysuru,Burglary,Syed Ali,C3130;C3139;C3140,Operated a clandestine chop-shop in Saraswathipuram Main Road dismantling stolen cargo vans and altering engine serial numbers to prevent detection during police inspections. CCTV surveillance footage captured the suspect coordinating with co-accused operatives before fleeing along regional highway corridors.
C3171,2026-04-21,Hassan,Robbery,Shiva 'Gas',C3111;C3131,Armed gang breached a commercial jewelry showroom on Saraswathipuram at 02:15 AM using high-pressure oxy-acetylene cutters. Escaped with 83 kg of gold ornaments in a stolen SUV bearing duplicate number plates. Forensic examination confirmed call detail records linking Shiva 'Gas' directly to syndicate kingpin Raju Gowda.
C3172,2026-04-22,Mangaluru,Fraud,Rohan D'Souza,C3142,Operated an extensive underground hawala transfer hub in Manipal University Road. Laundered Rs 19 Crores generated from ATM skimming operations and offshore crypto routing. Ballistic and biometric samples collected from the scene positively correlate with operatives active across Mangaluru district.
C3173,2026-04-22,Tumakuru,Narcotics,Siddharth Mehta,C3143;C3153,Coordinated mass phishing SMS bursts targeting net banking users across Karnataka. Utilized compromised mule credentials to layer funds into dark web crypto wallets. Forensic examination confirmed call detail records linking Siddharth Mehta directly to syndicate kingpin Karan 'Bhai' Sharma.
C3174,2026-04-23,Koppal,Assault,Yellappa,C3114;C3124;C3134,Carried out brutal rod and club attacks against unionized truck drivers along Toranagallu Highway who refused to pay daily illegal highway extortion tolls. CCTV surveillance footage captured the suspect coordinating with co-accused operatives before fleeing along regional highway corridors.
C3175,2026-04-24,Chikkamagaluru,Narcotics,Nagaraj 'Forest',C3115;C3125;C3155,"Attacked forest guards during a midnight anti-poaching patrol near Bhadra Wildlife Corridor using machetes and iron pipes, allowing the timber smuggling convoy to escape. Investigators recovered digital ledger entries and encrypted burner SIM cards matching cross-referenced case files."
C3176,2026-04-24,Bidar,Burglary,Sachin Shinde,C3116;C3156;C3166,Arrested carrying country-made carbines and shotguns procured across the state border for distribution to southern crime syndicates operating in Bangalore and Mysuru. Forensic examination confirmed call detail records linking Sachin Shinde directly to syndicate kingpin Tariq Anwar.
C3177,2026-04-25,Dharwad,Rioting,Ravi 'Rambo',C3117;C3137;C3167,Incited violent mob disturbances in Gokul Road Industrial Area commercial market area to divert police rapid action teams away from extortion cash drop-offs. Investigators recovered digital ledger entries and encrypted burner SIM cards matching cross-referenced case files.
C3178,2026-04-26,Bengaluru,Extortion,Tarun 'CA',C3138;C3148;C3158,Dark web specialist who developed backend server infrastructure for fake lottery and KYC update scams. Hosted command servers on offshore bulletproof networks. Intelligence inputs confirm the operation was financed using layered cryptocurrency transactions and underground hawala channels.
C3179,2026-04-26,Mangaluru,Robbery,Rasheed 'Sultaan',C3158;C3159,Contract enforcer carried out a severe blade assault against a customs intelligence officer near Malpe Fishing Dock investigating illegal marine cargo shipments. Forensic examination confirmed call detail records linking Rasheed 'Sultaan' directly to syndicate kingpin Abdul Khader.
C3180,2026-04-27,Hubballi,Burglary,Salman,C3160,Stole high-performance sports motorcycles and luxury SUVs from hotel parking garages across Saraswathipuram Main Road. Stolen vehicles were modified for syndicate robbery escapes. CCTV surveillance footage captured the suspect coordinating with co-accused operatives before fleeing along regional highway corridors.
C3181,2026-04-28,Mandya,Burglary,Gowrish,C3121;C3171,Armed gang breached a commercial jewelry showroom on Saraswathipuram at 02:15 AM using high-pressure oxy-acetylene cutters. Escaped with 89 kg of gold ornaments in a stolen SUV bearing duplicate number plates. Forensic examination confirmed call detail records linking Gowrish directly to syndicate kingpin Raju Gowda.
C3182,2026-04-28,Udupi,Counterfeiting,Sanath,C3122,Operated an illicit SIM-box gateway in Hampankatta Commercial Hub converting international VOIP calls into local cellular numbers to mask syndicate cyber extortion communications. Investigators recovered digital ledger entries and encrypted burner SIM cards matching cross-referenced case files.
C3183,2026-04-29,Bengaluru,Money Laundering,Ayesha 'Queen',C3153;C3172;C3173,Intercepted on Koramangala 4th Block transporting 83 kg of high-grade synthetic MDMA crystals concealed inside custom-built double-bottom compartments of a luxury vehicle. Intelligence inputs confirm the operation was financed using layered cryptocurrency transactions and underground hawala channels.
C3184,2026-04-29,Ballari,Assault,Veerabhadraappa,C3154;C3164,Executed a targeted shooting of a rival transport contractor at a roadside dhaba near Toranagallu Highway to establish total monopoly over mining transport lines. Ballistic and biometric samples collected from the scene positively correlate with operatives active across Ballari district.
C3185,2026-04-30,Shivamogga,Narcotics,Narasimha,C3125,Stole heavy-duty off-road tractors and winches from agricultural estates to drag felled contraband trees through difficult jungle terrain near Bhadra Wildlife Corridor. Forensic examination confirmed call detail records linking Narasimha directly to syndicate kingpin Nagaraj 'Forest'.
C3186,2026-05-01,Belagavi,Arms Trafficking,Ajay 'Border',C3126;C3136;C3176,Intercepted a bullion transit vehicle on Pune-Bangalore Highway NH-4 using illegal firearms. Looted Rs 111 Lakhs worth of silver ingots and cash bags. Forensic examination confirmed call detail records linking Ajay 'Border' directly to syndicate kingpin Tariq Anwar.
C3187,2026-05-01,Hubballi,Rioting,Ravi 'Rambo',C3147;C3167;C3177,Demanded Rs 67 Lakhs ransom from the bank branch manager threatening severe bodily harm unless CCTV DVR hard drives from the bank robbery were handed over. Ballistic and biometric samples collected from the scene positively correlate with operatives active across Hubballi district.
C3188,2026-05-02,Bengaluru,Cybercrime,Meghana,C3128;C3148;C3158,Supervised call center telecallers in Marathahalli Bridge impersonating customs and police officials to extort money from victims under fake parcel seizure threats. CCTV surveillance footage captured the suspect coordinating with co-accused operatives before fleeing along regional highway corridors.
C3189,2026-05-03,Mangaluru,Assault,Ibrahim 'Press',C3139;C3159;C3169,Contract enforcer carried out a severe blade assault against a customs intelligence officer near Surathkal Highway Checkpoint investigating illegal marine cargo shipments. CCTV surveillance footage captured the suspect coordinating with co-accused operatives before fleeing along regional highway corridors.
C3190,2026-05-03,Bengaluru,Burglary,Farhan 'Auto',C3150,Enforcer executed a daylight attack against rival vehicle thieves near Jayalakshmipuram Ring Road to establish total monopoly over getaway vehicle supplies for commercial bank robbers. Investigators recovered digital ledger entries and encrypted burner SIM cards matching cross-referenced case files.
C3191,2026-05-04,Mysuru,Counterfeiting,Santhosh 'Oxy',C3131;C3141;C3181,Co-conspirator in the Mandya Highway Godowns vault break-in. Apprehended at a hidden workshop while attempting to melt 41 kg of stolen gold bars into untraceable bullion ingots. Ballistic and biometric samples collected from the scene positively correlate with operatives active across Mysuru district.
C3192,2026-05-05,Mangaluru,Money Laundering,Srinivas 'Tech',C3182,Operated an illicit SIM-box gateway in Bunder Port Road converting international VOIP calls into local cellular numbers to mask syndicate cyber extortion communications. Investigators recovered digital ledger entries and encrypted burner SIM cards matching cross-referenced case files.
C3193,2026-05-05,Mysuru,Cybercrime,Tenzin,C3163;C3183,Chartered accountant arrested for registering shell companies across Indiranagar 100ft Road to launder narcotics revenue and cryptocurrency payouts for the Karan Sharma network. Intelligence inputs confirm the operation was financed using layered cryptocurrency transactions and underground hawala channels.
C3194,2026-05-06,Koppal,Smuggling,Reddy 'Dora',C3144;C3154;C3164,Executed a targeted shooting of a rival transport contractor at a roadside dhaba near Hospet Mining Belt to establish total monopoly over mining transport lines. Investigators recovered digital ledger entries and encrypted burner SIM cards matching cross-referenced case files.
C3195,2026-05-07,Shivamogga,Narcotics,Gajendra,C3155;C3165;C3166;C3185,Stole heavy-duty off-road tractors and winches from agricultural estates to drag felled contraband trees through difficult jungle terrain near Agumbe Forest Reserve. Ballistic and biometric samples collected from the scene positively correlate with operatives active across Shivamogga district.
C3196,2026-05-07,Vijayapura,Rioting,Ajay 'Border',C3146;C3166;C3186,Arrested carrying country-made carbines and shotguns procured across the state border for distribution to southern crime syndicates operating in Bangalore and Mysuru. Intelligence inputs confirm the operation was financed using layered cryptocurrency transactions and underground hawala channels.
C3197,2026-05-08,Dharwad,Extortion,Laxman 'Laxi',C3137;C3177;C3187,Nighttime break-in at a commercial cooperative bank branch in Vidyanagar Bank Circle. Alarm wiring disabled via insider blueprints; vault door breached via hydraulic spreaders. CCTV surveillance footage captured the suspect coordinating with co-accused operatives before fleeing along regional highway corridors.
C3198,2026-05-09,Bengaluru,Cybercrime,Divya Prakash,C3138,Supervised call center telecallers in Marathahalli Bridge impersonating customs and police officials to extort money from victims under fake parcel seizure threats. Intelligence inputs confirm the operation was financed using layered cryptocurrency transactions and underground hawala channels.
C3199,2026-05-09,Udupi,Robbery,Abdul Khader,C3139;C3169;C3179;C3180,Fishing trawler captain intercepted off Surathkal Highway Checkpoint while transferring 118 kg of contraband red sanders logs and gold biscuits to international vessels. Forensic examination confirmed call detail records linking Abdul Khader directly to syndicate kingpin Abdul Khader.
C3200,2026-05-10,Mysuru,Burglary,Prashanth 'Pachhi',C3160;C3180;C3190,Stole high-performance sports motorcycles and luxury SUVs from hotel parking garages across Jayalakshmipuram Ring Road. Stolen vehicles were modified for syndicate robbery escapes. Intelligence inputs confirm the operation was financed using layered cryptocurrency transactions and underground hawala channels.
C3201,2026-05-11,Mysuru,Robbery,Suresha,C3191,Armed gang breached a commercial jewelry showroom on Devaraja Urs Road at 02:15 AM using high-pressure oxy-acetylene cutters. Escaped with 66 kg of gold ornaments in a stolen SUV bearing duplicate number plates. CCTV surveillance footage captured the suspect coordinating with co-accused operatives before fleeing along regional highway corridors.
C3202,2026-05-11,Hubballi,Fraud,Zaid Khan,C3192;C3193,Technical engineer seized with 61 blank NFC-enabled debit cards. Confessed to cloning card dumps harvested via illegal skimming hardware across coastal districts. Investigators recovered digital ledger entries and encrypted burner SIM cards matching cross-referenced case files.
C3203,2026-05-12,Bengaluru,Money Laundering,Naveen Raj,C3143;C3163;C3164;C3183,Coordinated mass phishing SMS bursts targeting net banking users across Karnataka. Utilized compromised mule credentials to layer funds into dark web crypto wallets. CCTV surveillance footage captured the suspect coordinating with co-accused operatives before fleeing along regional highway corridors.
C3204,2026-05-12,Ballari,Murder,Sekhar,C3164;C3174;C3184,Carried out brutal rod and club attacks against unionized truck drivers along Hospet Mining Belt who refused to pay daily illegal highway extortion tolls. Ballistic and biometric samples collected from the scene positively correlate with operatives active across Ballari district.
C3205,2026-05-13,Shivamogga,Smuggling,Dharma,C3165,Stole heavy-duty off-road tractors and winches from agricultural estates to drag felled contraband trees through difficult jungle terrain near Sakleshpur Timber Depot. Ballistic and biometric samples collected from the scene positively correlate with operatives active across Shivamogga district.
C3206,2026-05-14,Bidar,Rioting,Bhimrao,C3156;C3176,Extorted protection payments from limestone quarry owners near Nipani Border Checkpost threatening armed sabotage using weapons acquired from Subhash Fauji. Ballistic and biometric samples collected from the scene positively correlate with operatives active across Bidar district.
C3207,2026-05-14,Hubballi,Burglary,Santosh Patil,C3177,Demanded Rs 55 Lakhs ransom from the bank branch manager threatening severe bodily harm unless CCTV DVR hard drives from the bank robbery were handed over. Forensic examination confirmed call detail records linking Santosh Patil directly to syndicate kingpin Santosh Patil.
C3208,2026-05-15,Bengaluru,Fraud,Meghana,C3148;C3168;C3207,Supervised call center telecallers in Jayanagar 9th Block impersonating customs and police officials to extort money from victims under fake parcel seizure threats. Forensic examination confirmed call detail records linking Meghana directly to syndicate kingpin Divya Prakash.
C3209,2026-05-16,Udupi,Smuggling,Ibrahim 'Press',C3149;C3179,Couried hawala cash bags containing Rs 107 Lakhs between Old Port Bunder Harbor and Mumbai jewelry markets to settle trade imbalances generated by contraband exports. Investigators recovered digital ledger entries and encrypted burner SIM cards matching cross-referenced case files.
C3210,2026-05-16,Hubballi,Burglary,Imran 'Bike',C3170,Enforcer executed a daylight attack against rival vehicle thieves near Peenya Industrial Sheds to establish total monopoly over getaway vehicle supplies for commercial bank robbers. CCTV surveillance footage captured the suspect coordinating with co-accused operatives before fleeing along regional highway corridors.
C3211,2026-05-17,Mandya,Arson,Suresha,C3171,Co-conspirator in the Mandya Highway Godowns vault break-in. Apprehended at a hidden workshop while attempting to melt 91 kg of stolen gold bars into untraceable bullion ingots. Investigators recovered digital ledger entries and encrypted burner SIM cards matching cross-referenced case files.
C3212,2026-05-18,Udupi,Cybercrime,Zaid Khan,C3182,Operated an illicit SIM-box gateway in Manipal University Road converting international VOIP calls into local cellular numbers to mask syndicate cyber extortion communications. CCTV surveillance footage captured the suspect coordinating with co-accused operatives before fleeing along regional highway corridors.
C3213,2026-05-18,Tumakuru,Cybercrime,Chandan Kumar,C3163;C3173;C3183;C3194,Chartered accountant arrested for registering shell companies across HSR Layout Phase 1 to launder narcotics revenue and cryptocurrency payouts for the Karan Sharma network. Investigators recovered digital ledger entries and encrypted burner SIM cards matching cross-referenced case files.
C3214,2026-05-19,Koppal,Smuggling,Basavanna,C3154;C3183;C3194,Executed a targeted shooting of a rival transport contractor at a roadside dhaba near Toranagallu Highway to establish total monopoly over mining transport lines. Ballistic and biometric samples collected from the scene positively correlate with operatives active across Koppal district.
C3215,2026-05-20,Hassan,Smuggling,Dharma,C3185;C3186;C3205,Cultivated 256 acres of illegal cannabis crops hidden deep inside dense forest plantations near Agumbe Forest Reserve. Distributed weed via timber transport trucks. CCTV surveillance footage captured the suspect coordinating with co-accused operatives before fleeing along regional highway corridors.
C3216,2026-05-20,Belagavi,Rioting,Ganesh 'Gunner',C3186;C3196;C3206,Arrested carrying country-made carbines and shotguns procured across the state border for distribution to southern crime syndicates operating in Bangalore and Mysuru. Investigators recovered digital ledger entries and encrypted burner SIM cards matching cross-referenced case files.
C3217,2026-05-21,Gadag,Rioting,Laxman 'Laxi',C3197,Specialist locksmith who fabricated duplicate master keys and vault bypass tools utilized by Santosh Patil during commercial bank break-ins across Gokul Road Industrial Area. Forensic examination confirmed call detail records linking Laxman 'Laxi' directly to syndicate kingpin Santosh Patil.
C3218,2026-05-22,Bengaluru,Fraud,Ananya 'CA',C3168;C3198;C3208,Supervised call center telecallers in Jayanagar 9th Block impersonating customs and police officials to extort money from victims under fake parcel seizure threats. Intelligence inputs confirm the operation was financed using layered cryptocurrency transactions and underground hawala channels.
C3219,2026-05-22,Mysuru,Money Laundering,Farooq 'Blade',C3159;C3179,Fishing trawler captain intercepted off Old Port Bunder Harbor while transferring 108 kg of contraband red sanders logs and gold biscuits to international vessels. Ballistic and biometric samples collected from the scene positively correlate with operatives active across Mysuru district.
C3220,2026-05-23,Bengaluru,Robbery,Imran 'Bike',C3180;C3190;C3201;C3210,Stole high-performance sports motorcycles and luxury SUVs from hotel parking garages across Jayalakshmipuram Ring Road. Stolen vehicles were modified for syndicate robbery escapes. Forensic examination confirmed call detail records linking Imran 'Bike' directly to syndicate kingpin Syed Ali.
C3221,2026-05-24,Mysuru,Counterfeiting,Gowrish,C3211,Co-conspirator in the Saraswathipuram vault break-in. Apprehended at a hidden workshop while attempting to melt 57 kg of stolen gold bars into untraceable bullion ingots. CCTV surveillance footage captured the suspect coordinating with co-accused operatives before fleeing along regional highway corridors.
C3222,2026-05-24,Udupi,Money Laundering,Srinivas 'Tech',C3172,Operated an illicit SIM-box gateway in Malpe Harbor Kiosks converting international VOIP calls into local cellular numbers to mask syndicate cyber extortion communications. Intelligence inputs confirm the operation was financed using layered cryptocurrency transactions and underground hawala channels.
C3223,2026-05-25,Bengaluru,Money Laundering,Ayesha 'Queen',C3213,Chartered accountant arrested for registering shell companies across Electronic City Phase 2 to launder narcotics revenue and cryptocurrency payouts for the Karan Sharma network. Intelligence inputs confirm the operation was financed using layered cryptocurrency transactions and underground hawala channels.
C3224,2026-05-25,Ballari,Murder,Obalesh,C3184,Executed a targeted shooting of a rival transport contractor at a roadside dhaba near Sandur Iron Quarry Road to establish total monopoly over mining transport lines. Intelligence inputs confirm the operation was financed using layered cryptocurrency transactions and underground hawala channels.
C3225,2026-05-26,Chikkamagaluru,Smuggling,Dharma,C3175;C3205,Cultivated 108 acres of illegal cannabis crops hidden deep inside dense forest plantations near Bhadra Wildlife Corridor. Distributed weed via timber transport trucks. Ballistic and biometric samples collected from the scene positively correlate with operatives active across Chikkamagaluru district.
C3226,2026-05-27,Belagavi,Robbery,Subhash 'Fauji',C3176;C3216,Extorted protection payments from limestone quarry owners near Pune-Bangalore Highway NH-4 threatening armed sabotage using weapons acquired from Subhash Fauji. CCTV surveillance footage captured the suspect coordinating with co-accused operatives before fleeing along regional highway corridors.
C3227,2026-05-27,Hubballi,Assault,Ravi 'Rambo',C3177;C3207;C3217,Demanded Rs 55 Lakhs ransom from the bank branch manager threatening severe bodily harm unless CCTV DVR hard drives from the bank robbery were handed over. Intelligence inputs confirm the operation was financed using layered cryptocurrency transactions and underground hawala channels.
C3228,2026-05-28,Bengaluru,Money Laundering,Meghana,C3178,Supervised call center telecallers in Jayanagar 9th Block impersonating customs and police officials to extort money from victims under fake parcel seizure threats. CCTV surveillance footage captured the suspect coordinating with co-accused operatives before fleeing along regional highway corridors.
C3229,2026-05-29,Mysuru,Robbery,Farooq 'Blade',C3169;C3179;C3189;C3218,Contract enforcer carried out a severe blade assault against a customs intelligence officer near Surathkal Highway Checkpoint investigating illegal marine cargo shipments. CCTV surveillance footage captured the suspect coordinating with co-accused operatives before fleeing along regional highway corridors.
C3230,2026-05-29,Hubballi,Vehicle Theft,Farhan 'Auto',C3170;C3190;C3210,Enforcer executed a daylight attack against rival vehicle thieves near Peenya Industrial Sheds to establish total monopoly over getaway vehicle supplies for commercial bank robbers. Investigators recovered digital ledger entries and encrypted burner SIM cards matching cross-referenced case files.
C3231,2026-05-30,Mandya,Burglary,Shiva 'Gas',C3201,Armed gang breached a commercial jewelry showroom on Saraswathipuram at 02:15 AM using high-pressure oxy-acetylene cutters. Escaped with 41 kg of gold ornaments in a stolen SUV bearing duplicate number plates. Intelligence inputs confirm the operation was financed using layered cryptocurrency transactions and underground hawala channels.
C3232,2026-05-31,Hubballi,Counterfeiting,Sanath,C3182;C3202;C3212,Operated an extensive underground hawala transfer hub in Hampankatta Commercial Hub. Laundered Rs 87 Crores generated from ATM skimming operations and offshore crypto routing. Intelligence inputs confirm the operation was financed using layered cryptocurrency transactions and underground hawala channels.
C3233,2026-05-31,Mysuru,Cybercrime,Sunny 'DJ',C3193;C3213,Intercepted on Koramangala 4th Block transporting 111 kg of high-grade synthetic MDMA crystals concealed inside custom-built double-bottom compartments of a luxury vehicle. CCTV surveillance footage captured the suspect coordinating with co-accused operatives before fleeing along regional highway corridors.
C3234,2026-06-01,Ballari,Murder,Kondaiah,C3184;C3214;C3224,Carried out brutal rod and club attacks against unionized truck drivers along Ballari APMC Yard who refused to pay daily illegal highway extortion tolls. Intelligence inputs confirm the operation was financed using layered cryptocurrency transactions and underground hawala channels.
C3235,2026-06-02,Hassan,Narcotics,Lokesh,C3175;C3225,Cultivated 289 acres of illegal cannabis crops hidden deep inside dense forest plantations near Sakleshpur Timber Depot. Distributed weed via timber transport trucks. Ballistic and biometric samples collected from the scene positively correlate with operatives active across Hassan district.
C3236,2026-06-02,Belagavi,Arms Trafficking,Ganesh 'Gunner',C3176;C3196;C3226,Extorted protection payments from limestone quarry owners near Pune-Bangalore Highway NH-4 threatening armed sabotage using weapons acquired from Subhash Fauji. CCTV surveillance footage captured the suspect coordinating with co-accused operatives before fleeing along regional highway corridors.
C3237,2026-06-03,Dharwad,Rioting,Vinay 'Vinu',C3187;C3207;C3217,Nighttime break-in at a commercial cooperative bank branch in Vidyanagar Bank Circle. Alarm wiring disabled via insider blueprints; vault door breached via hydraulic spreaders. CCTV surveillance footage captured the suspect coordinating with co-accused operatives before fleeing along regional highway corridors.
C3238,2026-06-04,Bengaluru,Fraud,Deepa 'Mam',C3178;C3208,Supervised call center telecallers in Electronic City IT Corridor impersonating customs and police officials to extort money from victims under fake parcel seizure threats. Ballistic and biometric samples collected from the scene positively correlate with operatives active across Bengaluru district.
C3239,2026-06-04,Mangaluru,Assault,Abdul Khader,C3179;C3199,Contract enforcer carried out a severe blade assault against a customs intelligence officer near Old Port Bunder Harbor investigating illegal marine cargo shipments. Ballistic and biometric samples collected from the scene positively correlate with operatives active across Mangaluru district.
C3240,2026-06-05,Hubballi,Burglary,Muralidhar,C3180;C3190;C3230,Operated a clandestine chop-shop in Peenya Industrial Sheds dismantling stolen cargo vans and altering engine serial numbers to prevent detection during police inspections. CCTV surveillance footage captured the suspect coordinating with co-accused operatives before fleeing along regional highway corridors.
C3241,2026-06-06,Mysuru,Burglary,Suresha,C3211,Set fire to a commercial warehouse near Devaraja Urs Road after the business owner refused to pay extortion demands issued by the Raju Gowda leadership. Forensic examination confirmed call detail records linking Suresha directly to syndicate kingpin Raju Gowda.
C3242,2026-06-06,Hubballi,Cybercrime,Zaid Khan,C3192;C3202,Operated an extensive underground hawala transfer hub in Bunder Port Road. Laundered Rs 23 Crores generated from ATM skimming operations and offshore crypto routing. Intelligence inputs confirm the operation was financed using layered cryptocurrency transactions and underground hawala channels.
C3243,2026-06-07,Bengaluru,Cybercrime,Sunny 'DJ',C3233,Identified as a core distributor supplying synthetic ecstasy and cocaine packages to VIP nightlife patrons across HSR Layout Phase 1. Forensic examination confirmed call detail records linking Sunny 'DJ' directly to syndicate kingpin Karan 'Bhai' Sharma.
C3244,2026-06-07,Ballari,Extortion,Basavanna,C3204;C3214,Carried out brutal rod and club attacks against unionized truck drivers along Sandur Iron Quarry Road who refused to pay daily illegal highway extortion tolls. Investigators recovered digital ledger entries and encrypted burner SIM cards matching cross-referenced case files.
C3245,2026-06-08,Hassan,Narcotics,Narasimha,C3235,"Attacked forest guards during a midnight anti-poaching patrol near Agumbe Forest Reserve using machetes and iron pipes, allowing the timber smuggling convoy to escape. Ballistic and biometric samples collected from the scene positively correlate with operatives active across Hassan district."
C3246,2026-06-09,Belagavi,Robbery,Suresh Kumar,C3216,Seized at Nipani Border Checkpost border checkpoint while transporting 202 factory-made semi-automatic pistols and ammunition concealed inside hidden vehicle compartments. Investigators recovered digital ledger entries and encrypted burner SIM cards matching cross-referenced case files.
C3247,2026-06-09,Dharwad,Assault,Ravi 'Rambo',C3217,Nighttime break-in at a commercial cooperative bank branch in Vidyanagar Bank Circle. Alarm wiring disabled via insider blueprints; vault door breached via hydraulic spreaders. Forensic examination confirmed call detail records linking Ravi 'Rambo' directly to syndicate kingpin Santosh Patil.
C3248,2026-06-10,Mysuru,Cybercrime,Divya Prakash,C3218,Supervised call center telecallers in Jayanagar 9th Block impersonating customs and police officials to extort money from victims under fake parcel seizure threats. Forensic examination confirmed call detail records linking Divya Prakash directly to syndicate kingpin Divya Prakash.
C3249,2026-06-11,Mysuru,Money Laundering,Rasheed 'Sultaan',C3229,Contract enforcer carried out a severe blade assault against a customs intelligence officer near Malpe Fishing Dock investigating illegal marine cargo shipments. Forensic examination confirmed call detail records linking Rasheed 'Sultaan' directly to syndicate kingpin Abdul Khader.
C3250,2026-06-11,Bengaluru,Assault,Somu 'Blade',C3190,Enforcer executed a daylight attack against rival vehicle thieves near Gokulam Residential Area to establish total monopoly over getaway vehicle supplies for commercial bank robbers. Intelligence inputs confirm the operation was financed using layered cryptocurrency transactions and underground hawala channels.
C3251,2026-06-12,Mysuru,Counterfeiting,Gowrish,C3191;C3201;C3231,Armed gang breached a commercial jewelry showroom on Saraswathipuram at 02:15 AM using high-pressure oxy-acetylene cutters. Escaped with 78 kg of gold ornaments in a stolen SUV bearing duplicate number plates. Intelligence inputs confirm the operation was financed using layered cryptocurrency transactions and underground hawala channels.
C3252,2026-06-13,Hubballi,Counterfeiting,Rohan D'Souza,C3192;C3212;C3232,Operated an illicit SIM-box gateway in Manipal University Road converting international VOIP calls into local cellular numbers to mask syndicate cyber extortion communications. Ballistic and biometric samples collected from the scene positively correlate with operatives active across Hubballi district.
C3253,2026-06-13,Tumakuru,Narcotics,Chandan Kumar,C3193;C3223,Coordinated mass phishing SMS bursts targeting net banking users across Karnataka. Utilized compromised mule credentials to layer funds into dark web crypto wallets. Forensic examination confirmed call detail records linking Chandan Kumar directly to syndicate kingpin Karan 'Bhai' Sharma.
C3254,2026-06-14,Raichur,Extortion,Veerabhadraappa,C3194,Executed a targeted shooting of a rival transport contractor at a roadside dhaba near Sandur Iron Quarry Road to establish total monopoly over mining transport lines. Investigators recovered digital ledger entries and encrypted burner SIM cards matching cross-referenced case files.
C3255,2026-06-15,Shivamogga,Vehicle Theft,Harish 'Ganja',C3215;C3245,Apprehended inside Sakleshpur Timber Depot reserve with 30 kg of high-value red sanders logs and wildlife skins destined for coastal export hubs. Forensic examination confirmed call detail records linking Harish 'Ganja' directly to syndicate kingpin Nagaraj 'Forest'.
C3256,2026-06-15,Kalaburagi,Robbery,Suresh Kumar,C3196;C3226,Arrested carrying country-made carbines and shotguns procured across the state border for distribution to southern crime syndicates operating in Bangalore and Mysuru. CCTV surveillance footage captured the suspect coordinating with co-accused operatives before fleeing along regional highway corridors.
C3257,2026-06-16,Hubballi,Rioting,Laxman 'Laxi',C3237;C3247,Incited violent mob disturbances in Dharwad Court Road commercial market area to divert police rapid action teams away from extortion cash drop-offs. Investigators recovered digital ledger entries and encrypted burner SIM cards matching cross-referenced case files.
C3258,2026-06-17,Tumakuru,Cybercrime,Meghana,C3208,Engineered fraudulent investment trading APK applications. Tricked senior citizens across Marathahalli Bridge into depositing over Rs 15 Lakhs into compromised mule accounts. CCTV surveillance footage captured the suspect coordinating with co-accused operatives before fleeing along regional highway corridors.
C3259,2026-06-17,Mysuru,Assault,Abdul Khader,C3209;C3229;C3239,Contract enforcer carried out a severe blade assault against a customs intelligence officer near Malpe Fishing Dock investigating illegal marine cargo shipments. Investigators recovered digital ledger entries and encrypted burner SIM cards matching cross-referenced case files.
C3260,2026-06-18,Hubballi,Assault,Farhan 'Auto',C3200;C3250,Operated a clandestine chop-shop in Saraswathipuram Main Road dismantling stolen cargo vans and altering engine serial numbers to prevent detection during police inspections. Intelligence inputs confirm the operation was financed using layered cryptocurrency transactions and underground hawala channels.
C3261,2026-06-19,Mysuru,Arson,Raghavendra 'Raghu',C3221,Raided a clandestine printing press inside an industrial shed producing high-quality fake currency notes of Rs 500 denomination used by syndicate operatives to settle debts. Ballistic and biometric samples collected from the scene positively correlate with operatives active across Mysuru district.
C3262,2026-06-19,Udupi,Fraud,Imran Pasha,C3212,Installed deep-insert ATM skimming devices and pinhole cameras across bank kiosks in Bunder Port Road. Captured magnetic stripe data of over 124 customer accounts. CCTV surveillance footage captured the suspect coordinating with co-accused operatives before fleeing along regional highway corridors.
C3263,2026-06-20,Mysuru,Arms Trafficking,Chandan Kumar,C3213;C3233,Chartered accountant arrested for registering shell companies across Electronic City Phase 2 to launder narcotics revenue and cryptocurrency payouts for the Karan Sharma network. Ballistic and biometric samples collected from the scene positively correlate with operatives active across Mysuru district.
C3264,2026-06-20,Raichur,Extortion,Giddaiah,C3204,Intercepted near mining checkpost transporting 80 tonnes of illegally excavated iron ore and red sanders timber with fabricated transit documents. Ballistic and biometric samples collected from the scene positively correlate with operatives active across Raichur district.
C3265,2026-06-21,Chikkamagaluru,Assault,Nagaraj 'Forest',C3235;C3245,"Attacked forest guards during a midnight anti-poaching patrol near Bhadra Wildlife Corridor using machetes and iron pipes, allowing the timber smuggling convoy to escape. Investigators recovered digital ledger entries and encrypted burner SIM cards matching cross-referenced case files."
C3266,2026-06-22,Belagavi,Arms Trafficking,Tariq Anwar,C3216;C3247,Seized at Shahapur Quarry Belt border checkpoint while transporting 78 factory-made semi-automatic pistols and ammunition concealed inside hidden vehicle compartments. Forensic examination confirmed call detail records linking Tariq Anwar directly to syndicate kingpin Tariq Anwar.
C3267,2026-06-22,Hubballi,Extortion,Ashok 'Auto' Mani,C3207,Incited violent mob disturbances in Vidyanagar Bank Circle commercial market area to divert police rapid action teams away from extortion cash drop-offs. Forensic examination confirmed call detail records linking Ashok 'Auto' Mani directly to syndicate kingpin Santosh Patil.
C3268,2026-06-23,Bengaluru,Extortion,Meghana,C3208;C3238,Dark web specialist who developed backend server infrastructure for fake lottery and KYC update scams. Hosted command servers on offshore bulletproof networks. Ballistic and biometric samples collected from the scene positively correlate with operatives active across Bengaluru district.
C3269,2026-06-24,Udupi,Robbery,Farooq 'Blade',C3219;C3249;C3259,Couried hawala cash bags containing Rs 85 Lakhs between Surathkal Highway Checkpoint and Mumbai jewelry markets to settle trade imbalances generated by contraband exports. Forensic examination confirmed call detail records linking Farooq 'Blade' directly to syndicate kingpin Abdul Khader.
C3270,2026-06-24,Mysuru,Robbery,Salman,C3260,Operated a clandestine chop-shop in Gokulam Residential Area dismantling stolen cargo vans and altering engine serial numbers to prevent detection during police inspections. Ballistic and biometric samples collected from the scene positively correlate with operatives active across Mysuru district.
C3271,2026-06-25,Mandya,Arson,Santhosh 'Oxy',C3231;C3241;C3242;C3261,Armed gang breached a commercial jewelry showroom on Vijayanagar Industrial Area at 02:15 AM using high-pressure oxy-acetylene cutters. Escaped with 22 kg of gold ornaments in a stolen SUV bearing duplicate number plates. Intelligence inputs confirm the operation was financed using layered cryptocurrency transactions and underground hawala channels.
C3272,2026-06-26,Udupi,Money Laundering,Imran Pasha,C3262,Installed deep-insert ATM skimming devices and pinhole cameras across bank kiosks in Bunder Port Road. Captured magnetic stripe data of over 448 customer accounts. CCTV surveillance footage captured the suspect coordinating with co-accused operatives before fleeing along regional highway corridors.
C3273,2026-06-26,Mysuru,Cybercrime,Chandan Kumar,C3233;C3263,Intercepted on Indiranagar 100ft Road transporting 87 kg of high-grade synthetic MDMA crystals concealed inside custom-built double-bottom compartments of a luxury vehicle. Investigators recovered digital ledger entries and encrypted burner SIM cards matching cross-referenced case files.
C3274,2026-06-27,Raichur,Assault,Obalesh,C3224;C3234;C3244;C3253,Carried out brutal rod and club attacks against unionized truck drivers along Hospet Mining Belt who refused to pay daily illegal highway extortion tolls. Forensic examination confirmed call detail records linking Obalesh directly to syndicate kingpin Reddy 'Dora'.
C3275,2026-06-28,Chikkamagaluru,Assault,Manja 'Blade',C3215;C3225;C3235;C3244,Cultivated 400 acres of illegal cannabis crops hidden deep inside dense forest plantations near Bhadra Wildlife Corridor. Distributed weed via timber transport trucks. CCTV surveillance footage captured the suspect coordinating with co-accused operatives before fleeing along regional highway corridors.
C3276,2026-06-28,Belagavi,Burglary,Subhash 'Fauji',C3266,Extorted protection payments from limestone quarry owners near Shahapur Quarry Belt threatening armed sabotage using weapons acquired from Subhash Fauji. Intelligence inputs confirm the operation was financed using layered cryptocurrency transactions and underground hawala channels.
C3277,2026-06-29,Gadag,Rioting,Laxman 'Laxi',C3247,Incited violent mob disturbances in Hubballi APMC Market Yard commercial market area to divert police rapid action teams away from extortion cash drop-offs. Forensic examination confirmed call detail records linking Laxman 'Laxi' directly to syndicate kingpin Santosh Patil.
C3278,2026-06-30,Tumakuru,Extortion,Suhail,C3218;C3228;C3238,Dark web specialist who developed backend server infrastructure for fake lottery and KYC update scams. Hosted command servers on offshore bulletproof networks. Ballistic and biometric samples collected from the scene positively correlate with operatives active across Tumakuru district.
C3279,2026-06-30,Mysuru,Smuggling,Rasheed 'Sultaan',C3269,Fishing trawler captain intercepted off Malpe Fishing Dock while transferring 72 kg of contraband red sanders logs and gold biscuits to international vessels. Ballistic and biometric samples collected from the scene positively correlate with operatives active across Mysuru district.
C3280,2026-07-01,Mysuru,Burglary,Farhan 'Auto',C3220;C3270;C3271,Operated a clandestine chop-shop in Saraswathipuram Main Road dismantling stolen cargo vans and altering engine serial numbers to prevent detection during police inspections. Ballistic and biometric samples collected from the scene positively correlate with operatives active across Mysuru district.
C3281,2026-07-02,Hassan,Arson,Raju Gowda,C3231;C3250;C3261,Raided a clandestine printing press inside an industrial shed producing high-quality fake currency notes of Rs 500 denomination used by syndicate operatives to settle debts. Forensic examination confirmed call detail records linking Raju Gowda directly to syndicate kingpin Raju Gowda.
C3282,2026-07-02,Mangaluru,Counterfeiting,Devdas Kamath,C3271;C3272,Operated an illicit SIM-box gateway in Hampankatta Commercial Hub converting international VOIP calls into local cellular numbers to mask syndicate cyber extortion communications. Investigators recovered digital ledger entries and encrypted burner SIM cards matching cross-referenced case files.
C3283,2026-07-03,Tumakuru,Money Laundering,Naveen Raj,C3233;C3273,Chartered accountant arrested for registering shell companies across Indiranagar 100ft Road to launder narcotics revenue and cryptocurrency payouts for the Karan Sharma network. Forensic examination confirmed call detail records linking Naveen Raj directly to syndicate kingpin Karan 'Bhai' Sharma.
C3284,2026-07-03,Ballari,Smuggling,Obalesh,C3224,Executed a targeted shooting of a rival transport contractor at a roadside dhaba near Hospet Mining Belt to establish total monopoly over mining transport lines. Intelligence inputs confirm the operation was financed using layered cryptocurrency transactions and underground hawala channels.
C3285,2026-07-04,Chikkamagaluru,Assault,Nagaraj 'Forest',C3235,Apprehended inside Mudigere Plantation Border reserve with 29 kg of high-value red sanders logs and wildlife skins destined for coastal export hubs. CCTV surveillance footage captured the suspect coordinating with co-accused operatives before fleeing along regional highway corridors.
C3286,2026-07-05,Bidar,Rioting,Sachin Shinde,C3276,Intercepted a bullion transit vehicle on Shahapur Quarry Belt using illegal firearms. Looted Rs 63 Lakhs worth of silver ingots and cash bags. Investigators recovered digital ledger entries and encrypted burner SIM cards matching cross-referenced case files.
C3287,2026-07-05,Dharwad,Burglary,Ashok 'Auto' Mani,C3237;C3247,Demanded Rs 25 Lakhs ransom from the bank branch manager threatening severe bodily harm unless CCTV DVR hard drives from the bank robbery were handed over. Ballistic and biometric samples collected from the scene positively correlate with operatives active across Dharwad district.
C3288,2026-07-06,Tumakuru,Extortion,Ananya 'CA',C3268;C3279,Supervised call center telecallers in Electronic City IT Corridor impersonating customs and police officials to extort money from victims under fake parcel seizure threats. Forensic examination confirmed call detail records linking Ananya 'CA' directly to syndicate kingpin Divya Prakash.
C3289,2026-07-07,Udupi,Smuggling,Kader 'Boat',C3239;C3260;C3269;C3279,Contract enforcer carried out a severe blade assault against a customs intelligence officer near Ullal Beach Road investigating illegal marine cargo shipments. Investigators recovered digital ledger entries and encrypted burner SIM cards matching cross-referenced case files.
C3290,2026-07-07,Mysuru,Assault,Syed Ali,C3240;C3260;C3270,Armed gang intercepted a wholesale diamond courier near Jayalakshmipuram Ring Road. Escaped on high-speed modified stolen motorcycles provided by Syed Ali after looting diamond rings. Forensic examination confirmed call detail records linking Syed Ali directly to syndicate kingpin Syed Ali.
C3291,2026-07-08,Mandya,Arson,Suresha,C3261;C3271,Armed gang breached a commercial jewelry showroom on Mandya Highway Godowns at 02:15 AM using high-pressure oxy-acetylene cutters. Escaped with 29 kg of gold ornaments in a stolen SUV bearing duplicate number plates. Investigators recovered digital ledger entries and encrypted burner SIM cards matching cross-referenced case files.
C3292,2026-07-09,Mangaluru,Cybercrime,Sanath,C3252,Technical engineer seized with 236 blank NFC-enabled debit cards. Confessed to cloning card dumps harvested via illegal skimming hardware across coastal districts. CCTV surveillance footage captured the suspect coordinating with co-accused operatives before fleeing along regional highway corridors.
C3293,2026-07-09,Tumakuru,Money Laundering,Karan 'Bhai' Sharma,C3243;C3263,Identified as a core distributor supplying synthetic ecstasy and cocaine packages to VIP nightlife patrons across Electronic City Phase 2. Investigators recovered digital ledger entries and encrypted burner SIM cards matching cross-referenced case files.
C3294,2026-07-10,Ballari,Smuggling,Giddaiah,C3254,Intercepted near mining checkpost transporting 50 tonnes of illegally excavated iron ore and red sanders timber with fabricated transit documents. Forensic examination confirmed call detail records linking Giddaiah directly to syndicate kingpin Reddy 'Dora'.
C3295,2026-07-11,Shivamogga,Assault,Narasimha,C3255;C3285,Apprehended inside Agumbe Forest Reserve reserve with 71 kg of high-value red sanders logs and wildlife skins destined for coastal export hubs. CCTV surveillance footage captured the suspect coordinating with co-accused operatives before fleeing along regional highway corridors.
C3296,2026-07-11,Bidar,Burglary,Bhimrao,C3236,Extorted protection payments from limestone quarry owners near Pune-Bangalore Highway NH-4 threatening armed sabotage using weapons acquired from Subhash Fauji. Intelligence inputs confirm the operation was financed using layered cryptocurrency transactions and underground hawala channels.
C3297,2026-07-12,Hubballi,Extortion,Raghu 'Lock',C3237,Specialist locksmith who fabricated duplicate master keys and vault bypass tools utilized by Santosh Patil during commercial bank break-ins across Vidyanagar Bank Circle. Investigators recovered digital ledger entries and encrypted burner SIM cards matching cross-referenced case files.
C3298,2026-07-13,Mysuru,Money Laundering,Ananya 'CA',C3238;C3288,Dark web specialist who developed backend server infrastructure for fake lottery and KYC update scams. Hosted command servers on offshore bulletproof networks. CCTV surveillance footage captured the suspect coordinating with co-accused operatives before fleeing along regional highway corridors.
C3299,2026-07-13,Mangaluru,Robbery,Rasheed 'Sultaan',C3249;C3259,Fishing trawler captain intercepted off Malpe Fishing Dock while transferring 18 kg of contraband red sanders logs and gold biscuits to international vessels. Forensic examination confirmed call detail records linking Rasheed 'Sultaan' directly to syndicate kingpin Abdul Khader.
C3300,2026-07-14,Mysuru,Burglary,Karthik 'Katti',C3290,Enforcer executed a daylight attack against rival vehicle thieves near Gokulam Residential Area to establish total monopoly over getaway vehicle supplies for commercial bank robbers. Forensic examination confirmed call detail records linking Karthik 'Katti' directly to syndicate kingpin Syed Ali.
C3301,2026-07-15,Mandya,Robbery,Santhosh 'Oxy',C3251,Raided a clandestine printing press inside an industrial shed producing high-quality fake currency notes of Rs 500 denomination used by syndicate operatives to settle debts. Ballistic and biometric samples collected from the scene positively correlate with operatives active across Mandya district.
C3302,2026-07-15,Udupi,Counterfeiting,Sameer 'Sam',C3272;C3282;C3292,Installed deep-insert ATM skimming devices and pinhole cameras across bank kiosks in Manipal University Road. Captured magnetic stripe data of over 371 customer accounts. Intelligence inputs confirm the operation was financed using layered cryptocurrency transactions and underground hawala channels.
C3303,2026-07-16,Tumakuru,Arms Trafficking,Naveen Raj,C3243;C3263,Chartered accountant arrested for registering shell companies across Indiranagar 100ft Road to launder narcotics revenue and cryptocurrency payouts for the Karan Sharma network. Ballistic and biometric samples collected from the scene positively correlate with operatives active across Tumakuru district.
C3304,2026-07-16,Ballari,Assault,Sekhar,C3284,Intercepted near mining checkpost transporting 107 tonnes of illegally excavated iron ore and red sanders timber with fabricated transit documents. CCTV surveillance footage captured the suspect coordinating with co-accused operatives before fleeing along regional highway corridors.
C3305,2026-07-17,Chikkamagaluru,Narcotics,Lokesh,C3245;C3295,"Attacked forest guards during a midnight anti-poaching patrol near Sakleshpur Timber Depot using machetes and iron pipes, allowing the timber smuggling convoy to escape. Investigators recovered digital ledger entries and encrypted burner SIM cards matching cross-referenced case files."
C3306,2026-07-18,Bidar,Burglary,Dattatreya,C3296,Intercepted a bullion transit vehicle on Shahapur Quarry Belt using illegal firearms. Looted Rs 27 Lakhs worth of silver ingots and cash bags. Investigators recovered digital ledger entries and encrypted burner SIM cards matching cross-referenced case files.
C3307,2026-07-18,Gadag,Rioting,Laxman 'Laxi',C3297,Nighttime break-in at a commercial cooperative bank branch in Hubballi APMC Market Yard. Alarm wiring disabled via insider blueprints; vault door breached via hydraulic spreaders. Ballistic and biometric samples collected from the scene positively correlate with operatives active across Gadag district.
C3308,2026-07-19,Mysuru,Money Laundering,Ananya 'CA',C3248;C3278,Engineered fraudulent investment trading APK applications. Tricked senior citizens across Jayanagar 9th Block into depositing over Rs 39 Lakhs into compromised mule accounts. Forensic examination confirmed call detail records linking Ananya 'CA' directly to syndicate kingpin Divya Prakash.
C3309,2026-07-20,Mysuru,Robbery,Usman,C3259;C3298,Couried hawala cash bags containing Rs 33 Lakhs between Surathkal Highway Checkpoint and Mumbai jewelry markets to settle trade imbalances generated by contraband exports. Investigators recovered digital ledger entries and encrypted burner SIM cards matching cross-referenced case files.
C3310,2026-07-20,Mysuru,Assault,Imran 'Bike',C3250;C3281;C3300,Operated a clandestine chop-shop in Peenya Industrial Sheds dismantling stolen cargo vans and altering engine serial numbers to prevent detection during police inspections. Forensic examination confirmed call detail records linking Imran 'Bike' directly to syndicate kingpin Syed Ali.
C3311,2026-07-21,Mysuru,Arson,Balu 'Cheetah',C3281;C3300;C3301,Armed gang breached a commercial jewelry showroom on Vijayanagar Industrial Area at 02:15 AM using high-pressure oxy-acetylene cutters. Escaped with 111 kg of gold ornaments in a stolen SUV bearing duplicate number plates. Investigators recovered digital ledger entries and encrypted burner SIM cards matching cross-referenced case files.
C3312,2026-07-22,Mangaluru,Cybercrime,Rohan D'Souza,C3302,Technical engineer seized with 236 blank NFC-enabled debit cards. Confessed to cloning card dumps harvested via illegal skimming hardware across coastal districts. Intelligence inputs confirm the operation was financed using layered cryptocurrency transactions and underground hawala channels.
C3313,2026-07-22,Tumakuru,Arms Trafficking,Tenzin,C3273,Identified as a core distributor supplying synthetic ecstasy and cocaine packages to VIP nightlife patrons across Indiranagar 100ft Road. Investigators recovered digital ledger entries and encrypted burner SIM cards matching cross-referenced case files.
C3314,2026-07-23,Koppal,Smuggling,Sekhar,C3284;C3293,Carried out brutal rod and club attacks against unionized truck drivers along Hospet Mining Belt who refused to pay daily illegal highway extortion tolls. Investigators recovered digital ledger entries and encrypted burner SIM cards matching cross-referenced case files.
C3315,2026-07-24,Shivamogga,Narcotics,Dharma,C3285,Cultivated 64 acres of illegal cannabis crops hidden deep inside dense forest plantations near Bhadra Wildlife Corridor. Distributed weed via timber transport trucks. Forensic examination confirmed call detail records linking Dharma directly to syndicate kingpin Nagaraj 'Forest'.
C3316,2026-07-24,Belagavi,Arms Trafficking,Ganesh 'Gunner',C3256;C3286,Extorted protection payments from limestone quarry owners near Pune-Bangalore Highway NH-4 threatening armed sabotage using weapons acquired from Subhash Fauji. Forensic examination confirmed call detail records linking Ganesh 'Gunner' directly to syndicate kingpin Tariq Anwar.
C3317,2026-07-25,Dharwad,Assault,Ravi 'Rambo',C3267;C3277;C3297,Nighttime break-in at a commercial cooperative bank branch in Vidyanagar Bank Circle. Alarm wiring disabled via insider blueprints; vault door breached via hydraulic spreaders. Forensic examination confirmed call detail records linking Ravi 'Rambo' directly to syndicate kingpin Santosh Patil.
C3318,2026-07-26,Mysuru,Cybercrime,Suhail,C3268;C3298,Supervised call center telecallers in Marathahalli Bridge impersonating customs and police officials to extort money from victims under fake parcel seizure threats. Intelligence inputs confirm the operation was financed using layered cryptocurrency transactions and underground hawala channels.
C3319,2026-07-26,Udupi,Money Laundering,Usman,C3259;C3269;C3288,Couried hawala cash bags containing Rs 26 Lakhs between Ullal Beach Road and Mumbai jewelry markets to settle trade imbalances generated by contraband exports. Intelligence inputs confirm the operation was financed using layered cryptocurrency transactions and underground hawala channels.
C3320,2026-07-27,Mysuru,Vehicle Theft,Karthik 'Katti',C3290,Armed gang intercepted a wholesale diamond courier near Jayalakshmipuram Ring Road. Escaped on high-speed modified stolen motorcycles provided by Syed Ali after looting diamond rings. Forensic examination confirmed call detail records linking Karthik 'Katti' directly to syndicate kingpin Syed Ali.
C3321,2026-07-28,Mysuru,Burglary,Shiva 'Gas',C3261;C3281;C3290;C3291,Co-conspirator in the Saraswathipuram vault break-in. Apprehended at a hidden workshop while attempting to melt 57 kg of stolen gold bars into untraceable bullion ingots. CCTV surveillance footage captured the suspect coordinating with co-accused operatives before fleeing along regional highway corridors.
C3322,2026-07-28,Hubballi,Counterfeiting,Imran Pasha,C3272;C3282;C3313,Technical engineer seized with 284 blank NFC-enabled debit cards. Confessed to cloning card dumps harvested via illegal skimming hardware across coastal districts. CCTV surveillance footage captured the suspect coordinating with co-accused operatives before fleeing along regional highway corridors.
C3323,2026-07-29,Tumakuru,Cybercrime,Karan 'Bhai' Sharma,C3263;C3273;C3313;C3314,Coordinated mass phishing SMS bursts targeting net banking users across Karnataka. Utilized compromised mule credentials to layer funds into dark web crypto wallets. Intelligence inputs confirm the operation was financed using layered cryptocurrency transactions and underground hawala channels.
C3324,2026-07-29,Ballari,Assault,Obalesh,C3294,Extorted heavy illegal transport levies from fleet operators carrying excavated iron ore across the Sandur Iron Quarry Road mining belt under explicit threat of armed intervention. Forensic examination confirmed call detail records linking Obalesh directly to syndicate kingpin Reddy 'Dora'.
C3325,2026-07-30,Hassan,Assault,Narasimha,C3305;C3315,Apprehended inside Mudigere Plantation Border reserve with 99 kg of high-value red sanders logs and wildlife skins destined for coastal export hubs. Investigators recovered digital ledger entries and encrypted burner SIM cards matching cross-referenced case files.
C3326,2026-07-31,Bidar,Burglary,Ajay 'Border',C3276;C3306,Seized at Nipani Border Checkpost border checkpoint while transporting 120 factory-made semi-automatic pistols and ammunition concealed inside hidden vehicle compartments. Intelligence inputs confirm the operation was financed using layered cryptocurrency transactions and underground hawala channels.
C3327,2026-07-31,Dharwad,Assault,Manjunath 'Sunil' Desai,C3277;C3287,Incited violent mob disturbances in Vidyanagar Bank Circle commercial market area to divert police rapid action teams away from extortion cash drop-offs. Intelligence inputs confirm the operation was financed using layered cryptocurrency transactions and underground hawala channels.
C3328,2026-08-01,Tumakuru,Extortion,Deepa 'Mam',C3298,Supervised call center telecallers in Whitefield Tech Park Road impersonating customs and police officials to extort money from victims under fake parcel seizure threats. Ballistic and biometric samples collected from the scene positively correlate with operatives active across Tumakuru district.
C3329,2026-08-02,Mangaluru,Robbery,Farooq 'Blade',C3299,Fishing trawler captain intercepted off Old Port Bunder Harbor while transferring 116 kg of contraband red sanders logs and gold biscuits to international vessels. Intelligence inputs confirm the operation was financed using layered cryptocurrency transactions and underground hawala channels.
C3330,2026-08-02,Hubballi,Robbery,Prashanth 'Pachhi',C3320,Armed gang intercepted a wholesale diamond courier near Jayalakshmipuram Ring Road. Escaped on high-speed modified stolen motorcycles provided by Syed Ali after looting diamond rings. Investigators recovered digital ledger entries and encrypted burner SIM cards matching cross-referenced case files.
C3331,2026-08-03,Mandya,Counterfeiting,Santhosh 'Oxy',C3291;C3300;C3301;C3321,Raided a clandestine printing press inside an industrial shed producing high-quality fake currency notes of Rs 500 denomination used by syndicate operatives to settle debts. Ballistic and biometric samples collected from the scene positively correlate with operatives active across Mandya district.
C3332,2026-08-04,Hubballi,Counterfeiting,Imran Pasha,C3293;C3302,Technical engineer seized with 101 blank NFC-enabled debit cards. Confessed to cloning card dumps harvested via illegal skimming hardware across coastal districts. CCTV surveillance footage captured the suspect coordinating with co-accused operatives before fleeing along regional highway corridors.
C3333,2026-08-04,Bengaluru,Money Laundering,Pooja Hegde,C3273;C3293;C3303;C3332,Identified as a core distributor supplying synthetic ecstasy and cocaine packages to VIP nightlife patrons across Koramangala 4th Block. Intelligence inputs confirm the operation was financed using layered cryptocurrency transactions and underground hawala channels.
C3334,2026-08-05,Raichur,Extortion,Basavanna,C3284;C3304;C3314,Carried out brutal rod and club attacks against unionized truck drivers along Toranagallu Highway who refused to pay daily illegal highway extortion tolls. Intelligence inputs confirm the operation was financed using layered cryptocurrency transactions and underground hawala channels.
C3335,2026-08-06,Hassan,Narcotics,Lokesh,C3285;C3315,Cultivated 108 acres of illegal cannabis crops hidden deep inside dense forest plantations near Sakleshpur Timber Depot. Distributed weed via timber transport trucks. Investigators recovered digital ledger entries and encrypted burner SIM cards matching cross-referenced case files.
C3336,2026-08-06,Bidar,Burglary,Bhimrao,C3316;C3326,Intercepted a bullion transit vehicle on Pune-Bangalore Highway NH-4 using illegal firearms. Looted Rs 94 Lakhs worth of silver ingots and cash bags. Ballistic and biometric samples collected from the scene positively correlate with operatives active across Bidar district.
C3337,2026-08-07,Gadag,Rioting,Prakash Jhadav,C3287;C3297;C3327,Incited violent mob disturbances in Dharwad Court Road commercial market area to divert police rapid action teams away from extortion cash drop-offs. CCTV surveillance footage captured the suspect coordinating with co-accused operatives before fleeing along regional highway corridors.
C3338,2026-08-08,Tumakuru,Money Laundering,Meghana,C3309;C3318,Engineered fraudulent investment trading APK applications. Tricked senior citizens across Whitefield Tech Park Road into depositing over Rs 40 Lakhs into compromised mule accounts. Investigators recovered digital ledger entries and encrypted burner SIM cards matching cross-referenced case files.
C3339,2026-08-08,Udupi,Assault,Abdul Khader,C3329,Contract enforcer carried out a severe blade assault against a customs intelligence officer near Old Port Bunder Harbor investigating illegal marine cargo shipments. Forensic examination confirmed call detail records linking Abdul Khader directly to syndicate kingpin Abdul Khader.
C3340,2026-08-09,Hubballi,Burglary,Prashanth 'Pachhi',C3290;C3320,Armed gang intercepted a wholesale diamond courier near Gokulam Residential Area. Escaped on high-speed modified stolen motorcycles provided by Syed Ali after looting diamond rings. CCTV surveillance footage captured the suspect coordinating with co-accused operatives before fleeing along regional highway corridors.
C3341,2026-08-10,Hassan,Counterfeiting,Anand Verma,C3331,Set fire to a commercial warehouse near Saraswathipuram after the business owner refused to pay extortion demands issued by the Raju Gowda leadership. Ballistic and biometric samples collected from the scene positively correlate with operatives active across Hassan district.
C3342,2026-08-10,Hubballi,Money Laundering,Rohan D'Souza,C3292;C3312,Installed deep-insert ATM skimming devices and pinhole cameras across bank kiosks in Bunder Port Road. Captured magnetic stripe data of over 416 customer accounts. Intelligence inputs confirm the operation was financed using layered cryptocurrency transactions and underground hawala channels.
C3343,2026-08-11,Bengaluru,Money Laundering,Karan 'Bhai' Sharma,C3303;C3304;C3323,Chartered accountant arrested for registering shell companies across HSR Layout Phase 1 to launder narcotics revenue and cryptocurrency payouts for the Karan Sharma network. Forensic examination confirmed call detail records linking Karan 'Bhai' Sharma directly to syndicate kingpin Karan 'Bhai' Sharma.
C3344,2026-08-11,Ballari,Murder,Yellappa,C3324;C3334,Intercepted near mining checkpost transporting 38 tonnes of illegally excavated iron ore and red sanders timber with fabricated transit documents. Forensic examination confirmed call detail records linking Yellappa directly to syndicate kingpin Reddy 'Dora'.
C3345,2026-08-12,Hassan,Assault,Gajendra,C3285;C3305,"Attacked forest guards during a midnight anti-poaching patrol near Sakleshpur Timber Depot using machetes and iron pipes, allowing the timber smuggling convoy to escape. Ballistic and biometric samples collected from the scene positively correlate with operatives active across Hassan district."
C3346,2026-08-13,Kalaburagi,Rioting,Dattatreya,C3286;C3306;C3336,Intercepted a bullion transit vehicle on Nipani Border Checkpost using illegal firearms. Looted Rs 102 Lakhs worth of silver ingots and cash bags. CCTV surveillance footage captured the suspect coordinating with co-accused operatives before fleeing along regional highway corridors.
C3347,2026-08-13,Hubballi,Assault,Ravi 'Rambo',C3287;C3327,Incited violent mob disturbances in Dharwad Court Road commercial market area to divert police rapid action teams away from extortion cash drop-offs. Ballistic and biometric samples collected from the scene positively correlate with operatives active across Hubballi district.
C3348,2026-08-14,Tumakuru,Cybercrime,Nitin 'Hacker',C3298,Engineered fraudulent investment trading APK applications. Tricked senior citizens across Whitefield Tech Park Road into depositing over Rs 41 Lakhs into compromised mule accounts. Investigators recovered digital ledger entries and encrypted burner SIM cards matching cross-referenced case files.
C3349,2026-08-15,Mysuru,Robbery,John 'Captain',C3289;C3319;C3339,Contract enforcer carried out a severe blade assault against a customs intelligence officer near Old Port Bunder Harbor investigating illegal marine cargo shipments. Ballistic and biometric samples collected from the scene positively correlate with operatives active across Mysuru district.
C3350,2026-08-15,Mysuru,Vehicle Theft,Syed Ali,C3310,Operated a clandestine chop-shop in Jayalakshmipuram Ring Road dismantling stolen cargo vans and altering engine serial numbers to prevent detection during police inspections. CCTV surveillance footage captured the suspect coordinating with co-accused operatives before fleeing along regional highway corridors.
C3351,2026-08-16,Hassan,Arson,Anand Verma,C3291;C3341,Armed gang breached a commercial jewelry showroom on Devaraja Urs Road at 02:15 AM using high-pressure oxy-acetylene cutters. Escaped with 104 kg of gold ornaments in a stolen SUV bearing duplicate number plates. Ballistic and biometric samples collected from the scene positively correlate with operatives active across Hassan district.
C3352,2026-08-17,Hubballi,Cybercrime,Srinivas 'Tech',C3292;C3332,Operated an illicit SIM-box gateway in Malpe Harbor Kiosks converting international VOIP calls into local cellular numbers to mask syndicate cyber extortion communications. Forensic examination confirmed call detail records linking Srinivas 'Tech' directly to syndicate kingpin Zaid Khan.
C3353,2026-08-17,Mysuru,Cybercrime,Pooja Hegde,C3313;C3323;C3333,Coordinated mass phishing SMS bursts targeting net banking users across Karnataka. Utilized compromised mule credentials to layer funds into dark web crypto wallets. Ballistic and biometric samples collected from the scene positively correlate with operatives active across Mysuru district.
C3354,2026-08-18,Ballari,Assault,Reddy 'Dora',C3334,Extorted heavy illegal transport levies from fleet operators carrying excavated iron ore across the Sandur Iron Quarry Road mining belt under explicit threat of armed intervention. Ballistic and biometric samples collected from the scene positively correlate with operatives active across Ballari district.
C3355,2026-08-19,Shivamogga,Vehicle Theft,Dharma,C3305;C3335;C3345,Cultivated 132 acres of illegal cannabis crops hidden deep inside dense forest plantations near Agumbe Forest Reserve. Distributed weed via timber transport trucks. Intelligence inputs confirm the operation was financed using layered cryptocurrency transactions and underground hawala channels.
C3356,2026-08-19,Belagavi,Rioting,Suresh Kumar,C3296;C3346,Intercepted a bullion transit vehicle on Bidar Railway Godowns using illegal firearms. Looted Rs 57 Lakhs worth of silver ingots and cash bags. Investigators recovered digital ledger entries and encrypted burner SIM cards matching cross-referenced case files.
C3357,2026-08-20,Gadag,Extortion,Santosh Patil,C3297;C3307;C3317,Incited violent mob disturbances in Gokul Road Industrial Area commercial market area to divert police rapid action teams away from extortion cash drop-offs. Investigators recovered digital ledger entries and encrypted burner SIM cards matching cross-referenced case files.
C3358,2026-08-21,Tumakuru,Money Laundering,Meghana,C3298,Dark web specialist who developed backend server infrastructure for fake lottery and KYC update scams. Hosted command servers on offshore bulletproof networks. Investigators recovered digital ledger entries and encrypted burner SIM cards matching cross-referenced case files.
C3359,2026-08-21,Mysuru,Assault,Usman,C3319;C3349,Fishing trawler captain intercepted off Ullal Beach Road while transferring 97 kg of contraband red sanders logs and gold biscuits to international vessels. Forensic examination confirmed call detail records linking Usman directly to syndicate kingpin Abdul Khader.
C3360,2026-08-22,Bengaluru,Burglary,Imran 'Bike',C3300;C3350,Stole high-performance sports motorcycles and luxury SUVs from hotel parking garages across Gokulam Residential Area. Stolen vehicles were modified for syndicate robbery escapes. Intelligence inputs confirm the operation was financed using layered cryptocurrency transactions and underground hawala channels.
C3361,2026-08-23,Mandya,Robbery,Santhosh 'Oxy',C3341;C3351,Co-conspirator in the Vijayanagar Industrial Area vault break-in. Apprehended at a hidden workshop while attempting to melt 65 kg of stolen gold bars into untraceable bullion ingots. Intelligence inputs confirm the operation was financed using layered cryptocurrency transactions and underground hawala channels.
C3362,2026-08-23,Hubballi,Counterfeiting,Zaid Khan,C3302;C3332;C3342,Installed deep-insert ATM skimming devices and pinhole cameras across bank kiosks in Bunder Port Road. Captured magnetic stripe data of over 354 customer accounts. Investigators recovered digital ledger entries and encrypted burner SIM cards matching cross-referenced case files.
C3363,2026-08-24,Tumakuru,Cybercrime,Pooja Hegde,C3313;C3333;C3343,Intercepted on Koramangala 4th Block transporting 112 kg of high-grade synthetic MDMA crystals concealed inside custom-built double-bottom compartments of a luxury vehicle. Investigators recovered digital ledger entries and encrypted burner SIM cards matching cross-referenced case files.
C3364,2026-08-24,Ballari,Murder,Veerabhadraappa,C3314;C3324;C3344,Executed a targeted shooting of a rival transport contractor at a roadside dhaba near Hospet Mining Belt to establish total monopoly over mining transport lines. Ballistic and biometric samples collected from the scene positively correlate with operatives active across Ballari district.
C3365,2026-08-25,Shivamogga,Narcotics,Manja 'Blade',C3315;C3345;C3355,Stole heavy-duty off-road tractors and winches from agricultural estates to drag felled contraband trees through difficult jungle terrain near Sakleshpur Timber Depot. Forensic examination confirmed call detail records linking Manja 'Blade' directly to syndicate kingpin Nagaraj 'Forest'.
C3366,2026-08-26,Vijayapura,Rioting,Subhash 'Fauji',C3326;C3336;C3346,Extorted protection payments from limestone quarry owners near Nipani Border Checkpost threatening armed sabotage using weapons acquired from Subhash Fauji. CCTV surveillance footage captured the suspect coordinating with co-accused operatives before fleeing along regional highway corridors.
C3367,2026-08-26,Hubballi,Extortion,Santosh Patil,C3317;C3327;C3328;C3347,Demanded Rs 118 Lakhs ransom from the bank branch manager threatening severe bodily harm unless CCTV DVR hard drives from the bank robbery were handed over. Forensic examination confirmed call detail records linking Santosh Patil directly to syndicate kingpin Santosh Patil.
C3368,2026-08-27,Mysuru,Extortion,Ananya 'CA',C3358,Engineered fraudulent investment trading APK applications. Tricked senior citizens across Electronic City IT Corridor into depositing over Rs 20 Lakhs into compromised mule accounts. Intelligence inputs confirm the operation was financed using layered cryptocurrency transactions and underground hawala channels.
C3369,2026-08-28,Mysuru,Money Laundering,Abdul Khader,C3309;C3319;C3340;C3349,Couried hawala cash bags containing Rs 107 Lakhs between Old Port Bunder Harbor and Mumbai jewelry markets to settle trade imbalances generated by contraband exports. Ballistic and biometric samples collected from the scene positively correlate with operatives active across Mysuru district.
C3370,2026-08-28,Mysuru,Burglary,Salman,C3320;C3360,Operated a clandestine chop-shop in Peenya Industrial Sheds dismantling stolen cargo vans and altering engine serial numbers to prevent detection during police inspections. Intelligence inputs confirm the operation was financed using layered cryptocurrency transactions and underground hawala channels.
C3371,2026-08-29,Mandya,Robbery,Shiva 'Gas',C3351;C3361;C3362,Co-conspirator in the Devaraja Urs Road vault break-in. Apprehended at a hidden workshop while attempting to melt 17 kg of stolen gold bars into untraceable bullion ingots. Intelligence inputs confirm the operation was financed using layered cryptocurrency transactions and underground hawala channels.
C3372,2026-08-30,Hubballi,Fraud,Sanath,C3322,Installed deep-insert ATM skimming devices and pinhole cameras across bank kiosks in Hampankatta Commercial Hub. Captured magnetic stripe data of over 286 customer accounts. Investigators recovered digital ledger entries and encrypted burner SIM cards matching cross-referenced case files.
C3373,2026-08-30,Tumakuru,Narcotics,Tenzin,C3343;C3353;C3363,Intercepted on HSR Layout Phase 1 transporting 44 kg of high-grade synthetic MDMA crystals concealed inside custom-built double-bottom compartments of a luxury vehicle. CCTV surveillance footage captured the suspect coordinating with co-accused operatives before fleeing along regional highway corridors.
C3374,2026-08-31,Koppal,Murder,Muni 'Rowdy',C3324;C3334,Carried out brutal rod and club attacks against unionized truck drivers along Hospet Mining Belt who refused to pay daily illegal highway extortion tolls. Intelligence inputs confirm the operation was financed using layered cryptocurrency transactions and underground hawala channels.
C3375,2026-09-01,Chikkamagaluru,Narcotics,Narasimha,C3315;C3355;C3365,Stole heavy-duty off-road tractors and winches from agricultural estates to drag felled contraband trees through difficult jungle terrain near Agumbe Forest Reserve. CCTV surveillance footage captured the suspect coordinating with co-accused operatives before fleeing along regional highway corridors.
C3376,2026-09-01,Vijayapura,Arms Trafficking,Ajay 'Border',C3336;C3346;C3366,Arrested carrying country-made carbines and shotguns procured across the state border for distribution to southern crime syndicates operating in Bangalore and Mysuru. CCTV surveillance footage captured the suspect coordinating with co-accused operatives before fleeing along regional highway corridors.
C3377,2026-09-02,Gadag,Assault,Laxman 'Laxi',C3337;C3347;C3357,Specialist locksmith who fabricated duplicate master keys and vault bypass tools utilized by Santosh Patil during commercial bank break-ins across Hubballi APMC Market Yard. Investigators recovered digital ledger entries and encrypted burner SIM cards matching cross-referenced case files.
C3378,2026-09-03,Mysuru,Cybercrime,Divya Prakash,C3318;C3338;C3347;C3348,Dark web specialist who developed backend server infrastructure for fake lottery and KYC update scams. Hosted command servers on offshore bulletproof networks. Forensic examination confirmed call detail records linking Divya Prakash directly to syndicate kingpin Divya Prakash.
C3379,2026-09-03,Mangaluru,Assault,Farooq 'Blade',C3319;C3349;C3359,Senior associate in the hawala syndicate managing real estate front companies along Old Port Bunder Harbor to absorb illicit cash inflows extorted from coastal traders. CCTV surveillance footage captured the suspect coordinating with co-accused operatives before fleeing along regional highway corridors.
C3380,2026-09-04,Bengaluru,Vehicle Theft,Karthik 'Katti',C3320;C3330;C3340,Operated a clandestine chop-shop in Peenya Industrial Sheds dismantling stolen cargo vans and altering engine serial numbers to prevent detection during police inspections. Ballistic and biometric samples collected from the scene positively correlate with operatives active across Bengaluru district.
C3381,2026-09-05,Mysuru,Burglary,Anand Verma,C3341;C3351,Set fire to a commercial warehouse near Saraswathipuram after the business owner refused to pay extortion demands issued by the Raju Gowda leadership. Forensic examination confirmed call detail records linking Anand Verma directly to syndicate kingpin Raju Gowda.
C3382,2026-09-05,Mangaluru,Counterfeiting,Sanath,C3342;C3362;C3372,Operated an extensive underground hawala transfer hub in Malpe Harbor Kiosks. Laundered Rs 66 Crores generated from ATM skimming operations and offshore crypto routing. Forensic examination confirmed call detail records linking Sanath directly to syndicate kingpin Zaid Khan.
C3383,2026-09-06,Mysuru,Cybercrime,Naveen Raj,C3323;C3343;C3363,Intercepted on Indiranagar 100ft Road transporting 83 kg of high-grade synthetic MDMA crystals concealed inside custom-built double-bottom compartments of a luxury vehicle. Intelligence inputs confirm the operation was financed using layered cryptocurrency transactions and underground hawala channels.
C3384,2026-09-06,Koppal,Smuggling,Obalesh,C3344,Executed a targeted shooting of a rival transport contractor at a roadside dhaba near Ballari APMC Yard to establish total monopoly over mining transport lines. CCTV surveillance footage captured the suspect coordinating with co-accused operatives before fleeing along regional highway corridors.
C3385,2026-09-07,Shivamogga,Narcotics,Nagaraj 'Forest',C3335;C3345;C3375,Cultivated 174 acres of illegal cannabis crops hidden deep inside dense forest plantations near Bhadra Wildlife Corridor. Distributed weed via timber transport trucks. Investigators recovered digital ledger entries and encrypted burner SIM cards matching cross-referenced case files.
C3386,2026-09-08,Vijayapura,Arms Trafficking,Ajay 'Border',C3326;C3366,Extorted protection payments from limestone quarry owners near Shahapur Quarry Belt threatening armed sabotage using weapons acquired from Subhash Fauji. Intelligence inputs confirm the operation was financed using layered cryptocurrency transactions and underground hawala channels.
C3387,2026-09-08,Dharwad,Extortion,Ravi 'Rambo',C3357,Demanded Rs 48 Lakhs ransom from the bank branch manager threatening severe bodily harm unless CCTV DVR hard drives from the bank robbery were handed over. Investigators recovered digital ledger entries and encrypted burner SIM cards matching cross-referenced case files.
C3388,2026-09-09,Bengaluru,Cybercrime,Ramesh Kulkarni,C3328;C3387,Engineered fraudulent investment trading APK applications. Tricked senior citizens across Whitefield Tech Park Road into depositing over Rs 76 Lakhs into compromised mule accounts. Intelligence inputs confirm the operation was financed using layered cryptocurrency transactions and underground hawala channels.
C3389,2026-09-10,Udupi,Robbery,Kader 'Boat',C3339;C3359,Senior associate in the hawala syndicate managing real estate front companies along Surathkal Highway Checkpoint to absorb illicit cash inflows extorted from coastal traders. Intelligence inputs confirm the operation was financed using layered cryptocurrency transactions and underground hawala channels.
C3390,2026-09-10,Mysuru,Vehicle Theft,Salman,C3330;C3370,Enforcer executed a daylight attack against rival vehicle thieves near Peenya Industrial Sheds to establish total monopoly over getaway vehicle supplies for commercial bank robbers. Intelligence inputs confirm the operation was financed using layered cryptocurrency transactions and underground hawala channels.
C3391,2026-09-11,Mandya,Counterfeiting,Anand Verma,C3331;C3341;C3361,Raided a clandestine printing press inside an industrial shed producing high-quality fake currency notes of Rs 500 denomination used by syndicate operatives to settle debts. Investigators recovered digital ledger entries and encrypted burner SIM cards matching cross-referenced case files.
C3392,2026-09-12,Udupi,Fraud,Sameer 'Sam',C3342;C3362,Operated an illicit SIM-box gateway in Manipal University Road converting international VOIP calls into local cellular numbers to mask syndicate cyber extortion communications. Ballistic and biometric samples collected from the scene positively correlate with operatives active across Udupi district.
C3393,2026-09-12,Mysuru,Cybercrime,Chandan Kumar,C3333;C3343;C3353,Identified as a core distributor supplying synthetic ecstasy and cocaine packages to VIP nightlife patrons across HSR Layout Phase 1. Investigators recovered digital ledger entries and encrypted burner SIM cards matching cross-referenced case files.
C3394,2026-09-13,Koppal,Extortion,Obalesh,C3384,Intercepted near mining checkpost transporting 53 tonnes of illegally excavated iron ore and red sanders timber with fabricated transit documents. Intelligence inputs confirm the operation was financed using layered cryptocurrency transactions and underground hawala channels.
C3395,2026-09-14,Hassan,Smuggling,Narasimha,C3335,Cultivated 89 acres of illegal cannabis crops hidden deep inside dense forest plantations near Mudigere Plantation Border. Distributed weed via timber transport trucks. CCTV surveillance footage captured the suspect coordinating with co-accused operatives before fleeing along regional highway corridors.
C3396,2026-09-14,Vijayapura,Burglary,Bhimrao,C3336;C3356;C3386,Arrested carrying country-made carbines and shotguns procured across the state border for distribution to southern crime syndicates operating in Bangalore and Mysuru. Intelligence inputs confirm the operation was financed using layered cryptocurrency transactions and underground hawala channels.
C3397,2026-09-15,Hubballi,Rioting,Ravi 'Rambo',C3337;C3367;C3387,Incited violent mob disturbances in Dharwad Court Road commercial market area to divert police rapid action teams away from extortion cash drop-offs. Investigators recovered digital ledger entries and encrypted burner SIM cards matching cross-referenced case files.
C3398,2026-09-16,Tumakuru,Money Laundering,Ananya 'CA',C3338;C3368;C3378;C3387,Created 176 fraudulent bank accounts using forged biometric Aadhaar credentials. Accounts were utilized by cyber gangs to rapidly layer and withdraw cash. Intelligence inputs confirm the operation was financed using layered cryptocurrency transactions and underground hawala channels.
C3399,2026-09-16,Mysuru,Robbery,Usman,C3379;C3389,Couried hawala cash bags containing Rs 36 Lakhs between Surathkal Highway Checkpoint and Mumbai jewelry markets to settle trade imbalances generated by contraband exports. Forensic examination confirmed call detail records linking Usman directly to syndicate kingpin Abdul Khader.
C3400,2026-09-17,Mysuru,Burglary,Karthik 'Katti',C3340;C3350;C3369;C3390,Stole high-performance sports motorcycles and luxury SUVs from hotel parking garages across Saraswathipuram Main Road. Stolen vehicles were modified for syndicate robbery escapes. Forensic examination confirmed call detail records linking Karthik 'Katti' directly to syndicate kingpin Syed Ali.
C3401,2026-09-18,Mandya,Burglary,Raju Gowda,C3341;C3351;C3371,Co-conspirator in the Vijayanagar Industrial Area vault break-in. Apprehended at a hidden workshop while attempting to melt 71 kg of stolen gold bars into untraceable bullion ingots. Investigators recovered digital ledger entries and encrypted burner SIM cards matching cross-referenced case files.
C3402,2026-09-18,Mangaluru,Money Laundering,Zaid Khan,C3362;C3372;C3392,Technical engineer seized with 397 blank NFC-enabled debit cards. Confessed to cloning card dumps harvested via illegal skimming hardware across coastal districts. Intelligence inputs confirm the operation was financed using layered cryptocurrency transactions and underground hawala channels.
C3403,2026-09-19,Bengaluru,Money Laundering,Sunny 'DJ',C3363;C3373;C3383,Identified as a core distributor supplying synthetic ecstasy and cocaine packages to VIP nightlife patrons across Koramangala 4th Block. CCTV surveillance footage captured the suspect coordinating with co-accused operatives before fleeing along regional highway corridors.
C3404,2026-09-19,Koppal,Murder,Kondaiah,C3344;C3394,Carried out brutal rod and club attacks against unionized truck drivers along Sandur Iron Quarry Road who refused to pay daily illegal highway extortion tolls. Intelligence inputs confirm the operation was financed using layered cryptocurrency transactions and underground hawala channels.
C3405,2026-09-20,Shivamogga,Vehicle Theft,Lokesh,C3345;C3375,"Attacked forest guards during a midnight anti-poaching patrol near Bhadra Wildlife Corridor using machetes and iron pipes, allowing the timber smuggling convoy to escape. Investigators recovered digital ledger entries and encrypted burner SIM cards matching cross-referenced case files."
C3406,2026-09-21,Bidar,Rioting,Subhash 'Fauji',C3376;C3386;C3396,Seized at Bidar Railway Godowns border checkpoint while transporting 162 factory-made semi-automatic pistols and ammunition concealed inside hidden vehicle compartments. Intelligence inputs confirm the operation was financed using layered cryptocurrency transactions and underground hawala channels.
C3407,2026-09-21,Gadag,Rioting,Ravi 'Rambo',C3357;C3367;C3377,Demanded Rs 52 Lakhs ransom from the bank branch manager threatening severe bodily harm unless CCTV DVR hard drives from the bank robbery were handed over. CCTV surveillance footage captured the suspect coordinating with co-accused operatives before fleeing along regional highway corridors.
C3408,2026-09-22,Tumakuru,Extortion,Ananya 'CA',C3358;C3368;C3377,Dark web specialist who developed backend server infrastructure for fake lottery and KYC update scams. Hosted command servers on offshore bulletproof networks. Investigators recovered digital ledger entries and encrypted burner SIM cards matching cross-referenced case files.
C3409,2026-09-23,Mysuru,Robbery,John 'Captain',C3359;C3398,Couried hawala cash bags containing Rs 115 Lakhs between Malpe Fishing Dock and Mumbai jewelry markets to settle trade imbalances generated by contraband exports. CCTV surveillance footage captured the suspect coordinating with co-accused operatives before fleeing along regional highway corridors.
C3410,2026-09-23,Bengaluru,Assault,Muralidhar,C3350;C3360;C3371,Enforcer executed a daylight attack against rival vehicle thieves near Peenya Industrial Sheds to establish total monopoly over getaway vehicle supplies for commercial bank robbers. CCTV surveillance footage captured the suspect coordinating with co-accused operatives before fleeing along regional highway corridors.
C3411,2026-09-24,Mysuru,Burglary,Gowrish,C3381,Set fire to a commercial warehouse near Saraswathipuram after the business owner refused to pay extortion demands issued by the Raju Gowda leadership. Investigators recovered digital ledger entries and encrypted burner SIM cards matching cross-referenced case files.
C3412,2026-09-25,Udupi,Cybercrime,Rohan D'Souza,C3372;C3382,Operated an extensive underground hawala transfer hub in Hampankatta Commercial Hub. Laundered Rs 110 Crores generated from ATM skimming operations and offshore crypto routing. Intelligence inputs confirm the operation was financed using layered cryptocurrency transactions and underground hawala channels.
C3413,2026-09-25,Bengaluru,Arms Trafficking,Siddharth Mehta,C3373,Coordinated mass phishing SMS bursts targeting net banking users across Karnataka. Utilized compromised mule credentials to layer funds into dark web crypto wallets. CCTV surveillance footage captured the suspect coordinating with co-accused operatives before fleeing along regional highway corridors.
C3414,2026-09-26,Koppal,Extortion,Yellappa,C3354;C3364;C3384;C3413,Carried out brutal rod and club attacks against unionized truck drivers along Sandur Iron Quarry Road who refused to pay daily illegal highway extortion tolls. Investigators recovered digital ledger entries and encrypted burner SIM cards matching cross-referenced case files.
C3415,2026-09-27,Shivamogga,Vehicle Theft,Nagaraj 'Forest',C3355;C3375;C3395,"Attacked forest guards during a midnight anti-poaching patrol near Bhadra Wildlife Corridor using machetes and iron pipes, allowing the timber smuggling convoy to escape. Investigators recovered digital ledger entries and encrypted burner SIM cards matching cross-referenced case files."
C3416,2026-09-27,Vijayapura,Burglary,Ganesh 'Gunner',C3356;C3366;C3386,Intercepted a bullion transit vehicle on Shahapur Quarry Belt using illegal firearms. Looted Rs 20 Lakhs worth of silver ingots and cash bags. CCTV surveillance footage captured the suspect coordinating with co-accused operatives before fleeing along regional highway corridors.
C3417,2026-09-28,Gadag,Rioting,Ashok 'Auto' Mani,C3397;C3398,Specialist locksmith who fabricated duplicate master keys and vault bypass tools utilized by Santosh Patil during commercial bank break-ins across Gokul Road Industrial Area. Investigators recovered digital ledger entries and encrypted burner SIM cards matching cross-referenced case files.
C3418,2026-09-29,Bengaluru,Cybercrime,Suhail,C3378;C3398,Supervised call center telecallers in Electronic City IT Corridor impersonating customs and police officials to extort money from victims under fake parcel seizure threats. Ballistic and biometric samples collected from the scene positively correlate with operatives active across Bengaluru district.
C3419,2026-09-29,Mysuru,Money Laundering,Farooq 'Blade',C3369;C3389;C3399,Couried hawala cash bags containing Rs 93 Lakhs between Ullal Beach Road and Mumbai jewelry markets to settle trade imbalances generated by contraband exports. Ballistic and biometric samples collected from the scene positively correlate with operatives active across Mysuru district.
C3420,2026-09-30,Bengaluru,Robbery,Syed Ali,C3360;C3400;C3410,Operated a clandestine chop-shop in Peenya Industrial Sheds dismantling stolen cargo vans and altering engine serial numbers to prevent detection during police inspections. Forensic examination confirmed call detail records linking Syed Ali directly to syndicate kingpin Syed Ali.
C3421,2026-10-01,Mandya,Robbery,Raju Gowda,C3391;C3401;C3411,Raided a clandestine printing press inside an industrial shed producing high-quality fake currency notes of Rs 500 denomination used by syndicate operatives to settle debts. Intelligence inputs confirm the operation was financed using layered cryptocurrency transactions and underground hawala channels.
C3422,2026-10-01,Hubballi,Cybercrime,Zaid Khan,C3412,Installed deep-insert ATM skimming devices and pinhole cameras across bank kiosks in Malpe Harbor Kiosks. Captured magnetic stripe data of over 367 customer accounts. Forensic examination confirmed call detail records linking Zaid Khan directly to syndicate kingpin Zaid Khan.
C3423,2026-10-02,Mysuru,Money Laundering,Tenzin,C3363;C3383;C3403,Intercepted on Indiranagar 100ft Road transporting 24 kg of high-grade synthetic MDMA crystals concealed inside custom-built double-bottom compartments of a luxury vehicle. Intelligence inputs confirm the operation was financed using layered cryptocurrency transactions and underground hawala channels.
C3424,2026-10-02,Ballari,Extortion,Basavanna,C3374,Carried out brutal rod and club attacks against unionized truck drivers along Toranagallu Highway who refused to pay daily illegal highway extortion tolls. Intelligence inputs confirm the operation was financed using layered cryptocurrency transactions and underground hawala channels.
C3425,2026-10-03,Chikkamagaluru,Smuggling,Gajendra,C3395;C3415,Stole heavy-duty off-road tractors and winches from agricultural estates to drag felled contraband trees through difficult jungle terrain near Bhadra Wildlife Corridor. Investigators recovered digital ledger entries and encrypted burner SIM cards matching cross-referenced case files.
C3426,2026-10-04,Bidar,Burglary,Bhimrao,C3386;C3396;C3406,Arrested carrying country-made carbines and shotguns procured across the state border for distribution to southern crime syndicates operating in Bangalore and Mysuru. CCTV surveillance footage captured the suspect coordinating with co-accused operatives before fleeing along regional highway corridors.
C3427,2026-10-04,Gadag,Rioting,Laxman 'Laxi',C3377;C3387;C3397,Specialist locksmith who fabricated duplicate master keys and vault bypass tools utilized by Santosh Patil during commercial bank break-ins across Dharwad Court Road. Forensic examination confirmed call detail records linking Laxman 'Laxi' directly to syndicate kingpin Santosh Patil.
C3428,2026-10-05,Mysuru,Fraud,Ramesh Kulkarni,C3388,Dark web specialist who developed backend server infrastructure for fake lottery and KYC update scams. Hosted command servers on offshore bulletproof networks. Ballistic and biometric samples collected from the scene positively correlate with operatives active across Mysuru district.
C3429,2026-10-06,Mysuru,Money Laundering,Abdul Khader,C3379;C3389;C3400,Contract enforcer carried out a severe blade assault against a customs intelligence officer near Malpe Fishing Dock investigating illegal marine cargo shipments. Forensic examination confirmed call detail records linking Abdul Khader directly to syndicate kingpin Abdul Khader.
C3430,2026-10-06,Hubballi,Assault,Imran 'Bike',C3370;C3390;C3400;C3419,Stole high-performance sports motorcycles and luxury SUVs from hotel parking garages across Saraswathipuram Main Road. Stolen vehicles were modified for syndicate robbery escapes. Forensic examination confirmed call detail records linking Imran 'Bike' directly to syndicate kingpin Syed Ali.
C3431,2026-10-07,Mandya,Counterfeiting,Balu 'Cheetah',C3371;C3381,Armed gang breached a commercial jewelry showroom on Mandya Highway Godowns at 02:15 AM using high-pressure oxy-acetylene cutters. Escaped with 21 kg of gold ornaments in a stolen SUV bearing duplicate number plates. Intelligence inputs confirm the operation was financed using layered cryptocurrency transactions and underground hawala channels.
C3432,2026-10-08,Mangaluru,Counterfeiting,Rohan D'Souza,C3382;C3412;C3423,Installed deep-insert ATM skimming devices and pinhole cameras across bank kiosks in Bunder Port Road. Captured magnetic stripe data of over 188 customer accounts. CCTV surveillance footage captured the suspect coordinating with co-accused operatives before fleeing along regional highway corridors.
C3433,2026-10-08,Bengaluru,Cybercrime,Ayesha 'Queen',C3373;C3403;C3423,Identified as a core distributor supplying synthetic ecstasy and cocaine packages to VIP nightlife patrons across HSR Layout Phase 1. Investigators recovered digital ledger entries and encrypted burner SIM cards matching cross-referenced case files.
C3434,2026-10-09,Ballari,Smuggling,Obalesh,C3413;C3414;C3424,Extorted heavy illegal transport levies from fleet operators carrying excavated iron ore across the Sandur Iron Quarry Road mining belt under explicit threat of armed intervention. Ballistic and biometric samples collected from the scene positively correlate with operatives active across Ballari district.
C3435,2026-10-10,Hassan,Smuggling,Nagaraj 'Forest',C3395;C3405,Cultivated 375 acres of illegal cannabis crops hidden deep inside dense forest plantations near Sakleshpur Timber Depot. Distributed weed via timber transport trucks. Forensic examination confirmed call detail records linking Nagaraj 'Forest' directly to syndicate kingpin Nagaraj 'Forest'.
C3436,2026-10-10,Vijayapura,Robbery,Bhimrao,C3386;C3416,Intercepted a bullion transit vehicle on Pune-Bangalore Highway NH-4 using illegal firearms. Looted Rs 102 Lakhs worth of silver ingots and cash bags. Investigators recovered digital ledger entries and encrypted burner SIM cards matching cross-referenced case files.
C3437,2026-10-11,Gadag,Burglary,Santosh Patil,C3387,Demanded Rs 16 Lakhs ransom from the bank branch manager threatening severe bodily harm unless CCTV DVR hard drives from the bank robbery were handed over. Forensic examination confirmed call detail records linking Santosh Patil directly to syndicate kingpin Santosh Patil.
C3438,2026-10-12,Mysuru,Extortion,Ramesh Kulkarni,C3428,Dark web specialist who developed backend server infrastructure for fake lottery and KYC update scams. Hosted command servers on offshore bulletproof networks. Intelligence inputs confirm the operation was financed using layered cryptocurrency transactions and underground hawala channels.
C3439,2026-10-12,Mysuru,Money Laundering,Yusuf 'Seth',C3409,Fishing trawler captain intercepted off Malpe Fishing Dock while transferring 36 kg of contraband red sanders logs and gold biscuits to international vessels. Ballistic and biometric samples collected from the scene positively correlate with operatives active across Mysuru district.
C3440,2026-10-13,Mysuru,Robbery,Syed Ali,C3380;C3410;C3430,Armed gang intercepted a wholesale diamond courier near Gokulam Residential Area. Escaped on high-speed modified stolen motorcycles provided by Syed Ali after looting diamond rings. CCTV surveillance footage captured the suspect coordinating with co-accused operatives before fleeing along regional highway corridors.
C3441,2026-10-14,Mysuru,Arson,Gowrish,C3401,Armed gang breached a commercial jewelry showroom on Saraswathipuram at 02:15 AM using high-pressure oxy-acetylene cutters. Escaped with 40 kg of gold ornaments in a stolen SUV bearing duplicate number plates. CCTV surveillance footage captured the suspect coordinating with co-accused operatives before fleeing along regional highway corridors.
C3442,2026-10-14,Hubballi,Cybercrime,Zaid Khan,C3402;C3412;C3432,Operated an extensive underground hawala transfer hub in Hampankatta Commercial Hub. Laundered Rs 59 Crores generated from ATM skimming operations and offshore crypto routing. Ballistic and biometric samples collected from the scene positively correlate with operatives active across Hubballi district.
C3443,2026-10-15,Mysuru,Arms Trafficking,Chandan Kumar,C3383;C3403,Intercepted on Indiranagar 100ft Road transporting 43 kg of high-grade synthetic MDMA crystals concealed inside custom-built double-bottom compartments of a luxury vehicle. Ballistic and biometric samples collected from the scene positively correlate with operatives active across Mysuru district.
C3444,2026-10-15,Koppal,Assault,Reddy 'Dora',C3424;C3434,Carried out brutal rod and club attacks against unionized truck drivers along Ballari APMC Yard who refused to pay daily illegal highway extortion tolls. Investigators recovered digital ledger entries and encrypted burner SIM cards matching cross-referenced case files.
C3445,2026-10-16,Chikkamagaluru,Narcotics,Manja 'Blade',C3395;C3425,"Attacked forest guards during a midnight anti-poaching patrol near Agumbe Forest Reserve using machetes and iron pipes, allowing the timber smuggling convoy to escape. Intelligence inputs confirm the operation was financed using layered cryptocurrency transactions and underground hawala channels."
C3446,2026-10-17,Kalaburagi,Rioting,Dattatreya,C3436,Intercepted a bullion transit vehicle on Shahapur Quarry Belt using illegal firearms. Looted Rs 23 Lakhs worth of silver ingots and cash bags. Intelligence inputs confirm the operation was financed using layered cryptocurrency transactions and underground hawala channels.
C3447,2026-10-17,Gadag,Burglary,Raghu 'Lock',C3437;C3438,Specialist locksmith who fabricated duplicate master keys and vault bypass tools utilized by Santosh Patil during commercial bank break-ins across Gokul Road Industrial Area. Ballistic and biometric samples collected from the scene positively correlate with operatives active across Gadag district.
C3448,2026-10-18,Bengaluru,Cybercrime,Divya Prakash,C3388,Created 158 fraudulent bank accounts using forged biometric Aadhaar credentials. Accounts were utilized by cyber gangs to rapidly layer and withdraw cash. Investigators recovered digital ledger entries and encrypted burner SIM cards matching cross-referenced case files.
C3449,2026-10-19,Mysuru,Smuggling,Yusuf 'Seth',C3399;C3429,Couried hawala cash bags containing Rs 38 Lakhs between Malpe Fishing Dock and Mumbai jewelry markets to settle trade imbalances generated by contraband exports. CCTV surveillance footage captured the suspect coordinating with co-accused operatives before fleeing along regional highway corridors.
C3450,2026-10-19,Bengaluru,Burglary,Imran 'Bike',C3420,Stole high-performance sports motorcycles and luxury SUVs from hotel parking garages across Jayalakshmipuram Ring Road. Stolen vehicles were modified for syndicate robbery escapes. Investigators recovered digital ledger entries and encrypted burner SIM cards matching cross-referenced case files.
C3451,2026-10-20,Mysuru,Burglary,Balu 'Cheetah',C3411;C3421;C3441,Set fire to a commercial warehouse near Mandya Highway Godowns after the business owner refused to pay extortion demands issued by the Raju Gowda leadership. Intelligence inputs confirm the operation was financed using layered cryptocurrency transactions and underground hawala channels.
C3452,2026-10-21,Hubballi,Fraud,Devdas Kamath,C3392;C3432;C3442,Operated an illicit SIM-box gateway in Malpe Harbor Kiosks converting international VOIP calls into local cellular numbers to mask syndicate cyber extortion communications. Investigators recovered digital ledger entries and encrypted burner SIM cards matching cross-referenced case files.
C3453,2026-10-21,Tumakuru,Money Laundering,Naveen Raj,C3393;C3423;C3433;C3444,Chartered accountant arrested for registering shell companies across Indiranagar 100ft Road to launder narcotics revenue and cryptocurrency payouts for the Karan Sharma network. CCTV surveillance footage captured the suspect coordinating with co-accused operatives before fleeing along regional highway corridors.
C3454,2026-10-22,Koppal,Extortion,Kondaiah,C3424;C3433;C3444,Carried out brutal rod and club attacks against unionized truck drivers along Ballari APMC Yard who refused to pay daily illegal highway extortion tolls. CCTV surveillance footage captured the suspect coordinating with co-accused operatives before fleeing along regional highway corridors.
C3455,2026-10-23,Shivamogga,Assault,Narasimha,C3425;C3426,Apprehended inside Bhadra Wildlife Corridor reserve with 29 kg of high-value red sanders logs and wildlife skins destined for coastal export hubs. CCTV surveillance footage captured the suspect coordinating with co-accused operatives before fleeing along regional highway corridors.
C3456,2026-10-23,Vijayapura,Arms Trafficking,Ganesh 'Gunner',C3406;C3436;C3446,Extorted protection payments from limestone quarry owners near Nipani Border Checkpost threatening armed sabotage using weapons acquired from Subhash Fauji. Ballistic and biometric samples collected from the scene positively correlate with operatives active across Vijayapura district.
C3457,2026-10-24,Gadag,Extortion,Prakash Jhadav,C3438;C3447,Specialist locksmith who fabricated duplicate master keys and vault bypass tools utilized by Santosh Patil during commercial bank break-ins across Gokul Road Industrial Area. Forensic examination confirmed call detail records linking Prakash Jhadav directly to syndicate kingpin Santosh Patil.
C3458,2026-10-25,Bengaluru,Cybercrime,Divya Prakash,C3398;C3428,Supervised call center telecallers in Whitefield Tech Park Road impersonating customs and police officials to extort money from victims under fake parcel seizure threats. Investigators recovered digital ledger entries and encrypted burner SIM cards matching cross-referenced case files.
C3459,2026-10-25,Mangaluru,Robbery,Usman,C3439,Contract enforcer carried out a severe blade assault against a customs intelligence officer near Malpe Fishing Dock investigating illegal marine cargo shipments. Intelligence inputs confirm the operation was financed using layered cryptocurrency transactions and underground hawala channels.
C3460,2026-10-26,Mysuru,Vehicle Theft,Muralidhar,C3400;C3410;C3420,Armed gang intercepted a wholesale diamond courier near Jayalakshmipuram Ring Road. Escaped on high-speed modified stolen motorcycles provided by Syed Ali after looting diamond rings. Forensic examination confirmed call detail records linking Muralidhar directly to syndicate kingpin Syed Ali.
C3461,2026-10-27,Mandya,Robbery,Shiva 'Gas',C3411;C3441;C3451,Raided a clandestine printing press inside an industrial shed producing high-quality fake currency notes of Rs 500 denomination used by syndicate operatives to settle debts. Ballistic and biometric samples collected from the scene positively correlate with operatives active across Mandya district.
C3462,2026-10-27,Udupi,Counterfeiting,Rajat,C3432,Installed deep-insert ATM skimming devices and pinhole cameras across bank kiosks in Manipal University Road. Captured magnetic stripe data of over 108 customer accounts. Forensic examination confirmed call detail records linking Rajat directly to syndicate kingpin Zaid Khan.
C3463,2026-10-28,Tumakuru,Arms Trafficking,Ayesha 'Queen',C3403;C3413;C3453;C3462,Chartered accountant arrested for registering shell companies across HSR Layout Phase 1 to launder narcotics revenue and cryptocurrency payouts for the Karan Sharma network. Ballistic and biometric samples collected from the scene positively correlate with operatives active across Tumakuru district.
C3464,2026-10-28,Raichur,Murder,Obalesh,C3434;C3444;C3454,Carried out brutal rod and club attacks against unionized truck drivers along Sandur Iron Quarry Road who refused to pay daily illegal highway extortion tolls. Forensic examination confirmed call detail records linking Obalesh directly to syndicate kingpin Reddy 'Dora'.
C3465,2026-10-29,Shivamogga,Vehicle Theft,Basavaraj Naik,C3415;C3435;C3445,Cultivated 366 acres of illegal cannabis crops hidden deep inside dense forest plantations near Sakleshpur Timber Depot. Distributed weed via timber transport trucks. Investigators recovered digital ledger entries and encrypted burner SIM cards matching cross-referenced case files.
C3466,2026-10-30,Belagavi,Robbery,Sachin Shinde,C3426,Arrested carrying country-made carbines and shotguns procured across the state border for distribution to southern crime syndicates operating in Bangalore and Mysuru. Ballistic and biometric samples collected from the scene positively correlate with operatives active across Belagavi district.
C3467,2026-10-30,Dharwad,Assault,Laxman 'Laxi',C3417;C3458,Specialist locksmith who fabricated duplicate master keys and vault bypass tools utilized by Santosh Patil during commercial bank break-ins across Vidyanagar Bank Circle. CCTV surveillance footage captured the suspect coordinating with co-accused operatives before fleeing along regional highway corridors.
C3468,2026-10-31,Bengaluru,Extortion,Ananya 'CA',C3438;C3458,Engineered fraudulent investment trading APK applications. Tricked senior citizens across Marathahalli Bridge into depositing over Rs 87 Lakhs into compromised mule accounts. Ballistic and biometric samples collected from the scene positively correlate with operatives active across Bengaluru district.
C3469,2026-11-01,Mysuru,Smuggling,Yusuf 'Seth',C3409;C3429,Senior associate in the hawala syndicate managing real estate front companies along Old Port Bunder Harbor to absorb illicit cash inflows extorted from coastal traders. Intelligence inputs confirm the operation was financed using layered cryptocurrency transactions and underground hawala channels.
C3470,2026-11-01,Mysuru,Assault,Muralidhar,C3430;C3460,Armed gang intercepted a wholesale diamond courier near Saraswathipuram Main Road. Escaped on high-speed modified stolen motorcycles provided by Syed Ali after looting diamond rings. Investigators recovered digital ledger entries and encrypted burner SIM cards matching cross-referenced case files.
C3471,2026-11-02,Mandya,Arson,Shiva 'Gas',C3451,Armed gang breached a commercial jewelry showroom on Vijayanagar Industrial Area at 02:15 AM using high-pressure oxy-acetylene cutters. Escaped with 115 kg of gold ornaments in a stolen SUV bearing duplicate number plates. Investigators recovered digital ledger entries and encrypted burner SIM cards matching cross-referenced case files.
C3472,2026-11-03,Mangaluru,Fraud,Rajat,C3422;C3452;C3453,Technical engineer seized with 90 blank NFC-enabled debit cards. Confessed to cloning card dumps harvested via illegal skimming hardware across coastal districts. Intelligence inputs confirm the operation was financed using layered cryptocurrency transactions and underground hawala channels.
C3473,2026-11-03,Tumakuru,Cybercrime,Naveen Raj,C3434;C3443;C3453,Intercepted on Indiranagar 100ft Road transporting 74 kg of high-grade synthetic MDMA crystals concealed inside custom-built double-bottom compartments of a luxury vehicle. Forensic examination confirmed call detail records linking Naveen Raj directly to syndicate kingpin Karan 'Bhai' Sharma.
C3474,2026-11-04,Raichur,Murder,Reddy 'Dora',C3424;C3464,Carried out brutal rod and club attacks against unionized truck drivers along Sandur Iron Quarry Road who refused to pay daily illegal highway extortion tolls. Ballistic and biometric samples collected from the scene positively correlate with operatives active across Raichur district.
C3475,2026-11-05,Chikkamagaluru,Smuggling,Harish 'Ganja',C3415;C3465,Apprehended inside Agumbe Forest Reserve reserve with 84 kg of high-value red sanders logs and wildlife skins destined for coastal export hubs. Intelligence inputs confirm the operation was financed using layered cryptocurrency transactions and underground hawala channels.
C3476,2026-11-05,Vijayapura,Burglary,Tariq Anwar,C3426;C3436;C3456;C3457,Extorted protection payments from limestone quarry owners near Nipani Border Checkpost threatening armed sabotage using weapons acquired from Subhash Fauji. CCTV surveillance footage captured the suspect coordinating with co-accused operatives before fleeing along regional highway corridors.
C3477,2026-11-06,Gadag,Burglary,Santosh Patil,C3417,Demanded Rs 93 Lakhs ransom from the bank branch manager threatening severe bodily harm unless CCTV DVR hard drives from the bank robbery were handed over. Ballistic and biometric samples collected from the scene positively correlate with operatives active across Gadag district.
C3478,2026-11-07,Mysuru,Cybercrime,Tarun 'CA',C3418;C3428;C3439;C3448,Supervised call center telecallers in Marathahalli Bridge impersonating customs and police officials to extort money from victims under fake parcel seizure threats. CCTV surveillance footage captured the suspect coordinating with co-accused operatives before fleeing along regional highway corridors.
C3479,2026-11-07,Udupi,Money Laundering,John 'Captain',C3439;C3449;C3460;C3469,Couried hawala cash bags containing Rs 18 Lakhs between Surathkal Highway Checkpoint and Mumbai jewelry markets to settle trade imbalances generated by contraband exports. CCTV surveillance footage captured the suspect coordinating with co-accused operatives before fleeing along regional highway corridors.
C3480,2026-11-08,Mysuru,Robbery,Somu 'Blade',C3440,Operated a clandestine chop-shop in Gokulam Residential Area dismantling stolen cargo vans and altering engine serial numbers to prevent detection during police inspections. Forensic examination confirmed call detail records linking Somu 'Blade' directly to syndicate kingpin Syed Ali.
C3481,2026-11-09,Mandya,Burglary,Santhosh 'Oxy',C3451;C3461,Co-conspirator in the Saraswathipuram vault break-in. Apprehended at a hidden workshop while attempting to melt 76 kg of stolen gold bars into untraceable bullion ingots. Forensic examination confirmed call detail records linking Santhosh 'Oxy' directly to syndicate kingpin Raju Gowda.
C3482,2026-11-09,Udupi,Money Laundering,Sanath,C3452;C3462,Operated an extensive underground hawala transfer hub in Bunder Port Road. Laundered Rs 99 Crores generated from ATM skimming operations and offshore crypto routing. Forensic examination confirmed call detail records linking Sanath directly to syndicate kingpin Zaid Khan.
C3483,2026-11-10,Tumakuru,Money Laundering,Karan 'Bhai' Sharma,C3423;C3443;C3453,Coordinated mass phishing SMS bursts targeting net banking users across Karnataka. Utilized compromised mule credentials to layer funds into dark web crypto wallets. Intelligence inputs confirm the operation was financed using layered cryptocurrency transactions and underground hawala channels.
C3484,2026-11-10,Ballari,Smuggling,Veerabhadraappa,C3434,Extorted heavy illegal transport levies from fleet operators carrying excavated iron ore across the Toranagallu Highway mining belt under explicit threat of armed intervention. CCTV surveillance footage captured the suspect coordinating with co-accused operatives before fleeing along regional highway corridors.
C3485,2026-11-11,Hassan,Narcotics,Gajendra,C3435;C3475,Cultivated 446 acres of illegal cannabis crops hidden deep inside dense forest plantations near Sakleshpur Timber Depot. Distributed weed via timber transport trucks. Ballistic and biometric samples collected from the scene positively correlate with operatives active across Hassan district.
C3486,2026-11-12,Bidar,Burglary,Bhimrao,C3466,Extorted protection payments from limestone quarry owners near Pune-Bangalore Highway NH-4 threatening armed sabotage using weapons acquired from Subhash Fauji. Ballistic and biometric samples collected from the scene positively correlate with operatives active across Bidar district.
C3487,2026-11-12,Gadag,Burglary,Santosh Patil,C3427;C3447;C3477,Demanded Rs 104 Lakhs ransom from the bank branch manager threatening severe bodily harm unless CCTV DVR hard drives from the bank robbery were handed over. CCTV surveillance footage captured the suspect coordinating with co-accused operatives before fleeing along regional highway corridors.
C3488,2026-11-13,Tumakuru,Money Laundering,Meghana,C3458;C3468,Dark web specialist who developed backend server infrastructure for fake lottery and KYC update scams. Hosted command servers on offshore bulletproof networks. Intelligence inputs confirm the operation was financed using layered cryptocurrency transactions and underground hawala channels.
C3489,2026-11-14,Udupi,Assault,John 'Captain',C3439;C3458;C3479,Contract enforcer carried out a severe blade assault against a customs intelligence officer near Surathkal Highway Checkpoint investigating illegal marine cargo shipments. Investigators recovered digital ledger entries and encrypted burner SIM cards matching cross-referenced case files.
C3490,2026-11-14,Mysuru,Burglary,Salman,C3470;C3480,Operated a clandestine chop-shop in Saraswathipuram Main Road dismantling stolen cargo vans and altering engine serial numbers to prevent detection during police inspections. Intelligence inputs confirm the operation was financed using layered cryptocurrency transactions and underground hawala channels.
C3491,2026-11-15,Mandya,Arson,Raghavendra 'Raghu',C3431;C3471,Co-conspirator in the Vijayanagar Industrial Area vault break-in. Apprehended at a hidden workshop while attempting to melt 67 kg of stolen gold bars into untraceable bullion ingots. Intelligence inputs confirm the operation was financed using layered cryptocurrency transactions and underground hawala channels.
C3492,2026-11-16,Udupi,Cybercrime,Sanath,C3452;C3453;C3482,Operated an extensive underground hawala transfer hub in Manipal University Road. Laundered Rs 74 Crores generated from ATM skimming operations and offshore crypto routing. Forensic examination confirmed call detail records linking Sanath directly to syndicate kingpin Zaid Khan.
C3493,2026-11-16,Tumakuru,Narcotics,Sunny 'DJ',C3433;C3453;C3483,Chartered accountant arrested for registering shell companies across Electronic City Phase 2 to launder narcotics revenue and cryptocurrency payouts for the Karan Sharma network. Intelligence inputs confirm the operation was financed using layered cryptocurrency transactions and underground hawala channels.
C3494,2026-11-17,Koppal,Murder,Yellappa,C3434;C3444,Intercepted near mining checkpost transporting 22 tonnes of illegally excavated iron ore and red sanders timber with fabricated transit documents. CCTV surveillance footage captured the suspect coordinating with co-accused operatives before fleeing along regional highway corridors.
C3495,2026-11-18,Hassan,Assault,Narasimha,C3456;C3475;C3485,"Attacked forest guards during a midnight anti-poaching patrol near Bhadra Wildlife Corridor using machetes and iron pipes, allowing the timber smuggling convoy to escape. Ballistic and biometric samples collected from the scene positively correlate with operatives active across Hassan district."
C3496,2026-11-18,Kalaburagi,Burglary,Sachin Shinde,C3475;C3486,Extorted protection payments from limestone quarry owners near Shahapur Quarry Belt threatening armed sabotage using weapons acquired from Subhash Fauji. Ballistic and biometric samples collected from the scene positively correlate with operatives active across Kalaburagi district.
C3497,2026-11-19,Gadag,Extortion,Raghu 'Lock',C3437;C3457;C3487,Demanded Rs 111 Lakhs ransom from the bank branch manager threatening severe bodily harm unless CCTV DVR hard drives from the bank robbery were handed over. CCTV surveillance footage captured the suspect coordinating with co-accused operatives before fleeing along regional highway corridors.
C3498,2026-11-20,Bengaluru,Extortion,Deepa 'Mam',C3478,Created 175 fraudulent bank accounts using forged biometric Aadhaar credentials. Accounts were utilized by cyber gangs to rapidly layer and withdraw cash. Forensic examination confirmed call detail records linking Deepa 'Mam' directly to syndicate kingpin Divya Prakash.
C3499,2026-11-20,Mangaluru,Money Laundering,Usman,C3469;C3479,Couried hawala cash bags containing Rs 48 Lakhs between Surathkal Highway Checkpoint and Mumbai jewelry markets to settle trade imbalances generated by contraband exports. Intelligence inputs confirm the operation was financed using layered cryptocurrency transactions and underground hawala channels.
C3500,2026-11-21,Bengaluru,Vehicle Theft,Somu 'Blade',C3460;C3470,Stole high-performance sports motorcycles and luxury SUVs from hotel parking garages across Gokulam Residential Area. Stolen vehicles were modified for syndicate robbery escapes. Ballistic and biometric samples collected from the scene positively correlate with operatives active across Bengaluru district.
C3501,2026-11-22,Mandya,Counterfeiting,Shiva 'Gas',C3461,Set fire to a commercial warehouse near Mandya Highway Godowns after the business owner refused to pay extortion demands issued by the Raju Gowda leadership. Investigators recovered digital ledger entries and encrypted burner SIM cards matching cross-referenced case files.
C3502,2026-11-22,Hubballi,Money Laundering,Srinivas 'Tech',C3442;C3452;C3462,Installed deep-insert ATM skimming devices and pinhole cameras across bank kiosks in Hampankatta Commercial Hub. Captured magnetic stripe data of over 90 customer accounts. Intelligence inputs confirm the operation was financed using layered cryptocurrency transactions and underground hawala channels.
C3503,2026-11-23,Bengaluru,Money Laundering,Sunny 'DJ',C3453;C3463;C3472,Coordinated mass phishing SMS bursts targeting net banking users across Karnataka. Utilized compromised mule credentials to layer funds into dark web crypto wallets. Forensic examination confirmed call detail records linking Sunny 'DJ' directly to syndicate kingpin Karan 'Bhai' Sharma.
C3504,2026-11-23,Raichur,Assault,Kondaiah,C3494;C3495,Extorted heavy illegal transport levies from fleet operators carrying excavated iron ore across the Ballari APMC Yard mining belt under explicit threat of armed intervention. CCTV surveillance footage captured the suspect coordinating with co-accused operatives before fleeing along regional highway corridors.
C3505,2026-11-24,Hassan,Narcotics,Dharma,C3465,Stole heavy-duty off-road tractors and winches from agricultural estates to drag felled contraband trees through difficult jungle terrain near Mudigere Plantation Border. Ballistic and biometric samples collected from the scene positively correlate with operatives active across Hassan district.
C3506,2026-11-25,Vijayapura,Robbery,Ganesh 'Gunner',C3486,Extorted protection payments from limestone quarry owners near Nipani Border Checkpost threatening armed sabotage using weapons acquired from Subhash Fauji. CCTV surveillance footage captured the suspect coordinating with co-accused operatives before fleeing along regional highway corridors.
C3507,2026-11-25,Hubballi,Burglary,Ravi 'Rambo',C3447;C3497;C3498,Nighttime break-in at a commercial cooperative bank branch in Dharwad Court Road. Alarm wiring disabled via insider blueprints; vault door breached via hydraulic spreaders. Forensic examination confirmed call detail records linking Ravi 'Rambo' directly to syndicate kingpin Santosh Patil.
C3508,2026-11-26,Bengaluru,Extortion,Tarun 'CA',C3478;C3488;C3499,Supervised call center telecallers in Jayanagar 9th Block impersonating customs and police officials to extort money from victims under fake parcel seizure threats. Forensic examination confirmed call detail records linking Tarun 'CA' directly to syndicate kingpin Divya Prakash.
C3509,2026-11-27,Mysuru,Money Laundering,Abdul Khader,C3449;C3469;C3479,Senior associate in the hawala syndicate managing real estate front companies along Surathkal Highway Checkpoint to absorb illicit cash inflows extorted from coastal traders. Forensic examination confirmed call detail records linking Abdul Khader directly to syndicate kingpin Abdul Khader.
C3510,2026-11-27,Bengaluru,Robbery,Syed Ali,C3460;C3470;C3509,Operated a clandestine chop-shop in Jayalakshmipuram Ring Road dismantling stolen cargo vans and altering engine serial numbers to prevent detection during police inspections. Forensic examination confirmed call detail records linking Syed Ali directly to syndicate kingpin Syed Ali.
C3511,2026-11-28,Hassan,Counterfeiting,Gowrish,C3461;C3480;C3501,Co-conspirator in the Mandya Highway Godowns vault break-in. Apprehended at a hidden workshop while attempting to melt 64 kg of stolen gold bars into untraceable bullion ingots. Intelligence inputs confirm the operation was financed using layered cryptocurrency transactions and underground hawala channels.
C3512,2026-11-29,Hubballi,Counterfeiting,Rajat,C3452;C3502,Technical engineer seized with 100 blank NFC-enabled debit cards. Confessed to cloning card dumps harvested via illegal skimming hardware across coastal districts. Investigators recovered digital ledger entries and encrypted burner SIM cards matching cross-referenced case files.
C3513,2026-11-29,Tumakuru,Money Laundering,Tenzin,C3463;C3493;C3503,Intercepted on Koramangala 4th Block transporting 77 kg of high-grade synthetic MDMA crystals concealed inside custom-built double-bottom compartments of a luxury vehicle. Forensic examination confirmed call detail records linking Tenzin directly to syndicate kingpin Karan 'Bhai' Sharma.
C3514,2026-11-30,Koppal,Extortion,Kondaiah,C3464,Intercepted near mining checkpost transporting 73 tonnes of illegally excavated iron ore and red sanders timber with fabricated transit documents. Investigators recovered digital ledger entries and encrypted burner SIM cards matching cross-referenced case files.
C3515,2026-12-01,Hassan,Smuggling,Basavaraj Naik,C3485,"Attacked forest guards during a midnight anti-poaching patrol near Bhadra Wildlife Corridor using machetes and iron pipes, allowing the timber smuggling convoy to escape. CCTV surveillance footage captured the suspect coordinating with co-accused operatives before fleeing along regional highway corridors."
C3516,2026-12-01,Vijayapura,Rioting,Ajay 'Border',C3466;C3476;C3496,Intercepted a bullion transit vehicle on Nipani Border Checkpost using illegal firearms. Looted Rs 90 Lakhs worth of silver ingots and cash bags. Ballistic and biometric samples collected from the scene positively correlate with operatives active across Vijayapura district.
C3517,2026-12-02,Hubballi,Burglary,Raghu 'Lock',C3467;C3477,Specialist locksmith who fabricated duplicate master keys and vault bypass tools utilized by Santosh Patil during commercial bank break-ins across Hubballi APMC Market Yard. Investigators recovered digital ledger entries and encrypted burner SIM cards matching cross-referenced case files.
C3518,2026-12-03,Bengaluru,Extortion,Nitin 'Hacker',C3458;C3507;C3508,Supervised call center telecallers in Jayanagar 9th Block impersonating customs and police officials to extort money from victims under fake parcel seizure threats. Investigators recovered digital ledger entries and encrypted burner SIM cards matching cross-referenced case files.
C3519,2026-12-03,Mangaluru,Assault,Usman,C3469,Fishing trawler captain intercepted off Ullal Beach Road while transferring 106 kg of contraband red sanders logs and gold biscuits to international vessels. Intelligence inputs confirm the operation was financed using layered cryptocurrency transactions and underground hawala channels.
C3520,2026-12-04,Mysuru,Robbery,Muralidhar,C3460;C3470;C3510,Stole high-performance sports motorcycles and luxury SUVs from hotel parking garages across Jayalakshmipuram Ring Road. Stolen vehicles were modified for syndicate robbery escapes. Intelligence inputs confirm the operation was financed using layered cryptocurrency transactions and underground hawala channels.
C3521,2026-12-05,Mysuru,Arson,Gowrish,C3481;C3500,Set fire to a commercial warehouse near Mandya Highway Godowns after the business owner refused to pay extortion demands issued by the Raju Gowda leadership. Forensic examination confirmed call detail records linking Gowrish directly to syndicate kingpin Raju Gowda.
C3522,2026-12-05,Mangaluru,Counterfeiting,Devdas Kamath,C3482;C3502,Operated an illicit SIM-box gateway in Hampankatta Commercial Hub converting international VOIP calls into local cellular numbers to mask syndicate cyber extortion communications. Forensic examination confirmed call detail records linking Devdas Kamath directly to syndicate kingpin Zaid Khan.
C3523,2026-12-06,Tumakuru,Cybercrime,Naveen Raj,C3463;C3503;C3522,Chartered accountant arrested for registering shell companies across HSR Layout Phase 1 to launder narcotics revenue and cryptocurrency payouts for the Karan Sharma network. Ballistic and biometric samples collected from the scene positively correlate with operatives active across Tumakuru district.
C3524,2026-12-06,Ballari,Extortion,Muni 'Rowdy',C3514,Carried out brutal rod and club attacks against unionized truck drivers along Ballari APMC Yard who refused to pay daily illegal highway extortion tolls. CCTV surveillance footage captured the suspect coordinating with co-accused operatives before fleeing along regional highway corridors.
C3525,2026-12-07,Hassan,Vehicle Theft,Nagaraj 'Forest',C3475;C3515,Stole heavy-duty off-road tractors and winches from agricultural estates to drag felled contraband trees through difficult jungle terrain near Agumbe Forest Reserve. Investigators recovered digital ledger entries and encrypted burner SIM cards matching cross-referenced case files.
C3526,2026-12-08,Bidar,Robbery,Sachin Shinde,C3486;C3515,Intercepted a bullion transit vehicle on Nipani Border Checkpost using illegal firearms. Looted Rs 74 Lakhs worth of silver ingots and cash bags. CCTV surveillance footage captured the suspect coordinating with co-accused operatives before fleeing along regional highway corridors.
C3527,2026-12-08,Hubballi,Rioting,Vinay 'Vinu',C3477;C3507;C3517,Demanded Rs 67 Lakhs ransom from the bank branch manager threatening severe bodily harm unless CCTV DVR hard drives from the bank robbery were handed over. CCTV surveillance footage captured the suspect coordinating with co-accused operatives before fleeing along regional highway corridors.
C3528,2026-12-09,Bengaluru,Extortion,Ramesh Kulkarni,C3518,Dark web specialist who developed backend server infrastructure for fake lottery and KYC update scams. Hosted command servers on offshore bulletproof networks. Intelligence inputs confirm the operation was financed using layered cryptocurrency transactions and underground hawala channels.
C3529,2026-12-10,Mangaluru,Money Laundering,Farooq 'Blade',C3469;C3519,Fishing trawler captain intercepted off Surathkal Highway Checkpoint while transferring 82 kg of contraband red sanders logs and gold biscuits to international vessels. CCTV surveillance footage captured the suspect coordinating with co-accused operatives before fleeing along regional highway corridors.
C3530,2026-12-10,Hubballi,Vehicle Theft,Imran 'Bike',C3510,Enforcer executed a daylight attack against rival vehicle thieves near Peenya Industrial Sheds to establish total monopoly over getaway vehicle supplies for commercial bank robbers. Ballistic and biometric samples collected from the scene positively correlate with operatives active across Hubballi district.
C3531,2026-12-11,Mysuru,Burglary,Raju Gowda,C3481;C3491;C3501,Armed gang breached a commercial jewelry showroom on Mandya Highway Godowns at 02:15 AM using high-pressure oxy-acetylene cutters. Escaped with 74 kg of gold ornaments in a stolen SUV bearing duplicate number plates. Investigators recovered digital ledger entries and encrypted burner SIM cards matching cross-referenced case files.
C3532,2026-12-12,Hubballi,Fraud,Rajat,C3502;C3522,Installed deep-insert ATM skimming devices and pinhole cameras across bank kiosks in Hampankatta Commercial Hub. Captured magnetic stripe data of over 393 customer accounts. Ballistic and biometric samples collected from the scene positively correlate with operatives active across Hubballi district.
C3533,2026-12-12,Tumakuru,Narcotics,Tenzin,C3513;C3523,Coordinated mass phishing SMS bursts targeting net banking users across Karnataka. Utilized compromised mule credentials to layer funds into dark web crypto wallets. Forensic examination confirmed call detail records linking Tenzin directly to syndicate kingpin Karan 'Bhai' Sharma.
C3534,2026-12-13,Raichur,Murder,Muni 'Rowdy',C3494;C3504,Intercepted near mining checkpost transporting 37 tonnes of illegally excavated iron ore and red sanders timber with fabricated transit documents. Intelligence inputs confirm the operation was financed using layered cryptocurrency transactions and underground hawala channels.
C3535,2026-12-14,Hassan,Smuggling,Dharma,C3485,"Attacked forest guards during a midnight anti-poaching patrol near Bhadra Wildlife Corridor using machetes and iron pipes, allowing the timber smuggling convoy to escape. Intelligence inputs confirm the operation was financed using layered cryptocurrency transactions and underground hawala channels."
C3536,2026-12-14,Kalaburagi,Robbery,Sachin Shinde,C3496;C3506;C3517;C3526,Extorted protection payments from limestone quarry owners near Bidar Railway Godowns threatening armed sabotage using weapons acquired from Subhash Fauji. Forensic examination confirmed call detail records linking Sachin Shinde directly to syndicate kingpin Tariq Anwar.
C3537,2026-12-15,Dharwad,Rioting,Vinay 'Vinu',C3477;C3487;C3527,Specialist locksmith who fabricated duplicate master keys and vault bypass tools utilized by Santosh Patil during commercial bank break-ins across Vidyanagar Bank Circle. Investigators recovered digital ledger entries and encrypted burner SIM cards matching cross-referenced case files.
C3538,2026-12-16,Mysuru,Fraud,Divya Prakash,C3478;C3488,Dark web specialist who developed backend server infrastructure for fake lottery and KYC update scams. Hosted command servers on offshore bulletproof networks. Intelligence inputs confirm the operation was financed using layered cryptocurrency transactions and underground hawala channels.
C3539,2026-12-16,Mangaluru,Robbery,Usman,C3479;C3499;C3518;C3529,Senior associate in the hawala syndicate managing real estate front companies along Surathkal Highway Checkpoint to absorb illicit cash inflows extorted from coastal traders. Ballistic and biometric samples collected from the scene positively correlate with operatives active across Mangaluru district.
C3540,2026-12-17,Bengaluru,Assault,Prashanth 'Pachhi',C3500;C3511,Enforcer executed a daylight attack against rival vehicle thieves near Jayalakshmipuram Ring Road to establish total monopoly over getaway vehicle supplies for commercial bank robbers. Forensic examination confirmed call detail records linking Prashanth 'Pachhi' directly to syndicate kingpin Syed Ali.
C3541,2026-12-18,Mysuru,Counterfeiting,Raghavendra 'Raghu',C3491;C3501;C3520;C3521,Co-conspirator in the Saraswathipuram vault break-in. Apprehended at a hidden workshop while attempting to melt 29 kg of stolen gold bars into untraceable bullion ingots. Ballistic and biometric samples collected from the scene positively correlate with operatives active across Mysuru district.
C3542,2026-12-18,Hubballi,Money Laundering,Sameer 'Sam',C3492,Installed deep-insert ATM skimming devices and pinhole cameras across bank kiosks in Manipal University Road. Captured magnetic stripe data of over 115 customer accounts. Ballistic and biometric samples collected from the scene positively correlate with operatives active across Hubballi district.
C3543,2026-12-19,Mysuru,Cybercrime,Naveen Raj,C3513,Coordinated mass phishing SMS bursts targeting net banking users across Karnataka. Utilized compromised mule credentials to layer funds into dark web crypto wallets. Forensic examination confirmed call detail records linking Naveen Raj directly to syndicate kingpin Karan 'Bhai' Sharma.
C3544,2026-12-19,Raichur,Murder,Yellappa,C3504;C3524,Executed a targeted shooting of a rival transport contractor at a roadside dhaba near Sandur Iron Quarry Road to establish total monopoly over mining transport lines. CCTV surveillance footage captured the suspect coordinating with co-accused operatives before fleeing along regional highway corridors.
C3545,2026-12-20,Shivamogga,Assault,Basavaraj Naik,C3485;C3515,"Attacked forest guards during a midnight anti-poaching patrol near Mudigere Plantation Border using machetes and iron pipes, allowing the timber smuggling convoy to escape. Ballistic and biometric samples collected from the scene positively correlate with operatives active across Shivamogga district."
C3546,2026-12-21,Belagavi,Robbery,Subhash 'Fauji',C3486;C3496;C3507,Extorted protection payments from limestone quarry owners near Pune-Bangalore Highway NH-4 threatening armed sabotage using weapons acquired from Subhash Fauji. Intelligence inputs confirm the operation was financed using layered cryptocurrency transactions and underground hawala channels.
C3547,2026-12-21,Gadag,Burglary,Vinay 'Vinu',C3497;C3517,Incited violent mob disturbances in Vidyanagar Bank Circle commercial market area to divert police rapid action teams away from extortion cash drop-offs. Ballistic and biometric samples collected from the scene positively correlate with operatives active across Gadag district.
C3548,2026-12-22,Mysuru,Extortion,Nitin 'Hacker',C3538,Supervised call center telecallers in Jayanagar 9th Block impersonating customs and police officials to extort money from victims under fake parcel seizure threats. CCTV surveillance footage captured the suspect coordinating with co-accused operatives before fleeing along regional highway corridors.
C3549,2026-12-23,Mysuru,Robbery,Abdul Khader,C3489;C3499;C3529,Couried hawala cash bags containing Rs 23 Lakhs between Malpe Fishing Dock and Mumbai jewelry markets to settle trade imbalances generated by contraband exports. CCTV surveillance footage captured the suspect coordinating with co-accused operatives before fleeing along regional highway corridors.
C3550,2026-12-23,Mysuru,Vehicle Theft,Farhan 'Auto',C3500;C3530,Operated a clandestine chop-shop in Peenya Industrial Sheds dismantling stolen cargo vans and altering engine serial numbers to prevent detection during police inspections. Ballistic and biometric samples collected from the scene positively correlate with operatives active across Mysuru district.
C3551,2026-12-24,Hassan,Arson,Raju Gowda,C3511;C3531,Set fire to a commercial warehouse near Saraswathipuram after the business owner refused to pay extortion demands issued by the Raju Gowda leadership. Forensic examination confirmed call detail records linking Raju Gowda directly to syndicate kingpin Raju Gowda.
C3552,2026-12-25,Mangaluru,Counterfeiting,Srinivas 'Tech',C3492;C3512;C3522,Operated an illicit SIM-box gateway in Bunder Port Road converting international VOIP calls into local cellular numbers to mask syndicate cyber extortion communications. Ballistic and biometric samples collected from the scene positively correlate with operatives active across Mangaluru district.
C3553,2026-12-25,Mysuru,Narcotics,Siddharth Mehta,C3523;C3533;C3543,Identified as a core distributor supplying synthetic ecstasy and cocaine packages to VIP nightlife patrons across Electronic City Phase 2. Intelligence inputs confirm the operation was financed using layered cryptocurrency transactions and underground hawala channels.
C3554,2026-12-26,Ballari,Murder,Veerabhadraappa,C3514,Carried out brutal rod and club attacks against unionized truck drivers along Sandur Iron Quarry Road who refused to pay daily illegal highway extortion tolls. Ballistic and biometric samples collected from the scene positively correlate with operatives active across Ballari district.
C3555,2026-12-27,Chikkamagaluru,Vehicle Theft,Manja 'Blade',C3515,Apprehended inside Agumbe Forest Reserve reserve with 113 kg of high-value red sanders logs and wildlife skins destined for coastal export hubs. Investigators recovered digital ledger entries and encrypted burner SIM cards matching cross-referenced case files.
C3556,2026-12-27,Belagavi,Robbery,Dattatreya,C3516;C3546,Arrested carrying country-made carbines and shotguns procured across the state border for distribution to southern crime syndicates operating in Bangalore and Mysuru. Ballistic and biometric samples collected from the scene positively correlate with operatives active across Belagavi district.
C3557,2026-12-28,Hubballi,Burglary,Santosh Patil,C3517;C3527,Demanded Rs 42 Lakhs ransom from the bank branch manager threatening severe bodily harm unless CCTV DVR hard drives from the bank robbery were handed over. Intelligence inputs confirm the operation was financed using layered cryptocurrency transactions and underground hawala channels.
C3558,2026-12-29,Bengaluru,Cybercrime,Ananya 'CA',C3498;C3538;C3548,Engineered fraudulent investment trading APK applications. Tricked senior citizens across Whitefield Tech Park Road into depositing over Rs 119 Lakhs into compromised mule accounts. Forensic examination confirmed call detail records linking Ananya 'CA' directly to syndicate kingpin Divya Prakash.
C3559,2026-12-29,Udupi,Assault,Rasheed 'Sultaan',C3529,Senior associate in the hawala syndicate managing real estate front companies along Ullal Beach Road to absorb illicit cash inflows extorted from coastal traders. Forensic examination confirmed call detail records linking Rasheed 'Sultaan' directly to syndicate kingpin Abdul Khader.
C3560,2026-12-30,Hubballi,Vehicle Theft,Somu 'Blade',C3510;C3520;C3529;C3550,Enforcer executed a daylight attack against rival vehicle thieves near Gokulam Residential Area to establish total monopoly over getaway vehicle supplies for commercial bank robbers. CCTV surveillance footage captured the suspect coordinating with co-accused operatives before fleeing along regional highway corridors.
C3561,2026-12-31,Mandya,Burglary,Anand Verma,C3501;C3541;C3551,Raided a clandestine printing press inside an industrial shed producing high-quality fake currency notes of Rs 500 denomination used by syndicate operatives to settle debts. Forensic examination confirmed call detail records linking Anand Verma directly to syndicate kingpin Raju Gowda.
C3562,2026-12-31,Mangaluru,Cybercrime,Rohan D'Souza,C3512;C3522;C3551;C3552,Technical engineer seized with 296 blank NFC-enabled debit cards. Confessed to cloning card dumps harvested via illegal skimming hardware across coastal districts. Intelligence inputs confirm the operation was financed using layered cryptocurrency transactions and underground hawala channels.
C3563,2027-01-01,Bengaluru,Narcotics,Karan 'Bhai' Sharma,C3503;C3513;C3543,Chartered accountant arrested for registering shell companies across Koramangala 4th Block to launder narcotics revenue and cryptocurrency payouts for the Karan Sharma network. Forensic examination confirmed call detail records linking Karan 'Bhai' Sharma directly to syndicate kingpin Karan 'Bhai' Sharma.
C3564,2027-01-01,Raichur,Extortion,Obalesh,C3543;C3544;C3554,Intercepted near mining checkpost transporting 69 tonnes of illegally excavated iron ore and red sanders timber with fabricated transit documents. Intelligence inputs confirm the operation was financed using layered cryptocurrency transactions and underground hawala channels.
C3565,2027-01-02,Shivamogga,Vehicle Theft,Nagaraj 'Forest',C3505;C3535;C3564,Cultivated 409 acres of illegal cannabis crops hidden deep inside dense forest plantations near Sakleshpur Timber Depot. Distributed weed via timber transport trucks. Forensic examination confirmed call detail records linking Nagaraj 'Forest' directly to syndicate kingpin Nagaraj 'Forest'.
C3566,2027-01-03,Belagavi,Burglary,Ganesh 'Gunner',C3536;C3546,Extorted protection payments from limestone quarry owners near Pune-Bangalore Highway NH-4 threatening armed sabotage using weapons acquired from Subhash Fauji. Ballistic and biometric samples collected from the scene positively correlate with operatives active across Belagavi district.
C3567,2027-01-03,Dharwad,Extortion,Raghu 'Lock',C3527;C3528;C3557,Specialist locksmith who fabricated duplicate master keys and vault bypass tools utilized by Santosh Patil during commercial bank break-ins across Dharwad Court Road. Forensic examination confirmed call detail records linking Raghu 'Lock' directly to syndicate kingpin Santosh Patil.
C3568,2027-01-04,Bengaluru,Cybercrime,Tarun 'CA',C3508;C3518;C3558,Dark web specialist who developed backend server infrastructure for fake lottery and KYC update scams. Hosted command servers on offshore bulletproof networks. CCTV surveillance footage captured the suspect coordinating with co-accused operatives before fleeing along regional highway corridors.
C3569,2027-01-05,Mangaluru,Money Laundering,Yusuf 'Seth',C3529;C3549,Couried hawala cash bags containing Rs 75 Lakhs between Malpe Fishing Dock and Mumbai jewelry markets to settle trade imbalances generated by contraband exports. Intelligence inputs confirm the operation was financed using layered cryptocurrency transactions and underground hawala channels.
C3570,2027-01-05,Bengaluru,Assault,Imran 'Bike',C3510;C3560,Enforcer executed a daylight attack against rival vehicle thieves near Peenya Industrial Sheds to establish total monopoly over getaway vehicle supplies for commercial bank robbers. Forensic examination confirmed call detail records linking Imran 'Bike' directly to syndicate kingpin Syed Ali.
C3571,2027-01-06,Mysuru,Burglary,Balu 'Cheetah',C3511;C3521;C3541,Raided a clandestine printing press inside an industrial shed producing high-quality fake currency notes of Rs 500 denomination used by syndicate operatives to settle debts. Intelligence inputs confirm the operation was financed using layered cryptocurrency transactions and underground hawala channels.
C3572,2027-01-07,Mangaluru,Cybercrime,Sanath,C3522;C3542,Operated an illicit SIM-box gateway in Malpe Harbor Kiosks converting international VOIP calls into local cellular numbers to mask syndicate cyber extortion communications. Intelligence inputs confirm the operation was financed using layered cryptocurrency transactions and underground hawala channels.
C3573,2027-01-07,Mysuru,Narcotics,Naveen Raj,C3513;C3543,Identified as a core distributor supplying synthetic ecstasy and cocaine packages to VIP nightlife patrons across HSR Layout Phase 1. Forensic examination confirmed call detail records linking Naveen Raj directly to syndicate kingpin Karan 'Bhai' Sharma.
C3574,2027-01-08,Ballari,Murder,Kondaiah,C3524;C3544,Executed a targeted shooting of a rival transport contractor at a roadside dhaba near Ballari APMC Yard to establish total monopoly over mining transport lines. Intelligence inputs confirm the operation was financed using layered cryptocurrency transactions and underground hawala channels.
C3575,2027-01-09,Hassan,Vehicle Theft,Narasimha,C3545;C3555;C3565,"Attacked forest guards during a midnight anti-poaching patrol near Bhadra Wildlife Corridor using machetes and iron pipes, allowing the timber smuggling convoy to escape. CCTV surveillance footage captured the suspect coordinating with co-accused operatives before fleeing along regional highway corridors."
C3576,2027-01-09,Bidar,Burglary,Sachin Shinde,C3516;C3566,Intercepted a bullion transit vehicle on Shahapur Quarry Belt using illegal firearms. Looted Rs 59 Lakhs worth of silver ingots and cash bags. Intelligence inputs confirm the operation was financed using layered cryptocurrency transactions and underground hawala channels.
C3577,2027-01-10,Hubballi,Rioting,Ashok 'Auto' Mani,C3537;C3547,Demanded Rs 45 Lakhs ransom from the bank branch manager threatening severe bodily harm unless CCTV DVR hard drives from the bank robbery were handed over. Ballistic and biometric samples collected from the scene positively correlate with operatives active across Hubballi district.
C3578,2027-01-11,Tumakuru,Fraud,Nitin 'Hacker',C3518;C3538;C3539,Supervised call center telecallers in Jayanagar 9th Block impersonating customs and police officials to extort money from victims under fake parcel seizure threats. CCTV surveillance footage captured the suspect coordinating with co-accused operatives before fleeing along regional highway corridors.
C3579,2027-01-11,Udupi,Smuggling,Kader 'Boat',C3539,Couried hawala cash bags containing Rs 88 Lakhs between Malpe Fishing Dock and Mumbai jewelry markets to settle trade imbalances generated by contraband exports. CCTV surveillance footage captured the suspect coordinating with co-accused operatives before fleeing along regional highway corridors.
C3580,2027-01-12,Mysuru,Burglary,Prashanth 'Pachhi',C3530;C3540;C3570,Enforcer executed a daylight attack against rival vehicle thieves near Peenya Industrial Sheds to establish total monopoly over getaway vehicle supplies for commercial bank robbers. Forensic examination confirmed call detail records linking Prashanth 'Pachhi' directly to syndicate kingpin Syed Ali.
C3581,2027-01-13,Hassan,Robbery,Anand Verma,C3551;C3561,Armed gang breached a commercial jewelry showroom on Devaraja Urs Road at 02:15 AM using high-pressure oxy-acetylene cutters. Escaped with 90 kg of gold ornaments in a stolen SUV bearing duplicate number plates. Ballistic and biometric samples collected from the scene positively correlate with operatives active across Hassan district.
C3582,2027-01-13,Mangaluru,Fraud,Sameer 'Sam',C3572,Technical engineer seized with 316 blank NFC-enabled debit cards. Confessed to cloning card dumps harvested via illegal skimming hardware across coastal districts. Ballistic and biometric samples collected from the scene positively correlate with operatives active across Mangaluru district.
C3583,2027-01-14,Bengaluru,Money Laundering,Chandan Kumar,C3533;C3553;C3563,Coordinated mass phishing SMS bursts targeting net banking users across Karnataka. Utilized compromised mule credentials to layer funds into dark web crypto wallets. CCTV surveillance footage captured the suspect coordinating with co-accused operatives before fleeing along regional highway corridors.
C3584,2027-01-14,Koppal,Smuggling,Veerabhadraappa,C3534;C3544;C3554;C3573,Executed a targeted shooting of a rival transport contractor at a roadside dhaba near Ballari APMC Yard to establish total monopoly over mining transport lines. Investigators recovered digital ledger entries and encrypted burner SIM cards matching cross-referenced case files.
C3585,2027-01-15,Chikkamagaluru,Narcotics,Narasimha,C3545,"Attacked forest guards during a midnight anti-poaching patrol near Mudigere Plantation Border using machetes and iron pipes, allowing the timber smuggling convoy to escape. Investigators recovered digital ledger entries and encrypted burner SIM cards matching cross-referenced case files."
C3586,2027-01-16,Kalaburagi,Arms Trafficking,Dattatreya,C3556;C3576,Extorted protection payments from limestone quarry owners near Bidar Railway Godowns threatening armed sabotage using weapons acquired from Subhash Fauji. Investigators recovered digital ledger entries and encrypted burner SIM cards matching cross-referenced case files.
C3587,2027-01-16,Hubballi,Rioting,Santosh Patil,C3547;C3567;C3586,Nighttime break-in at a commercial cooperative bank branch in Vidyanagar Bank Circle. Alarm wiring disabled via insider blueprints; vault door breached via hydraulic spreaders. Intelligence inputs confirm the operation was financed using layered cryptocurrency transactions and underground hawala channels.
C3588,2027-01-17,Mysuru,Fraud,Meghana,C3528;C3578,Dark web specialist who developed backend server infrastructure for fake lottery and KYC update scams. Hosted command servers on offshore bulletproof networks. Intelligence inputs confirm the operation was financed using layered cryptocurrency transactions and underground hawala channels.
C3589,2027-01-18,Mangaluru,Assault,Farooq 'Blade',C3569;C3570,Couried hawala cash bags containing Rs 69 Lakhs between Ullal Beach Road and Mumbai jewelry markets to settle trade imbalances generated by contraband exports. Investigators recovered digital ledger entries and encrypted burner SIM cards matching cross-referenced case files.
C3590,2027-01-18,Mysuru,Burglary,Farhan 'Auto',C3550;C3560,Stole high-performance sports motorcycles and luxury SUVs from hotel parking garages across Saraswathipuram Main Road. Stolen vehicles were modified for syndicate robbery escapes. Forensic examination confirmed call detail records linking Farhan 'Auto' directly to syndicate kingpin Syed Ali.
C3591,2027-01-19,Mandya,Arson,Raghavendra 'Raghu',C3541;C3551,Raided a clandestine printing press inside an industrial shed producing high-quality fake currency notes of Rs 500 denomination used by syndicate operatives to settle debts. Intelligence inputs confirm the operation was financed using layered cryptocurrency transactions and underground hawala channels.
C3592,2027-01-20,Mangaluru,Cybercrime,Rajat,C3542;C3552;C3562,Technical engineer seized with 161 blank NFC-enabled debit cards. Confessed to cloning card dumps harvested via illegal skimming hardware across coastal districts. CCTV surveillance footage captured the suspect coordinating with co-accused operatives before fleeing along regional highway corridors.
C3593,2027-01-20,Mysuru,Narcotics,Ayesha 'Queen',C3533;C3553,Coordinated mass phishing SMS bursts targeting net banking users across Karnataka. Utilized compromised mule credentials to layer funds into dark web crypto wallets. CCTV surveillance footage captured the suspect coordinating with co-accused operatives before fleeing along regional highway corridors.
C3594,2027-01-21,Raichur,Murder,Basavanna,C3554,Executed a targeted shooting of a rival transport contractor at a roadside dhaba near Ballari APMC Yard to establish total monopoly over mining transport lines. Ballistic and biometric samples collected from the scene positively correlate with operatives active across Raichur district.
C3595,2027-01-22,Hassan,Vehicle Theft,Dharma,C3545,Apprehended inside Sakleshpur Timber Depot reserve with 68 kg of high-value red sanders logs and wildlife skins destined for coastal export hubs. Intelligence inputs confirm the operation was financed using layered cryptocurrency transactions and underground hawala channels.
C3596,2027-01-22,Vijayapura,Rioting,Dattatreya,C3586,Extorted protection payments from limestone quarry owners near Pune-Bangalore Highway NH-4 threatening armed sabotage using weapons acquired from Subhash Fauji. Investigators recovered digital ledger entries and encrypted burner SIM cards matching cross-referenced case files.
C3597,2027-01-23,Gadag,Rioting,Manjunath 'Sunil' Desai,C3547,Demanded Rs 116 Lakhs ransom from the bank branch manager threatening severe bodily harm unless CCTV DVR hard drives from the bank robbery were handed over. CCTV surveillance footage captured the suspect coordinating with co-accused operatives before fleeing along regional highway corridors.
C3598,2027-01-24,Mysuru,Cybercrime,Tarun 'CA',C3548;C3558;C3569;C3588,Supervised call center telecallers in Jayanagar 9th Block impersonating customs and police officials to extort money from victims under fake parcel seizure threats. Forensic examination confirmed call detail records linking Tarun 'CA' directly to syndicate kingpin Divya Prakash.
C3599,2027-01-24,Mangaluru,Money Laundering,Usman,C3559,Contract enforcer carried out a severe blade assault against a customs intelligence officer near Old Port Bunder Harbor investigating illegal marine cargo shipments. CCTV surveillance footage captured the suspect coordinating with co-accused operatives before fleeing along regional highway corridors.
C3600,2027-01-25,Hubballi,Robbery,Syed Ali,C3550;C3580;C3591,Enforcer executed a daylight attack against rival vehicle thieves near Gokulam Residential Area to establish total monopoly over getaway vehicle supplies for commercial bank robbers. Investigators recovered digital ledger entries and encrypted burner SIM cards matching cross-referenced case files.
C3601,2027-01-26,Mysuru,Counterfeiting,Balu 'Cheetah',C3551;C3571,Co-conspirator in the Vijayanagar Industrial Area vault break-in. Apprehended at a hidden workshop while attempting to melt 108 kg of stolen gold bars into untraceable bullion ingots. Investigators recovered digital ledger entries and encrypted burner SIM cards matching cross-referenced case files.
C3602,2027-01-26,Udupi,Money Laundering,Rohan D'Souza,C3562,Operated an extensive underground hawala transfer hub in Malpe Harbor Kiosks. Laundered Rs 46 Crores generated from ATM skimming operations and offshore crypto routing. Intelligence inputs confirm the operation was financed using layered cryptocurrency transactions and underground hawala channels.
C3603,2027-01-27,Tumakuru,Money Laundering,Karan 'Bhai' Sharma,C3553;C3563,Identified as a core distributor supplying synthetic ecstasy and cocaine packages to VIP nightlife patrons across Koramangala 4th Block. CCTV surveillance footage captured the suspect coordinating with co-accused operatives before fleeing along regional highway corridors.
C3604,2027-01-27,Raichur,Murder,Reddy 'Dora',C3544;C3564;C3594,Executed a targeted shooting of a rival transport contractor at a roadside dhaba near Sandur Iron Quarry Road to establish total monopoly over mining transport lines. Intelligence inputs confirm the operation was financed using layered cryptocurrency transactions and underground hawala channels.
C3605,2027-01-28,Hassan,Smuggling,Nagaraj 'Forest',C3565;C3575;C3585,Cultivated 61 acres of illegal cannabis crops hidden deep inside dense forest plantations near Agumbe Forest Reserve. Distributed weed via timber transport trucks. Intelligence inputs confirm the operation was financed using layered cryptocurrency transactions and underground hawala channels.
C3606,2027-01-29,Kalaburagi,Burglary,Ganesh 'Gunner',C3556;C3576;C3577,Arrested carrying country-made carbines and shotguns procured across the state border for distribution to southern crime syndicates operating in Bangalore and Mysuru. Investigators recovered digital ledger entries and encrypted burner SIM cards matching cross-referenced case files.
C3607,2027-01-29,Dharwad,Rioting,Ashok 'Auto' Mani,C3567;C3587,Incited violent mob disturbances in Gokul Road Industrial Area commercial market area to divert police rapid action teams away from extortion cash drop-offs. Ballistic and biometric samples collected from the scene positively correlate with operatives active across Dharwad district.
C3608,2027-01-30,Tumakuru,Extortion,Deepa 'Mam',C3548;C3578;C3587;C3598,Dark web specialist who developed backend server infrastructure for fake lottery and KYC update scams. Hosted command servers on offshore bulletproof networks. Investigators recovered digital ledger entries and encrypted burner SIM cards matching cross-referenced case files.
C3609,2027-01-31,Mysuru,Robbery,Usman,C3579,Couried hawala cash bags containing Rs 78 Lakhs between Surathkal Highway Checkpoint and Mumbai jewelry markets to settle trade imbalances generated by contraband exports. Investigators recovered digital ledger entries and encrypted burner SIM cards matching cross-referenced case files.
C3610,2027-01-31,Mysuru,Robbery,Syed Ali,C3560;C3600,Armed gang intercepted a wholesale diamond courier near Peenya Industrial Sheds. Escaped on high-speed modified stolen motorcycles provided by Syed Ali after looting diamond rings. Intelligence inputs confirm the operation was financed using layered cryptocurrency transactions and underground hawala channels.
C3611,2027-02-01,Hassan,Robbery,Anand Verma,C3581,Raided a clandestine printing press inside an industrial shed producing high-quality fake currency notes of Rs 500 denomination used by syndicate operatives to settle debts. Forensic examination confirmed call detail records linking Anand Verma directly to syndicate kingpin Raju Gowda.
C3612,2027-02-02,Udupi,Counterfeiting,Imran Pasha,C3552;C3562;C3603,Technical engineer seized with 62 blank NFC-enabled debit cards. Confessed to cloning card dumps harvested via illegal skimming hardware across coastal districts. Intelligence inputs confirm the operation was financed using layered cryptocurrency transactions and underground hawala channels.
C3613,2027-02-02,Mysuru,Arms Trafficking,Sunny 'DJ',C3553;C3563;C3603,Chartered accountant arrested for registering shell companies across Indiranagar 100ft Road to launder narcotics revenue and cryptocurrency payouts for the Karan Sharma network. Forensic examination confirmed call detail records linking Sunny 'DJ' directly to syndicate kingpin Karan 'Bhai' Sharma.
C3614,2027-02-03,Raichur,Smuggling,Reddy 'Dora',C3564;C3604,Executed a targeted shooting of a rival transport contractor at a roadside dhaba near Hospet Mining Belt to establish total monopoly over mining transport lines. Investigators recovered digital ledger entries and encrypted burner SIM cards matching cross-referenced case files.
C3615,2027-02-04,Chikkamagaluru,Vehicle Theft,Dharma,C3555;C3565;C3575,Stole heavy-duty off-road tractors and winches from agricultural estates to drag felled contraband trees through difficult jungle terrain near Sakleshpur Timber Depot. Investigators recovered digital ledger entries and encrypted burner SIM cards matching cross-referenced case files.
C3616,2027-02-04,Vijayapura,Arms Trafficking,Bhimrao,C3586,Extorted protection payments from limestone quarry owners near Bidar Railway Godowns threatening armed sabotage using weapons acquired from Subhash Fauji. Intelligence inputs confirm the operation was financed using layered cryptocurrency transactions and underground hawala channels.
C3617,2027-02-05,Dharwad,Burglary,Raghu 'Lock',C3567;C3597,Specialist locksmith who fabricated duplicate master keys and vault bypass tools utilized by Santosh Patil during commercial bank break-ins across Vidyanagar Bank Circle. Ballistic and biometric samples collected from the scene positively correlate with operatives active across Dharwad district.
C3618,2027-02-06,Mysuru,Cybercrime,Tarun 'CA',C3588,Engineered fraudulent investment trading APK applications. Tricked senior citizens across Marathahalli Bridge into depositing over Rs 74 Lakhs into compromised mule accounts. Forensic examination confirmed call detail records linking Tarun 'CA' directly to syndicate kingpin Divya Prakash.
C3619,2027-02-06,Udupi,Assault,Abdul Khader,C3609,Contract enforcer carried out a severe blade assault against a customs intelligence officer near Surathkal Highway Checkpoint investigating illegal marine cargo shipments. Forensic examination confirmed call detail records linking Abdul Khader directly to syndicate kingpin Abdul Khader.
C3620,2027-02-07,Hubballi,Vehicle Theft,Prashanth 'Pachhi',C3600,Stole high-performance sports motorcycles and luxury SUVs from hotel parking garages across Saraswathipuram Main Road. Stolen vehicles were modified for syndicate robbery escapes. Intelligence inputs confirm the operation was financed using layered cryptocurrency transactions and underground hawala channels.
C3621,2027-02-08,Mandya,Counterfeiting,Anand Verma,C3561;C3591;C3611;C3620,Armed gang breached a commercial jewelry showroom on Devaraja Urs Road at 02:15 AM using high-pressure oxy-acetylene cutters. Escaped with 68 kg of gold ornaments in a stolen SUV bearing duplicate number plates. Ballistic and biometric samples collected from the scene positively correlate with operatives active across Mandya district.
C3622,2027-02-08,Udupi,Fraud,Devdas Kamath,C3572;C3582;C3612,Installed deep-insert ATM skimming devices and pinhole cameras across bank kiosks in Manipal University Road. Captured magnetic stripe data of over 94 customer accounts. CCTV surveillance footage captured the suspect coordinating with co-accused operatives before fleeing along regional highway corridors.
C3623,2027-02-09,Tumakuru,Narcotics,Karan 'Bhai' Sharma,C3563;C3614,Identified as a core distributor supplying synthetic ecstasy and cocaine packages to VIP nightlife patrons across HSR Layout Phase 1. Intelligence inputs confirm the operation was financed using layered cryptocurrency transactions and underground hawala channels.
C3624,2027-02-09,Koppal,Smuggling,Muni 'Rowdy',C3574;C3593,Carried out brutal rod and club attacks against unionized truck drivers along Hospet Mining Belt who refused to pay daily illegal highway extortion tolls. Investigators recovered digital ledger entries and encrypted burner SIM cards matching cross-referenced case files.
C3625,2027-02-10,Hassan,Assault,Narasimha,C3565;C3575;C3585,"Attacked forest guards during a midnight anti-poaching patrol near Mudigere Plantation Border using machetes and iron pipes, allowing the timber smuggling convoy to escape. Forensic examination confirmed call detail records linking Narasimha directly to syndicate kingpin Nagaraj 'Forest'."
C3626,2027-02-11,Kalaburagi,Robbery,Ganesh 'Gunner',C3566;C3596,Intercepted a bullion transit vehicle on Pune-Bangalore Highway NH-4 using illegal firearms. Looted Rs 52 Lakhs worth of silver ingots and cash bags. CCTV surveillance footage captured the suspect coordinating with co-accused operatives before fleeing along regional highway corridors.
C3627,2027-02-11,Hubballi,Rioting,Santosh Patil,C3597;C3607;C3617,Incited violent mob disturbances in Vidyanagar Bank Circle commercial market area to divert police rapid action teams away from extortion cash drop-offs. CCTV surveillance footage captured the suspect coordinating with co-accused operatives before fleeing along regional highway corridors.
C3628,2027-02-12,Tumakuru,Extortion,Nitin 'Hacker',C3568;C3588;C3598,Created 99 fraudulent bank accounts using forged biometric Aadhaar credentials. Accounts were utilized by cyber gangs to rapidly layer and withdraw cash. CCTV surveillance footage captured the suspect coordinating with co-accused operatives before fleeing along regional highway corridors.
C3629,2027-02-13,Mysuru,Assault,Usman,C3579,Contract enforcer carried out a severe blade assault against a customs intelligence officer near Surathkal Highway Checkpoint investigating illegal marine cargo shipments. Investigators recovered digital ledger entries and encrypted burner SIM cards matching cross-referenced case files.
C3630,2027-02-13,Hubballi,Burglary,Karthik 'Katti',C3600;C3610;C3621,Enforcer executed a daylight attack against rival vehicle thieves near Jayalakshmipuram Ring Road to establish total monopoly over getaway vehicle supplies for commercial bank robbers. Investigators recovered digital ledger entries and encrypted burner SIM cards matching cross-referenced case files.
C3631,2027-02-14,Hassan,Robbery,Gowrish,C3621,Co-conspirator in the Saraswathipuram vault break-in. Apprehended at a hidden workshop while attempting to melt 35 kg of stolen gold bars into untraceable bullion ingots. CCTV surveillance footage captured the suspect coordinating with co-accused operatives before fleeing along regional highway corridors.
C3632,2027-02-15,Mangaluru,Fraud,Devdas Kamath,C3582;C3622,Installed deep-insert ATM skimming devices and pinhole cameras across bank kiosks in Manipal University Road. Captured magnetic stripe data of over 222 customer accounts. Investigators recovered digital ledger entries and encrypted burner SIM cards matching cross-referenced case files.
C3633,2027-02-15,Bengaluru,Narcotics,Siddharth Mehta,C3573;C3613,Coordinated mass phishing SMS bursts targeting net banking users across Karnataka. Utilized compromised mule credentials to layer funds into dark web crypto wallets. Ballistic and biometric samples collected from the scene positively correlate with operatives active across Bengaluru district.
C3634,2027-02-16,Ballari,Murder,Muni 'Rowdy',C3574;C3604;C3614,Extorted heavy illegal transport levies from fleet operators carrying excavated iron ore across the Hospet Mining Belt mining belt under explicit threat of armed intervention. Intelligence inputs confirm the operation was financed using layered cryptocurrency transactions and underground hawala channels.
C3635,2027-02-17,Shivamogga,Smuggling,Harish 'Ganja',C3575;C3585;C3595;C3626,Stole heavy-duty off-road tractors and winches from agricultural estates to drag felled contraband trees through difficult jungle terrain near Bhadra Wildlife Corridor. Ballistic and biometric samples collected from the scene positively correlate with operatives active across Shivamogga district.
C3636,2027-02-17,Vijayapura,Robbery,Tariq Anwar,C3606,Seized at Pune-Bangalore Highway NH-4 border checkpoint while transporting 282 factory-made semi-automatic pistols and ammunition concealed inside hidden vehicle compartments. Ballistic and biometric samples collected from the scene positively correlate with operatives active across Vijayapura district.
C3637,2027-02-18,Dharwad,Extortion,Santosh Patil,C3607;C3627,Demanded Rs 111 Lakhs ransom from the bank branch manager threatening severe bodily harm unless CCTV DVR hard drives from the bank robbery were handed over. Intelligence inputs confirm the operation was financed using layered cryptocurrency transactions and underground hawala channels.
C3638,2027-02-19,Mysuru,Cybercrime,Divya Prakash,C3608;C3628,Created 114 fraudulent bank accounts using forged biometric Aadhaar credentials. Accounts were utilized by cyber gangs to rapidly layer and withdraw cash. Forensic examination confirmed call detail records linking Divya Prakash directly to syndicate kingpin Divya Prakash.
C3639,2027-02-19,Mysuru,Smuggling,Abdul Khader,C3589;C3609,Couried hawala cash bags containing Rs 99 Lakhs between Old Port Bunder Harbor and Mumbai jewelry markets to settle trade imbalances generated by contraband exports. Investigators recovered digital ledger entries and encrypted burner SIM cards matching cross-referenced case files.
C3640,2027-02-20,Hubballi,Vehicle Theft,Karthik 'Katti',C3600;C3610;C3620,Armed gang intercepted a wholesale diamond courier near Jayalakshmipuram Ring Road. Escaped on high-speed modified stolen motorcycles provided by Syed Ali after looting diamond rings. Ballistic and biometric samples collected from the scene positively correlate with operatives active across Hubballi district.
C3641,2027-02-21,Hassan,Robbery,Balu 'Cheetah',C3591;C3611;C3621,Set fire to a commercial warehouse near Saraswathipuram after the business owner refused to pay extortion demands issued by the Raju Gowda leadership. Forensic examination confirmed call detail records linking Balu 'Cheetah' directly to syndicate kingpin Raju Gowda.
C3642,2027-02-21,Hubballi,Counterfeiting,Srinivas 'Tech',C3592;C3602;C3622,Technical engineer seized with 365 blank NFC-enabled debit cards. Confessed to cloning card dumps harvested via illegal skimming hardware across coastal districts. Investigators recovered digital ledger entries and encrypted burner SIM cards matching cross-referenced case files.
C3643,2027-02-22,Bengaluru,Narcotics,Chandan Kumar,C3593;C3603;C3633,Intercepted on Electronic City Phase 2 transporting 62 kg of high-grade synthetic MDMA crystals concealed inside custom-built double-bottom compartments of a luxury vehicle. Intelligence inputs confirm the operation was financed using layered cryptocurrency transactions and underground hawala channels.
C3644,2027-02-22,Koppal,Extortion,Reddy 'Dora',C3584;C3604;C3614,Extorted heavy illegal transport levies from fleet operators carrying excavated iron ore across the Ballari APMC Yard mining belt under explicit threat of armed intervention. Intelligence inputs confirm the operation was financed using layered cryptocurrency transactions and underground hawala channels.
C3645,2027-02-23,Hassan,Assault,Manja 'Blade',C3595;C3625;C3635,"Attacked forest guards during a midnight anti-poaching patrol near Bhadra Wildlife Corridor using machetes and iron pipes, allowing the timber smuggling convoy to escape. Intelligence inputs confirm the operation was financed using layered cryptocurrency transactions and underground hawala channels."
C3646,2027-02-24,Kalaburagi,Burglary,Subhash 'Fauji',C3586;C3616;C3617;C3636,Extorted protection payments from limestone quarry owners near Pune-Bangalore Highway NH-4 threatening armed sabotage using weapons acquired from Subhash Fauji. Ballistic and biometric samples collected from the scene positively correlate with operatives active across Kalaburagi district.
C3647,2027-02-24,Gadag,Assault,Laxman 'Laxi',C3607;C3627,Specialist locksmith who fabricated duplicate master keys and vault bypass tools utilized by Santosh Patil during commercial bank break-ins across Dharwad Court Road. CCTV surveillance footage captured the suspect coordinating with co-accused operatives before fleeing along regional highway corridors.
C3648,2027-02-25,Bengaluru,Cybercrime,Meghana,C3588;C3598;C3618,Supervised call center telecallers in Jayanagar 9th Block impersonating customs and police officials to extort money from victims under fake parcel seizure threats. Investigators recovered digital ledger entries and encrypted burner SIM cards matching cross-referenced case files.
C3649,2027-02-26,Mysuru,Assault,Farooq 'Blade',C3589;C3619;C3629,Senior associate in the hawala syndicate managing real estate front companies along Old Port Bunder Harbor to absorb illicit cash inflows extorted from coastal traders. Forensic examination confirmed call detail records linking Farooq 'Blade' directly to syndicate kingpin Abdul Khader.
C3650,2027-02-26,Bengaluru,Robbery,Farhan 'Auto',C3590;C3620,Operated a clandestine chop-shop in Saraswathipuram Main Road dismantling stolen cargo vans and altering engine serial numbers to prevent detection during police inspections. Ballistic and biometric samples collected from the scene positively correlate with operatives active across Bengaluru district.
C3651,2027-02-27,Mysuru,Robbery,Balu 'Cheetah',C3591,Armed gang breached a commercial jewelry showroom on Devaraja Urs Road at 02:15 AM using high-pressure oxy-acetylene cutters. Escaped with 68 kg of gold ornaments in a stolen SUV bearing duplicate number plates. Intelligence inputs confirm the operation was financed using layered cryptocurrency transactions and underground hawala channels.
C3652,2027-02-28,Udupi,Fraud,Rajat,C3622;C3632;C3651,Operated an illicit SIM-box gateway in Malpe Harbor Kiosks converting international VOIP calls into local cellular numbers to mask syndicate cyber extortion communications. Ballistic and biometric samples collected from the scene positively correlate with operatives active across Udupi district.
C3653,2027-02-28,Bengaluru,Money Laundering,Ayesha 'Queen',C3593;C3633,Identified as a core distributor supplying synthetic ecstasy and cocaine packages to VIP nightlife patrons across Indiranagar 100ft Road. Investigators recovered digital ledger entries and encrypted burner SIM cards matching cross-referenced case files.
C3654,2027-03-01,Raichur,Extortion,Yellappa,C3594;C3633;C3634;C3644,Executed a targeted shooting of a rival transport contractor at a roadside dhaba near Hospet Mining Belt to establish total monopoly over mining transport lines. Intelligence inputs confirm the operation was financed using layered cryptocurrency transactions and underground hawala channels.
C3655,2027-03-02,Shivamogga,Smuggling,Harish 'Ganja',C3645,Stole heavy-duty off-road tractors and winches from agricultural estates to drag felled contraband trees through difficult jungle terrain near Bhadra Wildlife Corridor. Intelligence inputs confirm the operation was financed using layered cryptocurrency transactions and underground hawala channels.
C3656,2027-03-02,Vijayapura,Rioting,Ganesh 'Gunner',C3616,Extorted protection payments from limestone quarry owners near Nipani Border Checkpost threatening armed sabotage using weapons acquired from Subhash Fauji. CCTV surveillance footage captured the suspect coordinating with co-accused operatives before fleeing along regional highway corridors.
C3657,2027-03-03,Dharwad,Burglary,Santosh Patil,C3636;C3637,Incited violent mob disturbances in Vidyanagar Bank Circle commercial market area to divert police rapid action teams away from extortion cash drop-offs. CCTV surveillance footage captured the suspect coordinating with co-accused operatives before fleeing along regional highway corridors.
C3658,2027-03-04,Tumakuru,Cybercrime,Divya Prakash,C3598;C3608,Created 203 fraudulent bank accounts using forged biometric Aadhaar credentials. Accounts were utilized by cyber gangs to rapidly layer and withdraw cash. Investigators recovered digital ledger entries and encrypted burner SIM cards matching cross-referenced case files.
C3659,2027-03-04,Udupi,Assault,Ibrahim 'Press',C3599,Contract enforcer carried out a severe blade assault against a customs intelligence officer near Surathkal Highway Checkpoint investigating illegal marine cargo shipments. Intelligence inputs confirm the operation was financed using layered cryptocurrency transactions and underground hawala channels.
C3660,2027-03-05,Bengaluru,Vehicle Theft,Farhan 'Auto',C3630;C3640;C3659,Operated a clandestine chop-shop in Gokulam Residential Area dismantling stolen cargo vans and altering engine serial numbers to prevent detection during police inspections. Intelligence inputs confirm the operation was financed using layered cryptocurrency transactions and underground hawala channels.
C3661,2027-03-06,Hassan,Burglary,Santhosh 'Oxy',C3611;C3621;C3631,Co-conspirator in the Saraswathipuram vault break-in. Apprehended at a hidden workshop while attempting to melt 62 kg of stolen gold bars into untraceable bullion ingots. Investigators recovered digital ledger entries and encrypted burner SIM cards matching cross-referenced case files.
C3662,2027-03-06,Mangaluru,Fraud,Sanath,C3602;C3652,Technical engineer seized with 70 blank NFC-enabled debit cards. Confessed to cloning card dumps harvested via illegal skimming hardware across coastal districts. CCTV surveillance footage captured the suspect coordinating with co-accused operatives before fleeing along regional highway corridors.
C3663,2027-03-07,Mysuru,Arms Trafficking,Ayesha 'Queen',C3613;C3653,Chartered accountant arrested for registering shell companies across Electronic City Phase 2 to launder narcotics revenue and cryptocurrency payouts for the Karan Sharma network. Intelligence inputs confirm the operation was financed using layered cryptocurrency transactions and underground hawala channels.
C3664,2027-03-07,Raichur,Extortion,Basavanna,C3604;C3614;C3624,Carried out brutal rod and club attacks against unionized truck drivers along Sandur Iron Quarry Road who refused to pay daily illegal highway extortion tolls. Ballistic and biometric samples collected from the scene positively correlate with operatives active across Raichur district.
C3665,2027-03-08,Hassan,Vehicle Theft,Narasimha,C3615;C3625,Cultivated 108 acres of illegal cannabis crops hidden deep inside dense forest plantations near Bhadra Wildlife Corridor. Distributed weed via timber transport trucks. Forensic examination confirmed call detail records linking Narasimha directly to syndicate kingpin Nagaraj 'Forest'.
C3666,2027-03-09,Bidar,Arms Trafficking,Ajay 'Border',C3636,Extorted protection payments from limestone quarry owners near Bidar Railway Godowns threatening armed sabotage using weapons acquired from Subhash Fauji. Forensic examination confirmed call detail records linking Ajay 'Border' directly to syndicate kingpin Tariq Anwar.
C3667,2027-03-09,Gadag,Burglary,Raghu 'Lock',C3607;C3627;C3637,Specialist locksmith who fabricated duplicate master keys and vault bypass tools utilized by Santosh Patil during commercial bank break-ins across Gokul Road Industrial Area. Forensic examination confirmed call detail records linking Raghu 'Lock' directly to syndicate kingpin Santosh Patil.
C3668,2027-03-10,Bengaluru,Extortion,Deepa 'Mam',C3608;C3618,Created 86 fraudulent bank accounts using forged biometric Aadhaar credentials. Accounts were utilized by cyber gangs to rapidly layer and withdraw cash. Intelligence inputs confirm the operation was financed using layered cryptocurrency transactions and underground hawala channels.
C3669,2027-03-11,Mysuru,Assault,John 'Captain',C3639,Fishing trawler captain intercepted off Malpe Fishing Dock while transferring 78 kg of contraband red sanders logs and gold biscuits to international vessels. Intelligence inputs confirm the operation was financed using layered cryptocurrency transactions and underground hawala channels.
C3670,2027-03-11,Mysuru,Vehicle Theft,Somu 'Blade',C3610;C3630;C3640,Enforcer executed a daylight attack against rival vehicle thieves near Peenya Industrial Sheds to establish total monopoly over getaway vehicle supplies for commercial bank robbers. Intelligence inputs confirm the operation was financed using layered cryptocurrency transactions and underground hawala channels.
C3671,2027-03-12,Hassan,Robbery,Raju Gowda,C3642;C3661,Raided a clandestine printing press inside an industrial shed producing high-quality fake currency notes of Rs 500 denomination used by syndicate operatives to settle debts. Intelligence inputs confirm the operation was financed using layered cryptocurrency transactions and underground hawala channels.
C3672,2027-03-13,Hubballi,Counterfeiting,Devdas Kamath,C3642,Installed deep-insert ATM skimming devices and pinhole cameras across bank kiosks in Manipal University Road. Captured magnetic stripe data of over 248 customer accounts. Ballistic and biometric samples collected from the scene positively correlate with operatives active across Hubballi district.
C3673,2027-03-13,Bengaluru,Money Laundering,Chandan Kumar,C3663,Chartered accountant arrested for registering shell companies across HSR Layout Phase 1 to launder narcotics revenue and cryptocurrency payouts for the Karan Sharma network. Ballistic and biometric samples collected from the scene positively correlate with operatives active across Bengaluru district.
C3674,2027-03-14,Ballari,Smuggling,Muni 'Rowdy',C3614;C3624;C3644,Carried out brutal rod and club attacks against unionized truck drivers along Toranagallu Highway who refused to pay daily illegal highway extortion tolls. Ballistic and biometric samples collected from the scene positively correlate with operatives active across Ballari district.
C3675,2027-03-15,Shivamogga,Smuggling,Nagaraj 'Forest',C3615;C3655,Cultivated 95 acres of illegal cannabis crops hidden deep inside dense forest plantations near Sakleshpur Timber Depot. Distributed weed via timber transport trucks. CCTV surveillance footage captured the suspect coordinating with co-accused operatives before fleeing along regional highway corridors.
C3676,2027-03-15,Kalaburagi,Burglary,Dattatreya,C3626;C3656,Extorted protection payments from limestone quarry owners near Nipani Border Checkpost threatening armed sabotage using weapons acquired from Subhash Fauji. Intelligence inputs confirm the operation was financed using layered cryptocurrency transactions and underground hawala channels.
C3677,2027-03-16,Hubballi,Burglary,Manjunath 'Sunil' Desai,C3617;C3637,Nighttime break-in at a commercial cooperative bank branch in Dharwad Court Road. Alarm wiring disabled via insider blueprints; vault door breached via hydraulic spreaders. Intelligence inputs confirm the operation was financed using layered cryptocurrency transactions and underground hawala channels.
C3678,2027-03-17,Tumakuru,Extortion,Divya Prakash,C3618;C3658;C3668,Supervised call center telecallers in Jayanagar 9th Block impersonating customs and police officials to extort money from victims under fake parcel seizure threats. CCTV surveillance footage captured the suspect coordinating with co-accused operatives before fleeing along regional highway corridors.
C3679,2027-03-17,Mangaluru,Smuggling,Usman,C3659;C3669;C3678,Senior associate in the hawala syndicate managing real estate front companies along Ullal Beach Road to absorb illicit cash inflows extorted from coastal traders. Forensic examination confirmed call detail records linking Usman directly to syndicate kingpin Abdul Khader.
C3680,2027-03-18,Hubballi,Vehicle Theft,Somu 'Blade',C3660;C3661,Enforcer executed a daylight attack against rival vehicle thieves near Saraswathipuram Main Road to establish total monopoly over getaway vehicle supplies for commercial bank robbers. CCTV surveillance footage captured the suspect coordinating with co-accused operatives before fleeing along regional highway corridors.
C3681,2027-03-19,Mysuru,Robbery,Raju Gowda,C3621;C3662,Raided a clandestine printing press inside an industrial shed producing high-quality fake currency notes of Rs 500 denomination used by syndicate operatives to settle debts. Ballistic and biometric samples collected from the scene positively correlate with operatives active across Mysuru district.
C3682,2027-03-19,Hubballi,Counterfeiting,Imran Pasha,C3622;C3632;C3662,Installed deep-insert ATM skimming devices and pinhole cameras across bank kiosks in Malpe Harbor Kiosks. Captured magnetic stripe data of over 140 customer accounts. Investigators recovered digital ledger entries and encrypted burner SIM cards matching cross-referenced case files.
C3683,2027-03-20,Tumakuru,Cybercrime,Siddharth Mehta,C3673,Identified as a core distributor supplying synthetic ecstasy and cocaine packages to VIP nightlife patrons across Indiranagar 100ft Road. Ballistic and biometric samples collected from the scene positively correlate with operatives active across Tumakuru district.
C3684,2027-03-20,Raichur,Murder,Kondaiah,C3654,Extorted heavy illegal transport levies from fleet operators carrying excavated iron ore across the Ballari APMC Yard mining belt under explicit threat of armed intervention. Investigators recovered digital ledger entries and encrypted burner SIM cards matching cross-referenced case files.
C3685,2027-03-21,Hassan,Assault,Harish 'Ganja',C3655,Cultivated 244 acres of illegal cannabis crops hidden deep inside dense forest plantations near Mudigere Plantation Border. Distributed weed via timber transport trucks. Investigators recovered digital ledger entries and encrypted burner SIM cards matching cross-referenced case files.
C3686,2027-03-22,Belagavi,Burglary,Tariq Anwar,C3626;C3666;C3677,Intercepted a bullion transit vehicle on Shahapur Quarry Belt using illegal firearms. Looted Rs 20 Lakhs worth of silver ingots and cash bags. Investigators recovered digital ledger entries and encrypted burner SIM cards matching cross-referenced case files.
C3687,2027-03-22,Hubballi,Rioting,Vinay 'Vinu',C3637;C3647;C3666;C3677,Incited violent mob disturbances in Vidyanagar Bank Circle commercial market area to divert police rapid action teams away from extortion cash drop-offs. Investigators recovered digital ledger entries and encrypted burner SIM cards matching cross-referenced case files.
C3688,2027-03-23,Mysuru,Fraud,Deepa 'Mam',C3638;C3658,Created 449 fraudulent bank accounts using forged biometric Aadhaar credentials. Accounts were utilized by cyber gangs to rapidly layer and withdraw cash. Intelligence inputs confirm the operation was financed using layered cryptocurrency transactions and underground hawala channels.
C3689,2027-03-24,Udupi,Smuggling,Abdul Khader,C3639;C3670,Senior associate in the hawala syndicate managing real estate front companies along Surathkal Highway Checkpoint to absorb illicit cash inflows extorted from coastal traders. Forensic examination confirmed call detail records linking Abdul Khader directly to syndicate kingpin Abdul Khader.
C3690,2027-03-24,Hubballi,Burglary,Farhan 'Auto',C3650,Armed gang intercepted a wholesale diamond courier near Peenya Industrial Sheds. Escaped on high-speed modified stolen motorcycles provided by Syed Ali after looting diamond rings. CCTV surveillance footage captured the suspect coordinating with co-accused operatives before fleeing along regional highway corridors.
C3691,2027-03-25,Mysuru,Burglary,Suresha,C3631;C3641;C3671,Raided a clandestine printing press inside an industrial shed producing high-quality fake currency notes of Rs 500 denomination used by syndicate operatives to settle debts. Investigators recovered digital ledger entries and encrypted burner SIM cards matching cross-referenced case files.
C3692,2027-03-26,Udupi,Counterfeiting,Devdas Kamath,C3652;C3662;C3682,Installed deep-insert ATM skimming devices and pinhole cameras across bank kiosks in Bunder Port Road. Captured magnetic stripe data of over 143 customer accounts. CCTV surveillance footage captured the suspect coordinating with co-accused operatives before fleeing along regional highway corridors.
C3693,2027-03-26,Bengaluru,Money Laundering,Ayesha 'Queen',C3643;C3673,Chartered accountant arrested for registering shell companies across Indiranagar 100ft Road to launder narcotics revenue and cryptocurrency payouts for the Karan Sharma network. Investigators recovered digital ledger entries and encrypted burner SIM cards matching cross-referenced case files.
C3694,2027-03-27,Ballari,Murder,Giddaiah,C3674;C3685,Executed a targeted shooting of a rival transport contractor at a roadside dhaba near Ballari APMC Yard to establish total monopoly over mining transport lines. Ballistic and biometric samples collected from the scene positively correlate with operatives active across Ballari district.
C3695,2027-03-28,Chikkamagaluru,Narcotics,Basavaraj Naik,C3665,Apprehended inside Sakleshpur Timber Depot reserve with 25 kg of high-value red sanders logs and wildlife skins destined for coastal export hubs. Intelligence inputs confirm the operation was financed using layered cryptocurrency transactions and underground hawala channels.
C3696,2027-03-28,Belagavi,Burglary,Suresh Kumar,C3636,Intercepted a bullion transit vehicle on Shahapur Quarry Belt using illegal firearms. Looted Rs 40 Lakhs worth of silver ingots and cash bags. Ballistic and biometric samples collected from the scene positively correlate with operatives active across Belagavi district.
C3697,2027-03-29,Dharwad,Rioting,Raghu 'Lock',C3647;C3657;C3677,Incited violent mob disturbances in Vidyanagar Bank Circle commercial market area to divert police rapid action teams away from extortion cash drop-offs. Ballistic and biometric samples collected from the scene positively correlate with operatives active across Dharwad district.
C3698,2027-03-30,Mysuru,Extortion,Suhail,C3638;C3668;C3688,Dark web specialist who developed backend server infrastructure for fake lottery and KYC update scams. Hosted command servers on offshore bulletproof networks. Investigators recovered digital ledger entries and encrypted burner SIM cards matching cross-referenced case files.
C3699,2027-03-30,Udupi,Money Laundering,Ibrahim 'Press',C3659;C3669;C3689,Senior associate in the hawala syndicate managing real estate front companies along Ullal Beach Road to absorb illicit cash inflows extorted from coastal traders. CCTV surveillance footage captured the suspect coordinating with co-accused operatives before fleeing along regional highway corridors.
C3700,2027-03-31,Mysuru,Assault,Prashanth 'Pachhi',C3660;C3689,Stole high-performance sports motorcycles and luxury SUVs from hotel parking garages across Saraswathipuram Main Road. Stolen vehicles were modified for syndicate robbery escapes. Ballistic and biometric samples collected from the scene positively correlate with operatives active across Mysuru district.
C3701,2027-04-01,Mandya,Robbery,Gowrish,C3681;C3691,Armed gang breached a commercial jewelry showroom on Devaraja Urs Road at 02:15 AM using high-pressure oxy-acetylene cutters. Escaped with 32 kg of gold ornaments in a stolen SUV bearing duplicate number plates. Ballistic and biometric samples collected from the scene positively correlate with operatives active across Mandya district.
C3702,2027-04-01,Hubballi,Fraud,Rohan D'Souza,C3642;C3682,Operated an illicit SIM-box gateway in Hampankatta Commercial Hub converting international VOIP calls into local cellular numbers to mask syndicate cyber extortion communications. CCTV surveillance footage captured the suspect coordinating with co-accused operatives before fleeing along regional highway corridors.
C3703,2027-04-02,Tumakuru,Arms Trafficking,Karan 'Bhai' Sharma,C3693,Intercepted on HSR Layout Phase 1 transporting 18 kg of high-grade synthetic MDMA crystals concealed inside custom-built double-bottom compartments of a luxury vehicle. Investigators recovered digital ledger entries and encrypted burner SIM cards matching cross-referenced case files.
C3704,2027-04-02,Ballari,Smuggling,Sekhar,C3684;C3693;C3694,Extorted heavy illegal transport levies from fleet operators carrying excavated iron ore across the Toranagallu Highway mining belt under explicit threat of armed intervention. CCTV surveillance footage captured the suspect coordinating with co-accused operatives before fleeing along regional highway corridors.
C3705,2027-04-03,Shivamogga,Smuggling,Nagaraj 'Forest',C3645;C3675,"Attacked forest guards during a midnight anti-poaching patrol near Agumbe Forest Reserve using machetes and iron pipes, allowing the timber smuggling convoy to escape. CCTV surveillance footage captured the suspect coordinating with co-accused operatives before fleeing along regional highway corridors."
C3706,2027-04-04,Bidar,Robbery,Sachin Shinde,C3656;C3676;C3686,Seized at Pune-Bangalore Highway NH-4 border checkpoint while transporting 72 factory-made semi-automatic pistols and ammunition concealed inside hidden vehicle compartments. CCTV surveillance footage captured the suspect coordinating with co-accused operatives before fleeing along regional highway corridors.
C3707,2027-04-04,Gadag,Extortion,Laxman 'Laxi',C3677;C3697,Nighttime break-in at a commercial cooperative bank branch in Gokul Road Industrial Area. Alarm wiring disabled via insider blueprints; vault door breached via hydraulic spreaders. Ballistic and biometric samples collected from the scene positively correlate with operatives active across Gadag district.
C3708,2027-04-05,Tumakuru,Money Laundering,Suhail,C3678,Supervised call center telecallers in Jayanagar 9th Block impersonating customs and police officials to extort money from victims under fake parcel seizure threats. Investigators recovered digital ledger entries and encrypted burner SIM cards matching cross-referenced case files.
C3709,2027-04-06,Mysuru,Smuggling,Farooq 'Blade',C3659,Senior associate in the hawala syndicate managing real estate front companies along Old Port Bunder Harbor to absorb illicit cash inflows extorted from coastal traders. Investigators recovered digital ledger entries and encrypted burner SIM cards matching cross-referenced case files.
C3710,2027-04-06,Bengaluru,Assault,Prashanth 'Pachhi',C3670;C3699,Enforcer executed a daylight attack against rival vehicle thieves near Saraswathipuram Main Road to establish total monopoly over getaway vehicle supplies for commercial bank robbers. Investigators recovered digital ledger entries and encrypted burner SIM cards matching cross-referenced case files.
C3711,2027-04-07,Hassan,Burglary,Anand Verma,C3681;C3691;C3701,Set fire to a commercial warehouse near Saraswathipuram after the business owner refused to pay extortion demands issued by the Raju Gowda leadership. Forensic examination confirmed call detail records linking Anand Verma directly to syndicate kingpin Raju Gowda.
C3712,2027-04-08,Udupi,Cybercrime,Rohan D'Souza,C3682;C3702,Installed deep-insert ATM skimming devices and pinhole cameras across bank kiosks in Hampankatta Commercial Hub. Captured magnetic stripe data of over 376 customer accounts. Investigators recovered digital ledger entries and encrypted burner SIM cards matching cross-referenced case files.
C3713,2027-04-08,Tumakuru,Money Laundering,Karan 'Bhai' Sharma,C3663;C3703,Intercepted on Koramangala 4th Block transporting 52 kg of high-grade synthetic MDMA crystals concealed inside custom-built double-bottom compartments of a luxury vehicle. Intelligence inputs confirm the operation was financed using layered cryptocurrency transactions and underground hawala channels.
C3714,2027-04-09,Raichur,Smuggling,Veerabhadraappa,C3664;C3674;C3684,Carried out brutal rod and club attacks against unionized truck drivers along Hospet Mining Belt who refused to pay daily illegal highway extortion tolls. Investigators recovered digital ledger entries and encrypted burner SIM cards matching cross-referenced case files.
C3715,2027-04-10,Chikkamagaluru,Smuggling,Dharma,C3655;C3685;C3705,Stole heavy-duty off-road tractors and winches from agricultural estates to drag felled contraband trees through difficult jungle terrain near Bhadra Wildlife Corridor. Forensic examination confirmed call detail records linking Dharma directly to syndicate kingpin Nagaraj 'Forest'.
C3716,2027-04-10,Bidar,Robbery,Sachin Shinde,C3666;C3677,Seized at Shahapur Quarry Belt border checkpoint while transporting 138 factory-made semi-automatic pistols and ammunition concealed inside hidden vehicle compartments. Forensic examination confirmed call detail records linking Sachin Shinde directly to syndicate kingpin Tariq Anwar.
C3717,2027-04-11,Hubballi,Burglary,Raghu 'Lock',C3657;C3667;C3707,Nighttime break-in at a commercial cooperative bank branch in Gokul Road Industrial Area. Alarm wiring disabled via insider blueprints; vault door breached via hydraulic spreaders. Investigators recovered digital ledger entries and encrypted burner SIM cards matching cross-referenced case files.
C3718,2027-04-12,Tumakuru,Cybercrime,Meghana,C3658;C3668,Created 47 fraudulent bank accounts using forged biometric Aadhaar credentials. Accounts were utilized by cyber gangs to rapidly layer and withdraw cash. CCTV surveillance footage captured the suspect coordinating with co-accused operatives before fleeing along regional highway corridors.
C3719,2027-04-12,Mysuru,Assault,Abdul Khader,C3689,Senior associate in the hawala syndicate managing real estate front companies along Malpe Fishing Dock to absorb illicit cash inflows extorted from coastal traders. Investigators recovered digital ledger entries and encrypted burner SIM cards matching cross-referenced case files.
C3720,2027-04-13,Bengaluru,Robbery,Salman,C3710,Operated a clandestine chop-shop in Jayalakshmipuram Ring Road dismantling stolen cargo vans and altering engine serial numbers to prevent detection during police inspections. Ballistic and biometric samples collected from the scene positively correlate with operatives active across Bengaluru district.
C3721,2027-04-14,Hassan,Arson,Suresha,C3671;C3681;C3711,Raided a clandestine printing press inside an industrial shed producing high-quality fake currency notes of Rs 500 denomination used by syndicate operatives to settle debts. Forensic examination confirmed call detail records linking Suresha directly to syndicate kingpin Raju Gowda.
C3722,2027-04-14,Hubballi,Fraud,Srinivas 'Tech',C3662;C3672;C3702,Installed deep-insert ATM skimming devices and pinhole cameras across bank kiosks in Manipal University Road. Captured magnetic stripe data of over 417 customer accounts. CCTV surveillance footage captured the suspect coordinating with co-accused operatives before fleeing along regional highway corridors.
C3723,2027-04-15,Bengaluru,Narcotics,Karan 'Bhai' Sharma,C3683;C3693,Identified as a core distributor supplying synthetic ecstasy and cocaine packages to VIP nightlife patrons across Koramangala 4th Block. Investigators recovered digital ledger entries and encrypted burner SIM cards matching cross-referenced case files.
C3724,2027-04-15,Raichur,Smuggling,Giddaiah,C3684,Extorted heavy illegal transport levies from fleet operators carrying excavated iron ore across the Ballari APMC Yard mining belt under explicit threat of armed intervention. Forensic examination confirmed call detail records linking Giddaiah directly to syndicate kingpin Reddy 'Dora'.
C3725,2027-04-16,Shivamogga,Narcotics,Harish 'Ganja',C3665;C3675;C3705,Stole heavy-duty off-road tractors and winches from agricultural estates to drag felled contraband trees through difficult jungle terrain near Sakleshpur Timber Depot. Forensic examination confirmed call detail records linking Harish 'Ganja' directly to syndicate kingpin Nagaraj 'Forest'.
C3726,2027-04-17,Belagavi,Rioting,Tariq Anwar,C3666,Intercepted a bullion transit vehicle on Pune-Bangalore Highway NH-4 using illegal firearms. Looted Rs 31 Lakhs worth of silver ingots and cash bags. Investigators recovered digital ledger entries and encrypted burner SIM cards matching cross-referenced case files.
C3727,2027-04-17,Gadag,Extortion,Manjunath 'Sunil' Desai,C3697;C3717,Demanded Rs 69 Lakhs ransom from the bank branch manager threatening severe bodily harm unless CCTV DVR hard drives from the bank robbery were handed over. Intelligence inputs confirm the operation was financed using layered cryptocurrency transactions and underground hawala channels.
C3728,2027-04-18,Bengaluru,Money Laundering,Meghana,C3678;C3688;C3698;C3719,Supervised call center telecallers in Electronic City IT Corridor impersonating customs and police officials to extort money from victims under fake parcel seizure threats. CCTV surveillance footage captured the suspect coordinating with co-accused operatives before fleeing along regional highway corridors.
C3729,2027-04-19,Mysuru,Robbery,Ibrahim 'Press',C3669;C3699,Fishing trawler captain intercepted off Malpe Fishing Dock while transferring 91 kg of contraband red sanders logs and gold biscuits to international vessels. Investigators recovered digital ledger entries and encrypted burner SIM cards matching cross-referenced case files.
C3730,2027-04-19,Hubballi,Burglary,Salman,C3690;C3700,Enforcer executed a daylight attack against rival vehicle thieves near Gokulam Residential Area to establish total monopoly over getaway vehicle supplies for commercial bank robbers. CCTV surveillance footage captured the suspect coordinating with co-accused operatives before fleeing along regional highway corridors.
C3731,2027-04-20,Mysuru,Robbery,Anand Verma,C3711,Raided a clandestine printing press inside an industrial shed producing high-quality fake currency notes of Rs 500 denomination used by syndicate operatives to settle debts. CCTV surveillance footage captured the suspect coordinating with co-accused operatives before fleeing along regional highway corridors.
C3732,2027-04-21,Hubballi,Counterfeiting,Sameer 'Sam',C3672;C3702;C3712,Installed deep-insert ATM skimming devices and pinhole cameras across bank kiosks in Malpe Harbor Kiosks. Captured magnetic stripe data of over 123 customer accounts. Investigators recovered digital ledger entries and encrypted burner SIM cards matching cross-referenced case files.
C3733,2027-04-21,Mysuru,Arms Trafficking,Tenzin,C3693;C3703;C3713,Chartered accountant arrested for registering shell companies across Electronic City Phase 2 to launder narcotics revenue and cryptocurrency payouts for the Karan Sharma network. CCTV surveillance footage captured the suspect coordinating with co-accused operatives before fleeing along regional highway corridors.
C3734,2027-04-22,Raichur,Assault,Veerabhadraappa,C3674;C3724,Carried out brutal rod and club attacks against unionized truck drivers along Sandur Iron Quarry Road who refused to pay daily illegal highway extortion tolls. Investigators recovered digital ledger entries and encrypted burner SIM cards matching cross-referenced case files.
C3735,2027-04-23,Chikkamagaluru,Assault,Narasimha,C3675;C3734,Stole heavy-duty off-road tractors and winches from agricultural estates to drag felled contraband trees through difficult jungle terrain near Bhadra Wildlife Corridor. CCTV surveillance footage captured the suspect coordinating with co-accused operatives before fleeing along regional highway corridors.
C3736,2027-04-23,Kalaburagi,Rioting,Sachin Shinde,C3696;C3706;C3716,Seized at Nipani Border Checkpost border checkpoint while transporting 333 factory-made semi-automatic pistols and ammunition concealed inside hidden vehicle compartments. Ballistic and biometric samples collected from the scene positively correlate with operatives active across Kalaburagi district.
C3737,2027-04-24,Hubballi,Rioting,Ravi 'Rambo',C3697;C3727;C3736,Nighttime break-in at a commercial cooperative bank branch in Vidyanagar Bank Circle. Alarm wiring disabled via insider blueprints; vault door breached via hydraulic spreaders. CCTV surveillance footage captured the suspect coordinating with co-accused operatives before fleeing along regional highway corridors.
C3738,2027-04-25,Tumakuru,Extortion,Tarun 'CA',C3688;C3728,Dark web specialist who developed backend server infrastructure for fake lottery and KYC update scams. Hosted command servers on offshore bulletproof networks. Intelligence inputs confirm the operation was financed using layered cryptocurrency transactions and underground hawala channels.
C3739,2027-04-25,Mangaluru,Robbery,John 'Captain',C3689;C3718,Senior associate in the hawala syndicate managing real estate front companies along Surathkal Highway Checkpoint to absorb illicit cash inflows extorted from coastal traders. Intelligence inputs confirm the operation was financed using layered cryptocurrency transactions and underground hawala channels.
C3740,2027-04-26,Mysuru,Burglary,Syed Ali,C3710;C3729,Stole high-performance sports motorcycles and luxury SUVs from hotel parking garages across Peenya Industrial Sheds. Stolen vehicles were modified for syndicate robbery escapes. Forensic examination confirmed call detail records linking Syed Ali directly to syndicate kingpin Syed Ali.
C3741,2027-04-27,Mysuru,Burglary,Anand Verma,C3681;C3721;C3731,Armed gang breached a commercial jewelry showroom on Mandya Highway Godowns at 02:15 AM using high-pressure oxy-acetylene cutters. Escaped with 92 kg of gold ornaments in a stolen SUV bearing duplicate number plates. Ballistic and biometric samples collected from the scene positively correlate with operatives active across Mysuru district.
C3742,2027-04-27,Udupi,Fraud,Sanath,C3702;C3732,Technical engineer seized with 162 blank NFC-enabled debit cards. Confessed to cloning card dumps harvested via illegal skimming hardware across coastal districts. Ballistic and biometric samples collected from the scene positively correlate with operatives active across Udupi district.
C3743,2027-04-28,Tumakuru,Money Laundering,Naveen Raj,C3683;C3703;C3714,Intercepted on Electronic City Phase 2 transporting 82 kg of high-grade synthetic MDMA crystals concealed inside custom-built double-bottom compartments of a luxury vehicle. Investigators recovered digital ledger entries and encrypted burner SIM cards matching cross-referenced case files.
C3744,2027-04-28,Koppal,Smuggling,Obalesh,C3684;C3694;C3714,Intercepted near mining checkpost transporting 96 tonnes of illegally excavated iron ore and red sanders timber with fabricated transit documents. Forensic examination confirmed call detail records linking Obalesh directly to syndicate kingpin Reddy 'Dora'.
C3745,2027-04-29,Hassan,Narcotics,Harish 'Ganja',C3685;C3715;C3735,Stole heavy-duty off-road tractors and winches from agricultural estates to drag felled contraband trees through difficult jungle terrain near Bhadra Wildlife Corridor. Ballistic and biometric samples collected from the scene positively correlate with operatives active across Hassan district.
C3746,2027-04-30,Kalaburagi,Robbery,Bhimrao,C3686;C3696;C3726,Seized at Shahapur Quarry Belt border checkpoint while transporting 320 factory-made semi-automatic pistols and ammunition concealed inside hidden vehicle compartments. CCTV surveillance footage captured the suspect coordinating with co-accused operatives before fleeing along regional highway corridors.
C3747,2027-04-30,Hubballi,Assault,Ashok 'Auto' Mani,C3697;C3727;C3737,Nighttime break-in at a commercial cooperative bank branch in Vidyanagar Bank Circle. Alarm wiring disabled via insider blueprints; vault door breached via hydraulic spreaders. Forensic examination confirmed call detail records linking Ashok 'Auto' Mani directly to syndicate kingpin Santosh Patil.
C3748,2027-05-01,Bengaluru,Money Laundering,Suhail,C3698;C3708,Engineered fraudulent investment trading APK applications. Tricked senior citizens across Electronic City IT Corridor into depositing over Rs 83 Lakhs into compromised mule accounts. CCTV surveillance footage captured the suspect coordinating with co-accused operatives before fleeing along regional highway corridors.
C3749,2027-05-02,Mangaluru,Assault,Kader 'Boat',C3689;C3709;C3719,Couried hawala cash bags containing Rs 118 Lakhs between Surathkal Highway Checkpoint and Mumbai jewelry markets to settle trade imbalances generated by contraband exports. Investigators recovered digital ledger entries and encrypted burner SIM cards matching cross-referenced case files.
C3750,2027-05-02,Bengaluru,Vehicle Theft,Muralidhar,C3710,Operated a clandestine chop-shop in Gokulam Residential Area dismantling stolen cargo vans and altering engine serial numbers to prevent detection during police inspections. Investigators recovered digital ledger entries and encrypted burner SIM cards matching cross-referenced case files.
C3751,2027-05-03,Mandya,Arson,Anand Verma,C3691;C3731,Set fire to a commercial warehouse near Mandya Highway Godowns after the business owner refused to pay extortion demands issued by the Raju Gowda leadership. Ballistic and biometric samples collected from the scene positively correlate with operatives active across Mandya district.
C3752,2027-05-04,Hubballi,Money Laundering,Sanath,C3692;C3702;C3722;C3733,Operated an extensive underground hawala transfer hub in Manipal University Road. Laundered Rs 43 Crores generated from ATM skimming operations and offshore crypto routing. CCTV surveillance footage captured the suspect coordinating with co-accused operatives before fleeing along regional highway corridors.
C3753,2027-05-04,Bengaluru,Arms Trafficking,Karan 'Bhai' Sharma,C3693;C3713;C3743,Intercepted on Indiranagar 100ft Road transporting 105 kg of high-grade synthetic MDMA crystals concealed inside custom-built double-bottom compartments of a luxury vehicle. CCTV surveillance footage captured the suspect coordinating with co-accused operatives before fleeing along regional highway corridors.
C3754,2027-05-05,Raichur,Assault,Basavanna,C3714;C3733,Extorted heavy illegal transport levies from fleet operators carrying excavated iron ore across the Toranagallu Highway mining belt under explicit threat of armed intervention. CCTV surveillance footage captured the suspect coordinating with co-accused operatives before fleeing along regional highway corridors.
C3755,2027-05-06,Chikkamagaluru,Assault,Gajendra,C3715;C3725,Cultivated 76 acres of illegal cannabis crops hidden deep inside dense forest plantations near Mudigere Plantation Border. Distributed weed via timber transport trucks. Intelligence inputs confirm the operation was financed using layered cryptocurrency transactions and underground hawala channels.
C3756,2027-05-06,Vijayapura,Burglary,Subhash 'Fauji',C3696;C3726;C3736;C3745,Extorted protection payments from limestone quarry owners near Pune-Bangalore Highway NH-4 threatening armed sabotage using weapons acquired from Subhash Fauji. CCTV surveillance footage captured the suspect coordinating with co-accused operatives before fleeing along regional highway corridors.
C3757,2027-05-07,Gadag,Assault,Prakash Jhadav,C3707,Demanded Rs 61 Lakhs ransom from the bank branch manager threatening severe bodily harm unless CCTV DVR hard drives from the bank robbery were handed over. Intelligence inputs confirm the operation was financed using layered cryptocurrency transactions and underground hawala channels.
C3758,2027-05-08,Bengaluru,Cybercrime,Meghana,C3698;C3708;C3738,Supervised call center telecallers in Electronic City IT Corridor impersonating customs and police officials to extort money from victims under fake parcel seizure threats. Intelligence inputs confirm the operation was financed using layered cryptocurrency transactions and underground hawala channels.
C3759,2027-05-08,Mysuru,Assault,John 'Captain',C3709;C3729;C3749;C3758,Couried hawala cash bags containing Rs 103 Lakhs between Malpe Fishing Dock and Mumbai jewelry markets to settle trade imbalances generated by contraband exports. Investigators recovered digital ledger entries and encrypted burner SIM cards matching cross-referenced case files.
C3760,2027-05-09,Hubballi,Assault,Somu 'Blade',C3700;C3730;C3750,Enforcer executed a daylight attack against rival vehicle thieves near Jayalakshmipuram Ring Road to establish total monopoly over getaway vehicle supplies for commercial bank robbers. CCTV surveillance footage captured the suspect coordinating with co-accused operatives before fleeing along regional highway corridors.
C3761,2027-05-10,Mandya,Burglary,Raju Gowda,C3701,Co-conspirator in the Devaraja Urs Road vault break-in. Apprehended at a hidden workshop while attempting to melt 90 kg of stolen gold bars into untraceable bullion ingots. Intelligence inputs confirm the operation was financed using layered cryptocurrency transactions and underground hawala channels.
C3762,2027-05-10,Udupi,Counterfeiting,Imran Pasha,C3712;C3732;C3742,Operated an illicit SIM-box gateway in Manipal University Road converting international VOIP calls into local cellular numbers to mask syndicate cyber extortion communications. Forensic examination confirmed call detail records linking Imran Pasha directly to syndicate kingpin Zaid Khan.
C3763,2027-05-11,Mysuru,Narcotics,Tenzin,C3703;C3713;C3733,Identified as a core distributor supplying synthetic ecstasy and cocaine packages to VIP nightlife patrons across Electronic City Phase 2. Intelligence inputs confirm the operation was financed using layered cryptocurrency transactions and underground hawala channels.
C3764,2027-05-11,Raichur,Extortion,Sekhar,C3704;C3714;C3744;C3745,Extorted heavy illegal transport levies from fleet operators carrying excavated iron ore across the Hospet Mining Belt mining belt under explicit threat of armed intervention. Investigators recovered digital ledger entries and encrypted burner SIM cards matching cross-referenced case files.
C3765,2027-05-12,Hassan,Assault,Nagaraj 'Forest',C3705;C3755,Cultivated 127 acres of illegal cannabis crops hidden deep inside dense forest plantations near Sakleshpur Timber Depot. Distributed weed via timber transport trucks. CCTV surveillance footage captured the suspect coordinating with co-accused operatives before fleeing along regional highway corridors.
C3766,2027-05-13,Belagavi,Robbery,Bhimrao,C3746;C3756,Extorted protection payments from limestone quarry owners near Shahapur Quarry Belt threatening armed sabotage using weapons acquired from Subhash Fauji. Intelligence inputs confirm the operation was financed using layered cryptocurrency transactions and underground hawala channels.
C3767,2027-05-13,Gadag,Extortion,Ravi 'Rambo',C3717;C3756,Demanded Rs 92 Lakhs ransom from the bank branch manager threatening severe bodily harm unless CCTV DVR hard drives from the bank robbery were handed over. Investigators recovered digital ledger entries and encrypted burner SIM cards matching cross-referenced case files.
C3768,2027-05-14,Tumakuru,Money Laundering,Tarun 'CA',C3708;C3728;C3738,Dark web specialist who developed backend server infrastructure for fake lottery and KYC update scams. Hosted command servers on offshore bulletproof networks. Ballistic and biometric samples collected from the scene positively correlate with operatives active across Tumakuru district.
C3769,2027-05-15,Mysuru,Robbery,John 'Captain',C3709;C3719;C3729,Contract enforcer carried out a severe blade assault against a customs intelligence officer near Malpe Fishing Dock investigating illegal marine cargo shipments. Intelligence inputs confirm the operation was financed using layered cryptocurrency transactions and underground hawala channels.
C3770,2027-05-15,Hubballi,Burglary,Imran 'Bike',C3739;C3740;C3760,Armed gang intercepted a wholesale diamond courier near Gokulam Residential Area. Escaped on high-speed modified stolen motorcycles provided by Syed Ali after looting diamond rings. Intelligence inputs confirm the operation was financed using layered cryptocurrency transactions and underground hawala channels.
C3771,2027-05-16,Mandya,Burglary,Anand Verma,C3731;C3760;C3761,Armed gang breached a commercial jewelry showroom on Devaraja Urs Road at 02:15 AM using high-pressure oxy-acetylene cutters. Escaped with 63 kg of gold ornaments in a stolen SUV bearing duplicate number plates. CCTV surveillance footage captured the suspect coordinating with co-accused operatives before fleeing along regional highway corridors.
C3772,2027-05-17,Mangaluru,Cybercrime,Srinivas 'Tech',C3742;C3752;C3753,Technical engineer seized with 127 blank NFC-enabled debit cards. Confessed to cloning card dumps harvested via illegal skimming hardware across coastal districts. Ballistic and biometric samples collected from the scene positively correlate with operatives active across Mangaluru district.
C3773,2027-05-17,Mysuru,Cybercrime,Sunny 'DJ',C3743;C3753;C3763,Coordinated mass phishing SMS bursts targeting net banking users across Karnataka. Utilized compromised mule credentials to layer funds into dark web crypto wallets. Intelligence inputs confirm the operation was financed using layered cryptocurrency transactions and underground hawala channels.
C3774,2027-05-18,Raichur,Assault,Kondaiah,C3734;C3745;C3754,Executed a targeted shooting of a rival transport contractor at a roadside dhaba near Ballari APMC Yard to establish total monopoly over mining transport lines. Ballistic and biometric samples collected from the scene positively correlate with operatives active across Raichur district.
C3775,2027-05-19,Chikkamagaluru,Narcotics,Lokesh,C3725;C3735;C3765,Apprehended inside Sakleshpur Timber Depot reserve with 67 kg of high-value red sanders logs and wildlife skins destined for coastal export hubs. Ballistic and biometric samples collected from the scene positively correlate with operatives active across Chikkamagaluru district.
C3776,2027-05-19,Belagavi,Arms Trafficking,Tariq Anwar,C3716;C3745,Arrested carrying country-made carbines and shotguns procured across the state border for distribution to southern crime syndicates operating in Bangalore and Mysuru. CCTV surveillance footage captured the suspect coordinating with co-accused operatives before fleeing along regional highway corridors.
C3777,2027-05-20,Gadag,Extortion,Laxman 'Laxi',C3717;C3757;C3767,Demanded Rs 106 Lakhs ransom from the bank branch manager threatening severe bodily harm unless CCTV DVR hard drives from the bank robbery were handed over. Intelligence inputs confirm the operation was financed using layered cryptocurrency transactions and underground hawala channels.
C3778,2027-05-21,Tumakuru,Money Laundering,Tarun 'CA',C3718;C3758;C3768,Dark web specialist who developed backend server infrastructure for fake lottery and KYC update scams. Hosted command servers on offshore bulletproof networks. Ballistic and biometric samples collected from the scene positively correlate with operatives active across Tumakuru district.
C3779,2027-05-21,Mangaluru,Assault,Usman,C3729;C3749,Fishing trawler captain intercepted off Malpe Fishing Dock while transferring 101 kg of contraband red sanders logs and gold biscuits to international vessels. Intelligence inputs confirm the operation was financed using layered cryptocurrency transactions and underground hawala channels.
C3780,2027-05-22,Mysuru,Robbery,Farhan 'Auto',C3720;C3730,Enforcer executed a daylight attack against rival vehicle thieves near Peenya Industrial Sheds to establish total monopoly over getaway vehicle supplies for commercial bank robbers. Intelligence inputs confirm the operation was financed using layered cryptocurrency transactions and underground hawala channels.
C3781,2027-05-23,Mysuru,Arson,Suresha,C3721;C3741;C3762,Raided a clandestine printing press inside an industrial shed producing high-quality fake currency notes of Rs 500 denomination used by syndicate operatives to settle debts. Ballistic and biometric samples collected from the scene positively correlate with operatives active across Mysuru district.
C3782,2027-05-23,Hubballi,Money Laundering,Imran Pasha,C3752,Installed deep-insert ATM skimming devices and pinhole cameras across bank kiosks in Bunder Port Road. Captured magnetic stripe data of over 103 customer accounts. CCTV surveillance footage captured the suspect coordinating with co-accused operatives before fleeing along regional highway corridors.
C3783,2027-05-24,Bengaluru,Cybercrime,Siddharth Mehta,C3753,Chartered accountant arrested for registering shell companies across Indiranagar 100ft Road to launder narcotics revenue and cryptocurrency payouts for the Karan Sharma network. Intelligence inputs confirm the operation was financed using layered cryptocurrency transactions and underground hawala channels.
C3784,2027-05-24,Koppal,Extortion,Obalesh,C3734,Executed a targeted shooting of a rival transport contractor at a roadside dhaba near Hospet Mining Belt to establish total monopoly over mining transport lines. Investigators recovered digital ledger entries and encrypted burner SIM cards matching cross-referenced case files.
C3785,2027-05-25,Shivamogga,Assault,Harish 'Ganja',C3745;C3755,"Attacked forest guards during a midnight anti-poaching patrol near Agumbe Forest Reserve using machetes and iron pipes, allowing the timber smuggling convoy to escape. Ballistic and biometric samples collected from the scene positively correlate with operatives active across Shivamogga district."
C3786,2027-05-26,Belagavi,Rioting,Ganesh 'Gunner',C3736;C3746;C3776,Extorted protection payments from limestone quarry owners near Bidar Railway Godowns threatening armed sabotage using weapons acquired from Subhash Fauji. Forensic examination confirmed call detail records linking Ganesh 'Gunner' directly to syndicate kingpin Tariq Anwar.
C3787,2027-05-26,Hubballi,Extortion,Laxman 'Laxi',C3777,Incited violent mob disturbances in Dharwad Court Road commercial market area to divert police rapid action teams away from extortion cash drop-offs. Forensic examination confirmed call detail records linking Laxman 'Laxi' directly to syndicate kingpin Santosh Patil.
C3788,2027-05-27,Mysuru,Extortion,Meghana,C3758,Dark web specialist who developed backend server infrastructure for fake lottery and KYC update scams. Hosted command servers on offshore bulletproof networks. Forensic examination confirmed call detail records linking Meghana directly to syndicate kingpin Divya Prakash.
C3789,2027-05-28,Udupi,Money Laundering,Usman,C3759,Fishing trawler captain intercepted off Ullal Beach Road while transferring 39 kg of contraband red sanders logs and gold biscuits to international vessels. Investigators recovered digital ledger entries and encrypted burner SIM cards matching cross-referenced case files.
C3790,2027-05-28,Mysuru,Vehicle Theft,Syed Ali,C3750,Operated a clandestine chop-shop in Saraswathipuram Main Road dismantling stolen cargo vans and altering engine serial numbers to prevent detection during police inspections. Investigators recovered digital ledger entries and encrypted burner SIM cards matching cross-referenced case files.
C3791,2027-05-29,Mysuru,Burglary,Santhosh 'Oxy',C3741;C3781,Set fire to a commercial warehouse near Mandya Highway Godowns after the business owner refused to pay extortion demands issued by the Raju Gowda leadership. CCTV surveillance footage captured the suspect coordinating with co-accused operatives before fleeing along regional highway corridors.
C3792,2027-05-30,Hubballi,Cybercrime,Sameer 'Sam',C3752;C3782,Operated an extensive underground hawala transfer hub in Manipal University Road. Laundered Rs 21 Crores generated from ATM skimming operations and offshore crypto routing. Forensic examination confirmed call detail records linking Sameer 'Sam' directly to syndicate kingpin Zaid Khan.
C3793,2027-05-30,Bengaluru,Narcotics,Siddharth Mehta,C3753,Intercepted on HSR Layout Phase 1 transporting 38 kg of high-grade synthetic MDMA crystals concealed inside custom-built double-bottom compartments of a luxury vehicle. CCTV surveillance footage captured the suspect coordinating with co-accused operatives before fleeing along regional highway corridors.
C3794,2027-05-31,Koppal,Murder,Muni 'Rowdy',C3734;C3744;C3774,Intercepted near mining checkpost transporting 45 tonnes of illegally excavated iron ore and red sanders timber with fabricated transit documents. Ballistic and biometric samples collected from the scene positively correlate with operatives active across Koppal district.
C3795,2027-06-01,Shivamogga,Vehicle Theft,Nagaraj 'Forest',C3745,Apprehended inside Bhadra Wildlife Corridor reserve with 90 kg of high-value red sanders logs and wildlife skins destined for coastal export hubs. Investigators recovered digital ledger entries and encrypted burner SIM cards matching cross-referenced case files.
C3796,2027-06-01,Kalaburagi,Rioting,Suresh Kumar,C3756;C3776;C3786,Intercepted a bullion transit vehicle on Pune-Bangalore Highway NH-4 using illegal firearms. Looted Rs 20 Lakhs worth of silver ingots and cash bags. Investigators recovered digital ledger entries and encrypted burner SIM cards matching cross-referenced case files.
C3797,2027-06-02,Dharwad,Rioting,Raghu 'Lock',C3757;C3767;C3787,Nighttime break-in at a commercial cooperative bank branch in Dharwad Court Road. Alarm wiring disabled via insider blueprints; vault door breached via hydraulic spreaders. CCTV surveillance footage captured the suspect coordinating with co-accused operatives before fleeing along regional highway corridors.
C3798,2027-06-03,Tumakuru,Fraud,Ramesh Kulkarni,C3738;C3748;C3758,Engineered fraudulent investment trading APK applications. Tricked senior citizens across Electronic City IT Corridor into depositing over Rs 109 Lakhs into compromised mule accounts. CCTV surveillance footage captured the suspect coordinating with co-accused operatives before fleeing along regional highway corridors.
C3799,2027-06-03,Mysuru,Smuggling,Ibrahim 'Press',C3769;C3779;C3789,Senior associate in the hawala syndicate managing real estate front companies along Ullal Beach Road to absorb illicit cash inflows extorted from coastal traders. Investigators recovered digital ledger entries and encrypted burner SIM cards matching cross-referenced case files.
C3800,2027-06-04,Hubballi,Burglary,Muralidhar,C3760;C3770;C3780,Operated a clandestine chop-shop in Jayalakshmipuram Ring Road dismantling stolen cargo vans and altering engine serial numbers to prevent detection during police inspections. Intelligence inputs confirm the operation was financed using layered cryptocurrency transactions and underground hawala channels.
C3801,2027-06-05,Mysuru,Robbery,Santhosh 'Oxy',C3761;C3790,Co-conspirator in the Vijayanagar Industrial Area vault break-in. Apprehended at a hidden workshop while attempting to melt 116 kg of stolen gold bars into untraceable bullion ingots. Investigators recovered digital ledger entries and encrypted burner SIM cards matching cross-referenced case files.
C3802,2027-06-05,Mangaluru,Cybercrime,Zaid Khan,C3782;C3792,Technical engineer seized with 321 blank NFC-enabled debit cards. Confessed to cloning card dumps harvested via illegal skimming hardware across coastal districts. Ballistic and biometric samples collected from the scene positively correlate with operatives active across Mangaluru district.
C3803,2027-06-06,Tumakuru,Cybercrime,Chandan Kumar,C3743;C3763,Intercepted on Indiranagar 100ft Road transporting 43 kg of high-grade synthetic MDMA crystals concealed inside custom-built double-bottom compartments of a luxury vehicle. Ballistic and biometric samples collected from the scene positively correlate with operatives active across Tumakuru district.
C3804,2027-06-06,Ballari,Murder,Muni 'Rowdy',C3764;C3774;C3794,Carried out brutal rod and club attacks against unionized truck drivers along Ballari APMC Yard who refused to pay daily illegal highway extortion tolls. Ballistic and biometric samples collected from the scene positively correlate with operatives active across Ballari district.
C3805,2027-06-07,Shivamogga,Vehicle Theft,Harish 'Ganja',C3765;C3766;C3775;C3795,Stole heavy-duty off-road tractors and winches from agricultural estates to drag felled contraband trees through difficult jungle terrain near Agumbe Forest Reserve. Investigators recovered digital ledger entries and encrypted burner SIM cards matching cross-referenced case files.
C3806,2027-06-08,Kalaburagi,Rioting,Subhash 'Fauji',C3746;C3766;C3796;C3805,Intercepted a bullion transit vehicle on Nipani Border Checkpost using illegal firearms. Looted Rs 33 Lakhs worth of silver ingots and cash bags. CCTV surveillance footage captured the suspect coordinating with co-accused operatives before fleeing along regional highway corridors.
C3807,2027-06-08,Hubballi,Assault,Ashok 'Auto' Mani,C3797,Nighttime break-in at a commercial cooperative bank branch in Vidyanagar Bank Circle. Alarm wiring disabled via insider blueprints; vault door breached via hydraulic spreaders. Forensic examination confirmed call detail records linking Ashok 'Auto' Mani directly to syndicate kingpin Santosh Patil.
C3808,2027-06-09,Bengaluru,Fraud,Tarun 'CA',C3758,Engineered fraudulent investment trading APK applications. Tricked senior citizens across Marathahalli Bridge into depositing over Rs 33 Lakhs into compromised mule accounts. Intelligence inputs confirm the operation was financed using layered cryptocurrency transactions and underground hawala channels.
C3809,2027-06-10,Mangaluru,Smuggling,Farooq 'Blade',C3749;C3769;C3799,Couried hawala cash bags containing Rs 119 Lakhs between Surathkal Highway Checkpoint and Mumbai jewelry markets to settle trade imbalances generated by contraband exports. Ballistic and biometric samples collected from the scene positively correlate with operatives active across Mangaluru district.
C3810,2027-06-10,Bengaluru,Assault,Muralidhar,C3750;C3770;C3779;C3800,Armed gang intercepted a wholesale diamond courier near Gokulam Residential Area. Escaped on high-speed modified stolen motorcycles provided by Syed Ali after looting diamond rings. Investigators recovered digital ledger entries and encrypted burner SIM cards matching cross-referenced case files.
C3811,2027-06-11,Mysuru,Robbery,Raju Gowda,C3761;C3781,Raided a clandestine printing press inside an industrial shed producing high-quality fake currency notes of Rs 500 denomination used by syndicate operatives to settle debts. Forensic examination confirmed call detail records linking Raju Gowda directly to syndicate kingpin Raju Gowda.
C3812,2027-06-12,Udupi,Money Laundering,Rohan D'Souza,C3772,Technical engineer seized with 83 blank NFC-enabled debit cards. Confessed to cloning card dumps harvested via illegal skimming hardware across coastal districts. Forensic examination confirmed call detail records linking Rohan D'Souza directly to syndicate kingpin Zaid Khan.
C3813,2027-06-12,Tumakuru,Cybercrime,Chandan Kumar,C3763;C3793,Coordinated mass phishing SMS bursts targeting net banking users across Karnataka. Utilized compromised mule credentials to layer funds into dark web crypto wallets. Ballistic and biometric samples collected from the scene positively correlate with operatives active across Tumakuru district.
C3814,2027-06-13,Ballari,Murder,Giddaiah,C3754;C3804,Carried out brutal rod and club attacks against unionized truck drivers along Toranagallu Highway who refused to pay daily illegal highway extortion tolls. CCTV surveillance footage captured the suspect coordinating with co-accused operatives before fleeing along regional highway corridors.
C3815,2027-06-14,Chikkamagaluru,Vehicle Theft,Basavaraj Naik,C3765;C3775;C3785;C3794,Stole heavy-duty off-road tractors and winches from agricultural estates to drag felled contraband trees through difficult jungle terrain near Sakleshpur Timber Depot. CCTV surveillance footage captured the suspect coordinating with co-accused operatives before fleeing along regional highway corridors.
C3816,2027-06-14,Bidar,Rioting,Ajay 'Border',C3766;C3806,Extorted protection payments from limestone quarry owners near Bidar Railway Godowns threatening armed sabotage using weapons acquired from Subhash Fauji. Investigators recovered digital ledger entries and encrypted burner SIM cards matching cross-referenced case files.
C3817,2027-06-15,Dharwad,Burglary,Ashok 'Auto' Mani,C3757;C3767;C3797,Nighttime break-in at a commercial cooperative bank branch in Hubballi APMC Market Yard. Alarm wiring disabled via insider blueprints; vault door breached via hydraulic spreaders. Intelligence inputs confirm the operation was financed using layered cryptocurrency transactions and underground hawala channels.
C3818,2027-06-16,Mysuru,Cybercrime,Nitin 'Hacker',C3768;C3778,Dark web specialist who developed backend server infrastructure for fake lottery and KYC update scams. Hosted command servers on offshore bulletproof networks. Investigators recovered digital ledger entries and encrypted burner SIM cards matching cross-referenced case files.
C3819,2027-06-16,Mangaluru,Money Laundering,Abdul Khader,C3769;C3789;C3809,Couried hawala cash bags containing Rs 21 Lakhs between Malpe Fishing Dock and Mumbai jewelry markets to settle trade imbalances generated by contraband exports. Forensic examination confirmed call detail records linking Abdul Khader directly to syndicate kingpin Abdul Khader.
C3820,2027-06-17,Hubballi,Vehicle Theft,Prashanth 'Pachhi',C3760;C3789,Operated a clandestine chop-shop in Gokulam Residential Area dismantling stolen cargo vans and altering engine serial numbers to prevent detection during police inspections. CCTV surveillance footage captured the suspect coordinating with co-accused operatives before fleeing along regional highway corridors.
C3821,2027-06-18,Mysuru,Robbery,Raghavendra 'Raghu',C3781;C3791;C3801,Raided a clandestine printing press inside an industrial shed producing high-quality fake currency notes of Rs 500 denomination used by syndicate operatives to settle debts. Forensic examination confirmed call detail records linking Raghavendra 'Raghu' directly to syndicate kingpin Raju Gowda.
C3822,2027-06-18,Udupi,Cybercrime,Srinivas 'Tech',C3802,Operated an extensive underground hawala transfer hub in Hampankatta Commercial Hub. Laundered Rs 65 Crores generated from ATM skimming operations and offshore crypto routing. CCTV surveillance footage captured the suspect coordinating with co-accused operatives before fleeing along regional highway corridors.
C3823,2027-06-19,Tumakuru,Arms Trafficking,Chandan Kumar,C3773;C3813,Coordinated mass phishing SMS bursts targeting net banking users across Karnataka. Utilized compromised mule credentials to layer funds into dark web crypto wallets. CCTV surveillance footage captured the suspect coordinating with co-accused operatives before fleeing along regional highway corridors.
C3824,2027-06-19,Ballari,Assault,Veerabhadraappa,C3794;C3823,Executed a targeted shooting of a rival transport contractor at a roadside dhaba near Sandur Iron Quarry Road to establish total monopoly over mining transport lines. CCTV surveillance footage captured the suspect coordinating with co-accused operatives before fleeing along regional highway corridors.
C3825,2027-06-20,Chikkamagaluru,Assault,Nagaraj 'Forest',C3794;C3795;C3815,Apprehended inside Sakleshpur Timber Depot reserve with 92 kg of high-value red sanders logs and wildlife skins destined for coastal export hubs. Ballistic and biometric samples collected from the scene positively correlate with operatives active across Chikkamagaluru district.
C3826,2027-06-21,Belagavi,Robbery,Bhimrao,C3766,Seized at Shahapur Quarry Belt border checkpoint while transporting 322 factory-made semi-automatic pistols and ammunition concealed inside hidden vehicle compartments. Investigators recovered digital ledger entries and encrypted burner SIM cards matching cross-referenced case files.
C3827,2027-06-21,Gadag,Burglary,Manjunath 'Sunil' Desai,C3767;C3788;C3797;C3807,Incited violent mob disturbances in Vidyanagar Bank Circle commercial market area to divert police rapid action teams away from extortion cash drop-offs. Ballistic and biometric samples collected from the scene positively correlate with operatives active across Gadag district.
C3828,2027-06-22,Mysuru,Cybercrime,Meghana,C3768;C3778;C3788,Engineered fraudulent investment trading APK applications. Tricked senior citizens across Electronic City IT Corridor into depositing over Rs 18 Lakhs into compromised mule accounts. CCTV surveillance footage captured the suspect coordinating with co-accused operatives before fleeing along regional highway corridors.
C3829,2027-06-23,Udupi,Smuggling,John 'Captain',C3769;C3799;C3809,Contract enforcer carried out a severe blade assault against a customs intelligence officer near Ullal Beach Road investigating illegal marine cargo shipments. Investigators recovered digital ledger entries and encrypted burner SIM cards matching cross-referenced case files.
C3830,2027-06-23,Hubballi,Burglary,Prashanth 'Pachhi',C3790;C3810;C3820,Operated a clandestine chop-shop in Jayalakshmipuram Ring Road dismantling stolen cargo vans and altering engine serial numbers to prevent detection during police inspections. Intelligence inputs confirm the operation was financed using layered cryptocurrency transactions and underground hawala channels.
C3831,2027-06-24,Mandya,Burglary,Suresha,C3781;C3801;C3811,Armed gang breached a commercial jewelry showroom on Saraswathipuram at 02:15 AM using high-pressure oxy-acetylene cutters. Escaped with 87 kg of gold ornaments in a stolen SUV bearing duplicate number plates. CCTV surveillance footage captured the suspect coordinating with co-accused operatives before fleeing along regional highway corridors.
C3832,2027-06-25,Mangaluru,Cybercrime,Zaid Khan,C3772;C3812,Operated an illicit SIM-box gateway in Manipal University Road converting international VOIP calls into local cellular numbers to mask syndicate cyber extortion communications. Investigators recovered digital ledger entries and encrypted burner SIM cards matching cross-referenced case files.
C3833,2027-06-25,Bengaluru,Arms Trafficking,Siddharth Mehta,C3773;C3814,Identified as a core distributor supplying synthetic ecstasy and cocaine packages to VIP nightlife patrons across Indiranagar 100ft Road. Investigators recovered digital ledger entries and encrypted burner SIM cards matching cross-referenced case files.
C3834,2027-06-26,Ballari,Smuggling,Reddy 'Dora',C3804;C3824,Carried out brutal rod and club attacks against unionized truck drivers along Ballari APMC Yard who refused to pay daily illegal highway extortion tolls. Intelligence inputs confirm the operation was financed using layered cryptocurrency transactions and underground hawala channels.
C3835,2027-06-27,Chikkamagaluru,Narcotics,Nagaraj 'Forest',C3805;C3815,Apprehended inside Bhadra Wildlife Corridor reserve with 109 kg of high-value red sanders logs and wildlife skins destined for coastal export hubs. Investigators recovered digital ledger entries and encrypted burner SIM cards matching cross-referenced case files.
C3836,2027-06-27,Belagavi,Robbery,Sachin Shinde,C3786;C3816,Seized at Pune-Bangalore Highway NH-4 border checkpoint while transporting 276 factory-made semi-automatic pistols and ammunition concealed inside hidden vehicle compartments. Forensic examination confirmed call detail records linking Sachin Shinde directly to syndicate kingpin Tariq Anwar.
C3837,2027-06-28,Dharwad,Assault,Laxman 'Laxi',C3777;C3827;C3836,Specialist locksmith who fabricated duplicate master keys and vault bypass tools utilized by Santosh Patil during commercial bank break-ins across Hubballi APMC Market Yard. Forensic examination confirmed call detail records linking Laxman 'Laxi' directly to syndicate kingpin Santosh Patil.
C3838,2027-06-29,Mysuru,Money Laundering,Meghana,C3828,Engineered fraudulent investment trading APK applications. Tricked senior citizens across Marathahalli Bridge into depositing over Rs 73 Lakhs into compromised mule accounts. Intelligence inputs confirm the operation was financed using layered cryptocurrency transactions and underground hawala channels.
C3839,2027-06-29,Mangaluru,Robbery,Abdul Khader,C3799,Couried hawala cash bags containing Rs 118 Lakhs between Old Port Bunder Harbor and Mumbai jewelry markets to settle trade imbalances generated by contraband exports. CCTV surveillance footage captured the suspect coordinating with co-accused operatives before fleeing along regional highway corridors.
C3840,2027-06-30,Bengaluru,Burglary,Syed Ali,C3830,Armed gang intercepted a wholesale diamond courier near Peenya Industrial Sheds. Escaped on high-speed modified stolen motorcycles provided by Syed Ali after looting diamond rings. Forensic examination confirmed call detail records linking Syed Ali directly to syndicate kingpin Syed Ali.
C3841,2027-07-01,Mandya,Arson,Raju Gowda,C3791;C3811;C3831,Raided a clandestine printing press inside an industrial shed producing high-quality fake currency notes of Rs 500 denomination used by syndicate operatives to settle debts. CCTV surveillance footage captured the suspect coordinating with co-accused operatives before fleeing along regional highway corridors.
C3842,2027-07-01,Udupi,Counterfeiting,Sameer 'Sam',C3812;C3832,Operated an extensive underground hawala transfer hub in Malpe Harbor Kiosks. Laundered Rs 60 Crores generated from ATM skimming operations and offshore crypto routing. Intelligence inputs confirm the operation was financed using layered cryptocurrency transactions and underground hawala channels.
C3843,2027-07-02,Mysuru,Narcotics,Chandan Kumar,C3783,Coordinated mass phishing SMS bursts targeting net banking users across Karnataka. Utilized compromised mule credentials to layer funds into dark web crypto wallets. Ballistic and biometric samples collected from the scene positively correlate with operatives active across Mysuru district.
C3844,2027-07-02,Ballari,Assault,Kondaiah,C3784;C3804,Executed a targeted shooting of a rival transport contractor at a roadside dhaba near Sandur Iron Quarry Road to establish total monopoly over mining transport lines. Forensic examination confirmed call detail records linking Kondaiah directly to syndicate kingpin Reddy 'Dora'.
C3845,2027-07-03,Chikkamagaluru,Assault,Narasimha,C3785;C3795;C3835,"Attacked forest guards during a midnight anti-poaching patrol near Mudigere Plantation Border using machetes and iron pipes, allowing the timber smuggling convoy to escape. Investigators recovered digital ledger entries and encrypted burner SIM cards matching cross-referenced case files."
C3846,2027-07-04,Bidar,Robbery,Subhash 'Fauji',C3786;C3806;C3826,Seized at Shahapur Quarry Belt border checkpoint while transporting 297 factory-made semi-automatic pistols and ammunition concealed inside hidden vehicle compartments. Forensic examination confirmed call detail records linking Subhash 'Fauji' directly to syndicate kingpin Tariq Anwar.
C3847,2027-07-04,Gadag,Assault,Ashok 'Auto' Mani,C3807;C3817,Specialist locksmith who fabricated duplicate master keys and vault bypass tools utilized by Santosh Patil during commercial bank break-ins across Gokul Road Industrial Area. CCTV surveillance footage captured the suspect coordinating with co-accused operatives before fleeing along regional highway corridors.
C3848,2027-07-05,Mysuru,Money Laundering,Ananya 'CA',C3828,Created 185 fraudulent bank accounts using forged biometric Aadhaar credentials. Accounts were utilized by cyber gangs to rapidly layer and withdraw cash. Intelligence inputs confirm the operation was financed using layered cryptocurrency transactions and underground hawala channels.
C3849,2027-07-06,Mangaluru,Smuggling,Farooq 'Blade',C3810;C3839,Couried hawala cash bags containing Rs 96 Lakhs between Old Port Bunder Harbor and Mumbai jewelry markets to settle trade imbalances generated by contraband exports. Intelligence inputs confirm the operation was financed using layered cryptocurrency transactions and underground hawala channels.
C3850,2027-07-06,Hubballi,Vehicle Theft,Somu 'Blade',C3800;C3840,Enforcer executed a daylight attack against rival vehicle thieves near Gokulam Residential Area to establish total monopoly over getaway vehicle supplies for commercial bank robbers. Forensic examination confirmed call detail records linking Somu 'Blade' directly to syndicate kingpin Syed Ali.
C3851,2027-07-07,Mandya,Arson,Suresha,C3791;C3821;C3841,Co-conspirator in the Vijayanagar Industrial Area vault break-in. Apprehended at a hidden workshop while attempting to melt 49 kg of stolen gold bars into untraceable bullion ingots. Ballistic and biometric samples collected from the scene positively correlate with operatives active across Mandya district.
C3852,2027-07-08,Udupi,Fraud,Imran Pasha,C3792;C3833;C3842,Technical engineer seized with 260 blank NFC-enabled debit cards. Confessed to cloning card dumps harvested via illegal skimming hardware across coastal districts. Investigators recovered digital ledger entries and encrypted burner SIM cards matching cross-referenced case files.
C3853,2027-07-08,Tumakuru,Money Laundering,Sunny 'DJ',C3793;C3833,Identified as a core distributor supplying synthetic ecstasy and cocaine packages to VIP nightlife patrons across Koramangala 4th Block. Intelligence inputs confirm the operation was financed using layered cryptocurrency transactions and underground hawala channels.
C3854,2027-07-09,Ballari,Smuggling,Kondaiah,C3794;C3824;C3834,Intercepted near mining checkpost transporting 56 tonnes of illegally excavated iron ore and red sanders timber with fabricated transit documents. Forensic examination confirmed call detail records linking Kondaiah directly to syndicate kingpin Reddy 'Dora'.
C3855,2027-07-10,Shivamogga,Smuggling,Narasimha,C3795;C3805;C3835,Apprehended inside Agumbe Forest Reserve reserve with 73 kg of high-value red sanders logs and wildlife skins destined for coastal export hubs. Ballistic and biometric samples collected from the scene positively correlate with operatives active across Shivamogga district.
C3856,2027-07-10,Kalaburagi,Robbery,Subhash 'Fauji',C3806;C3836,Extorted protection payments from limestone quarry owners near Shahapur Quarry Belt threatening armed sabotage using weapons acquired from Subhash Fauji. Ballistic and biometric samples collected from the scene positively correlate with operatives active across Kalaburagi district.
C3857,2027-07-11,Hubballi,Extortion,Ravi 'Rambo',C3797;C3827;C3847,Nighttime break-in at a commercial cooperative bank branch in Vidyanagar Bank Circle. Alarm wiring disabled via insider blueprints; vault door breached via hydraulic spreaders. Ballistic and biometric samples collected from the scene positively correlate with operatives active across Hubballi district.
C3858,2027-07-12,Bengaluru,Fraud,Divya Prakash,C3808;C3828;C3857,Engineered fraudulent investment trading APK applications. Tricked senior citizens across Jayanagar 9th Block into depositing over Rs 95 Lakhs into compromised mule accounts. Investigators recovered digital ledger entries and encrypted burner SIM cards matching cross-referenced case files.
C3859,2027-07-12,Mysuru,Robbery,Rasheed 'Sultaan',C3809;C3829;C3839,Contract enforcer carried out a severe blade assault against a customs intelligence officer near Old Port Bunder Harbor investigating illegal marine cargo shipments. Ballistic and biometric samples collected from the scene positively correlate with operatives active across Mysuru district.
C3860,2027-07-13,Bengaluru,Vehicle Theft,Karthik 'Katti',C3800;C3810,Stole high-performance sports motorcycles and luxury SUVs from hotel parking garages across Peenya Industrial Sheds. Stolen vehicles were modified for syndicate robbery escapes. Forensic examination confirmed call detail records linking Karthik 'Katti' directly to syndicate kingpin Syed Ali.
C3861,2027-07-14,Mysuru,Burglary,Raghavendra 'Raghu',C3851,Co-conspirator in the Vijayanagar Industrial Area vault break-in. Apprehended at a hidden workshop while attempting to melt 50 kg of stolen gold bars into untraceable bullion ingots. Investigators recovered digital ledger entries and encrypted burner SIM cards matching cross-referenced case files.
C3862,2027-07-14,Mangaluru,Counterfeiting,Srinivas 'Tech',C3832;C3852,Operated an illicit SIM-box gateway in Bunder Port Road converting international VOIP calls into local cellular numbers to mask syndicate cyber extortion communications. Investigators recovered digital ledger entries and encrypted burner SIM cards matching cross-referenced case files.
C3863,2027-07-15,Tumakuru,Arms Trafficking,Naveen Raj,C3813;C3823;C3843,Identified as a core distributor supplying synthetic ecstasy and cocaine packages to VIP nightlife patrons across HSR Layout Phase 1. Intelligence inputs confirm the operation was financed using layered cryptocurrency transactions and underground hawala channels.
C3864,2027-07-15,Raichur,Murder,Muni 'Rowdy',C3814;C3834;C3854,Intercepted near mining checkpost transporting 72 tonnes of illegally excavated iron ore and red sanders timber with fabricated transit documents. Forensic examination confirmed call detail records linking Muni 'Rowdy' directly to syndicate kingpin Reddy 'Dora'.
C3865,2027-07-16,Hassan,Narcotics,Manja 'Blade',C3825;C3845;C3855,Apprehended inside Agumbe Forest Reserve reserve with 118 kg of high-value red sanders logs and wildlife skins destined for coastal export hubs. CCTV surveillance footage captured the suspect coordinating with co-accused operatives before fleeing along regional highway corridors.
C3866,2027-07-17,Kalaburagi,Burglary,Subhash 'Fauji',C3816;C3826;C3856,Seized at Nipani Border Checkpost border checkpoint while transporting 392 factory-made semi-automatic pistols and ammunition concealed inside hidden vehicle compartments. Forensic examination confirmed call detail records linking Subhash 'Fauji' directly to syndicate kingpin Tariq Anwar.
C3867,2027-07-17,Gadag,Rioting,Laxman 'Laxi',C3817;C3838;C3847,Demanded Rs 86 Lakhs ransom from the bank branch manager threatening severe bodily harm unless CCTV DVR hard drives from the bank robbery were handed over. Intelligence inputs confirm the operation was financed using layered cryptocurrency transactions and underground hawala channels.
C3868,2027-07-18,Tumakuru,Fraud,Tarun 'CA',C3838;C3858,Created 65 fraudulent bank accounts using forged biometric Aadhaar credentials. Accounts were utilized by cyber gangs to rapidly layer and withdraw cash. CCTV surveillance footage captured the suspect coordinating with co-accused operatives before fleeing along regional highway corridors.
C3869,2027-07-19,Udupi,Smuggling,Usman,C3809,Senior associate in the hawala syndicate managing real estate front companies along Surathkal Highway Checkpoint to absorb illicit cash inflows extorted from coastal traders. Forensic examination confirmed call detail records linking Usman directly to syndicate kingpin Abdul Khader.
C3870,2027-07-19,Bengaluru,Vehicle Theft,Somu 'Blade',C3810;C3830;C3831;C3840,Stole high-performance sports motorcycles and luxury SUVs from hotel parking garages across Jayalakshmipuram Ring Road. Stolen vehicles were modified for syndicate robbery escapes. Forensic examination confirmed call detail records linking Somu 'Blade' directly to syndicate kingpin Syed Ali.
C3871,2027-07-20,Mandya,Burglary,Balu 'Cheetah',C3831;C3851;C3861,Set fire to a commercial warehouse near Devaraja Urs Road after the business owner refused to pay extortion demands issued by the Raju Gowda leadership. Ballistic and biometric samples collected from the scene positively correlate with operatives active across Mandya district.
C3872,2027-07-21,Udupi,Cybercrime,Srinivas 'Tech',C3812;C3842,Installed deep-insert ATM skimming devices and pinhole cameras across bank kiosks in Hampankatta Commercial Hub. Captured magnetic stripe data of over 64 customer accounts. Forensic examination confirmed call detail records linking Srinivas 'Tech' directly to syndicate kingpin Zaid Khan.
C3873,2027-07-21,Bengaluru,Narcotics,Tenzin,C3823;C3843;C3862;C3863,Intercepted on Electronic City Phase 2 transporting 48 kg of high-grade synthetic MDMA crystals concealed inside custom-built double-bottom compartments of a luxury vehicle. Forensic examination confirmed call detail records linking Tenzin directly to syndicate kingpin Karan 'Bhai' Sharma.
C3874,2027-07-22,Ballari,Extortion,Muni 'Rowdy',C3834;C3854,Executed a targeted shooting of a rival transport contractor at a roadside dhaba near Sandur Iron Quarry Road to establish total monopoly over mining transport lines. Investigators recovered digital ledger entries and encrypted burner SIM cards matching cross-referenced case files.
C3875,2027-07-23,Hassan,Vehicle Theft,Nagaraj 'Forest',C3825;C3855,Stole heavy-duty off-road tractors and winches from agricultural estates to drag felled contraband trees through difficult jungle terrain near Mudigere Plantation Border. Intelligence inputs confirm the operation was financed using layered cryptocurrency transactions and underground hawala channels.
C3876,2027-07-23,Kalaburagi,Rioting,Sachin Shinde,C3846;C3866,Arrested carrying country-made carbines and shotguns procured across the state border for distribution to southern crime syndicates operating in Bangalore and Mysuru. Ballistic and biometric samples collected from the scene positively correlate with operatives active across Kalaburagi district.
C3877,2027-07-24,Gadag,Extortion,Ravi 'Rambo',C3838;C3867,Demanded Rs 100 Lakhs ransom from the bank branch manager threatening severe bodily harm unless CCTV DVR hard drives from the bank robbery were handed over. CCTV surveillance footage captured the suspect coordinating with co-accused operatives before fleeing along regional highway corridors.
C3878,2027-07-25,Mysuru,Cybercrime,Ramesh Kulkarni,C3858,Created 272 fraudulent bank accounts using forged biometric Aadhaar credentials. Accounts were utilized by cyber gangs to rapidly layer and withdraw cash. Investigators recovered digital ledger entries and encrypted burner SIM cards matching cross-referenced case files.
C3879,2027-07-25,Mysuru,Smuggling,John 'Captain',C3849;C3869,Contract enforcer carried out a severe blade assault against a customs intelligence officer near Surathkal Highway Checkpoint investigating illegal marine cargo shipments. Ballistic and biometric samples collected from the scene positively correlate with operatives active across Mysuru district.
C3880,2027-07-26,Bengaluru,Burglary,Somu 'Blade',C3820;C3830;C3870,Stole high-performance sports motorcycles and luxury SUVs from hotel parking garages across Gokulam Residential Area. Stolen vehicles were modified for syndicate robbery escapes. CCTV surveillance footage captured the suspect coordinating with co-accused operatives before fleeing along regional highway corridors.
C3881,2027-07-27,Mysuru,Counterfeiting,Raju Gowda,C3841;C3851;C3861,Armed gang breached a commercial jewelry showroom on Vijayanagar Industrial Area at 02:15 AM using high-pressure oxy-acetylene cutters. Escaped with 70 kg of gold ornaments in a stolen SUV bearing duplicate number plates. Investigators recovered digital ledger entries and encrypted burner SIM cards matching cross-referenced case files.
C3882,2027-07-27,Udupi,Fraud,Imran Pasha,C3842;C3872;C3873,Operated an extensive underground hawala transfer hub in Manipal University Road. Laundered Rs 39 Crores generated from ATM skimming operations and offshore crypto routing. Investigators recovered digital ledger entries and encrypted burner SIM cards matching cross-referenced case files.
C3883,2027-07-28,Tumakuru,Arms Trafficking,Ayesha 'Queen',C3823;C3853;C3863,Intercepted on Koramangala 4th Block transporting 29 kg of high-grade synthetic MDMA crystals concealed inside custom-built double-bottom compartments of a luxury vehicle. Forensic examination confirmed call detail records linking Ayesha 'Queen' directly to syndicate kingpin Karan 'Bhai' Sharma.
C3884,2027-07-28,Raichur,Murder,Muni 'Rowdy',C3834;C3864,Executed a targeted shooting of a rival transport contractor at a roadside dhaba near Ballari APMC Yard to establish total monopoly over mining transport lines. Investigators recovered digital ledger entries and encrypted burner SIM cards matching cross-referenced case files.
C3885,2027-07-29,Hassan,Narcotics,Harish 'Ganja',C3845,Cultivated 134 acres of illegal cannabis crops hidden deep inside dense forest plantations near Bhadra Wildlife Corridor. Distributed weed via timber transport trucks. Intelligence inputs confirm the operation was financed using layered cryptocurrency transactions and underground hawala channels.
C3886,2027-07-30,Bidar,Burglary,Ajay 'Border',C3836,Seized at Pune-Bangalore Highway NH-4 border checkpoint while transporting 210 factory-made semi-automatic pistols and ammunition concealed inside hidden vehicle compartments. CCTV surveillance footage captured the suspect coordinating with co-accused operatives before fleeing along regional highway corridors.
C3887,2027-07-30,Hubballi,Burglary,Ashok 'Auto' Mani,C3827;C3837,Nighttime break-in at a commercial cooperative bank branch in Hubballi APMC Market Yard. Alarm wiring disabled via insider blueprints; vault door breached via hydraulic spreaders. Forensic examination confirmed call detail records linking Ashok 'Auto' Mani directly to syndicate kingpin Santosh Patil.
C3888,2027-07-31,Tumakuru,Money Laundering,Ananya 'CA',C3858,Supervised call center telecallers in Whitefield Tech Park Road impersonating customs and police officials to extort money from victims under fake parcel seizure threats. Intelligence inputs confirm the operation was financed using layered cryptocurrency transactions and underground hawala channels.
C3889,2027-08-01,Mysuru,Assault,Kader 'Boat',C3829;C3839;C3879;C3880,Couried hawala cash bags containing Rs 84 Lakhs between Malpe Fishing Dock and Mumbai jewelry markets to settle trade imbalances generated by contraband exports. CCTV surveillance footage captured the suspect coordinating with co-accused operatives before fleeing along regional highway corridors.
C3890,2027-08-01,Bengaluru,Robbery,Somu 'Blade',C3850;C3880,Enforcer executed a daylight attack against rival vehicle thieves near Gokulam Residential Area to establish total monopoly over getaway vehicle supplies for commercial bank robbers. Intelligence inputs confirm the operation was financed using layered cryptocurrency transactions and underground hawala channels.
C3891,2027-08-02,Hassan,Burglary,Raju Gowda,C3841;C3881,Armed gang breached a commercial jewelry showroom on Saraswathipuram at 02:15 AM using high-pressure oxy-acetylene cutters. Escaped with 88 kg of gold ornaments in a stolen SUV bearing duplicate number plates. CCTV surveillance footage captured the suspect coordinating with co-accused operatives before fleeing along regional highway corridors.
C3892,2027-08-03,Udupi,Money Laundering,Rohan D'Souza,C3832;C3882,Operated an illicit SIM-box gateway in Bunder Port Road converting international VOIP calls into local cellular numbers to mask syndicate cyber extortion communications. Ballistic and biometric samples collected from the scene positively correlate with operatives active across Udupi district.
C3893,2027-08-03,Mysuru,Money Laundering,Siddharth Mehta,C3833;C3843,Chartered accountant arrested for registering shell companies across Electronic City Phase 2 to launder narcotics revenue and cryptocurrency payouts for the Karan Sharma network. CCTV surveillance footage captured the suspect coordinating with co-accused operatives before fleeing along regional highway corridors.
C3894,2027-08-04,Raichur,Murder,Veerabhadraappa,C3844;C3884,Carried out brutal rod and club attacks against unionized truck drivers along Sandur Iron Quarry Road who refused to pay daily illegal highway extortion tolls. Investigators recovered digital ledger entries and encrypted burner SIM cards matching cross-referenced case files.
C3895,2027-08-05,Chikkamagaluru,Vehicle Theft,Dharma,C3835;C3856;C3865,Apprehended inside Mudigere Plantation Border reserve with 54 kg of high-value red sanders logs and wildlife skins destined for coastal export hubs. CCTV surveillance footage captured the suspect coordinating with co-accused operatives before fleeing along regional highway corridors.
C3896,2027-08-05,Vijayapura,Arms Trafficking,Tariq Anwar,C3856,Intercepted a bullion transit vehicle on Nipani Border Checkpost using illegal firearms. Looted Rs 106 Lakhs worth of silver ingots and cash bags. Investigators recovered digital ledger entries and encrypted burner SIM cards matching cross-referenced case files.
C3897,2027-08-06,Gadag,Extortion,Manjunath 'Sunil' Desai,C3837;C3847,Incited violent mob disturbances in Hubballi APMC Market Yard commercial market area to divert police rapid action teams away from extortion cash drop-offs. CCTV surveillance footage captured the suspect coordinating with co-accused operatives before fleeing along regional highway corridors.
C3898,2027-08-07,Mysuru,Extortion,Nitin 'Hacker',C3858;C3878,Supervised call center telecallers in Marathahalli Bridge impersonating customs and police officials to extort money from victims under fake parcel seizure threats. Investigators recovered digital ledger entries and encrypted burner SIM cards matching cross-referenced case files.
C3899,2027-08-07,Mysuru,Money Laundering,Usman,C3849;C3859;C3870;C3879,Couried hawala cash bags containing Rs 27 Lakhs between Surathkal Highway Checkpoint and Mumbai jewelry markets to settle trade imbalances generated by contraband exports. Intelligence inputs confirm the operation was financed using layered cryptocurrency transactions and underground hawala channels.
C3900,2027-08-08,Bengaluru,Robbery,Karthik 'Katti',C3860;C3870;C3890,Enforcer executed a daylight attack against rival vehicle thieves near Saraswathipuram Main Road to establish total monopoly over getaway vehicle supplies for commercial bank robbers. Intelligence inputs confirm the operation was financed using layered cryptocurrency transactions and underground hawala channels.
C3901,2027-08-09,Mysuru,Arson,Raju Gowda,C3881,Co-conspirator in the Vijayanagar Industrial Area vault break-in. Apprehended at a hidden workshop while attempting to melt 31 kg of stolen gold bars into untraceable bullion ingots. Intelligence inputs confirm the operation was financed using layered cryptocurrency transactions and underground hawala channels.
C3902,2027-08-09,Hubballi,Counterfeiting,Zaid Khan,C3852;C3872,Operated an illicit SIM-box gateway in Malpe Harbor Kiosks converting international VOIP calls into local cellular numbers to mask syndicate cyber extortion communications. Forensic examination confirmed call detail records linking Zaid Khan directly to syndicate kingpin Zaid Khan.
C3903,2027-08-10,Mysuru,Narcotics,Naveen Raj,C3873;C3883,Intercepted on Electronic City Phase 2 transporting 109 kg of high-grade synthetic MDMA crystals concealed inside custom-built double-bottom compartments of a luxury vehicle. Intelligence inputs confirm the operation was financed using layered cryptocurrency transactions and underground hawala channels.
C3904,2027-08-10,Raichur,Extortion,Kondaiah,C3854;C3874;C3894,Carried out brutal rod and club attacks against unionized truck drivers along Sandur Iron Quarry Road who refused to pay daily illegal highway extortion tolls. Forensic examination confirmed call detail records linking Kondaiah directly to syndicate kingpin Reddy 'Dora'.
C3905,2027-08-11,Chikkamagaluru,Assault,Nagaraj 'Forest',C3855,Apprehended inside Bhadra Wildlife Corridor reserve with 46 kg of high-value red sanders logs and wildlife skins destined for coastal export hubs. Forensic examination confirmed call detail records linking Nagaraj 'Forest' directly to syndicate kingpin Nagaraj 'Forest'.
C3906,2027-08-12,Bidar,Arms Trafficking,Ganesh 'Gunner',C3846;C3896,Extorted protection payments from limestone quarry owners near Pune-Bangalore Highway NH-4 threatening armed sabotage using weapons acquired from Subhash Fauji. Intelligence inputs confirm the operation was financed using layered cryptocurrency transactions and underground hawala channels.
C3907,2027-08-12,Dharwad,Assault,Laxman 'Laxi',C3877;C3886,Demanded Rs 36 Lakhs ransom from the bank branch manager threatening severe bodily harm unless CCTV DVR hard drives from the bank robbery were handed over. Intelligence inputs confirm the operation was financed using layered cryptocurrency transactions and underground hawala channels.
C3908,2027-08-13,Bengaluru,Extortion,Ramesh Kulkarni,C3848;C3878;C3888,Created 397 fraudulent bank accounts using forged biometric Aadhaar credentials. Accounts were utilized by cyber gangs to rapidly layer and withdraw cash. Forensic examination confirmed call detail records linking Ramesh Kulkarni directly to syndicate kingpin Divya Prakash.
C3909,2027-08-14,Udupi,Robbery,John 'Captain',C3869,Couried hawala cash bags containing Rs 89 Lakhs between Old Port Bunder Harbor and Mumbai jewelry markets to settle trade imbalances generated by contraband exports. Forensic examination confirmed call detail records linking John 'Captain' directly to syndicate kingpin Abdul Khader.
C3910,2027-08-14,Hubballi,Assault,Syed Ali,C3860;C3880,Enforcer executed a daylight attack against rival vehicle thieves near Jayalakshmipuram Ring Road to establish total monopoly over getaway vehicle supplies for commercial bank robbers. Ballistic and biometric samples collected from the scene positively correlate with operatives active across Hubballi district.
C3911,2027-08-15,Hassan,Robbery,Gowrish,C3851;C3881;C3891;C3900,Raided a clandestine printing press inside an industrial shed producing high-quality fake currency notes of Rs 500 denomination used by syndicate operatives to settle debts. Investigators recovered digital ledger entries and encrypted burner SIM cards matching cross-referenced case files.
C3912,2027-08-16,Udupi,Counterfeiting,Imran Pasha,C3882;C3892;C3902,Operated an extensive underground hawala transfer hub in Manipal University Road. Laundered Rs 31 Crores generated from ATM skimming operations and offshore crypto routing. Ballistic and biometric samples collected from the scene positively correlate with operatives active across Udupi district.
C3913,2027-08-16,Tumakuru,Arms Trafficking,Tenzin,C3853;C3892;C3903,Intercepted on Electronic City Phase 2 transporting 78 kg of high-grade synthetic MDMA crystals concealed inside custom-built double-bottom compartments of a luxury vehicle. CCTV surveillance footage captured the suspect coordinating with co-accused operatives before fleeing along regional highway corridors.
C3914,2027-08-17,Koppal,Assault,Sekhar,C3864,Executed a targeted shooting of a rival transport contractor at a roadside dhaba near Ballari APMC Yard to establish total monopoly over mining transport lines. Intelligence inputs confirm the operation was financed using layered cryptocurrency transactions and underground hawala channels.
C3915,2027-08-18,Chikkamagaluru,Smuggling,Nagaraj 'Forest',C3855;C3875;C3885,Apprehended inside Agumbe Forest Reserve reserve with 56 kg of high-value red sanders logs and wildlife skins destined for coastal export hubs. CCTV surveillance footage captured the suspect coordinating with co-accused operatives before fleeing along regional highway corridors.
C3916,2027-08-18,Bidar,Robbery,Bhimrao,C3866;C3876;C3906,Arrested carrying country-made carbines and shotguns procured across the state border for distribution to southern crime syndicates operating in Bangalore and Mysuru. Investigators recovered digital ledger entries and encrypted burner SIM cards matching cross-referenced case files.
C3917,2027-08-19,Dharwad,Extortion,Santosh Patil,C3907,Nighttime break-in at a commercial cooperative bank branch in Hubballi APMC Market Yard. Alarm wiring disabled via insider blueprints; vault door breached via hydraulic spreaders. Forensic examination confirmed call detail records linking Santosh Patil directly to syndicate kingpin Santosh Patil.
C3918,2027-08-20,Mysuru,Extortion,Suhail,C3878;C3889,Dark web specialist who developed backend server infrastructure for fake lottery and KYC update scams. Hosted command servers on offshore bulletproof networks. Ballistic and biometric samples collected from the scene positively correlate with operatives active across Mysuru district.
C3919,2027-08-20,Mysuru,Money Laundering,Usman,C3889;C3909,Fishing trawler captain intercepted off Ullal Beach Road while transferring 115 kg of contraband red sanders logs and gold biscuits to international vessels. Ballistic and biometric samples collected from the scene positively correlate with operatives active across Mysuru district.
C3920,2027-08-21,Mysuru,Vehicle Theft,Muralidhar,C3860;C3880;C3900,Armed gang intercepted a wholesale diamond courier near Jayalakshmipuram Ring Road. Escaped on high-speed modified stolen motorcycles provided by Syed Ali after looting diamond rings. Ballistic and biometric samples collected from the scene positively correlate with operatives active across Mysuru district.
C3921,2027-08-22,Mysuru,Robbery,Anand Verma,C3871;C3881;C3901,Armed gang breached a commercial jewelry showroom on Devaraja Urs Road at 02:15 AM using high-pressure oxy-acetylene cutters. Escaped with 89 kg of gold ornaments in a stolen SUV bearing duplicate number plates. Ballistic and biometric samples collected from the scene positively correlate with operatives active across Mysuru district.
C3922,2027-08-22,Hubballi,Cybercrime,Zaid Khan,C3872;C3882,Installed deep-insert ATM skimming devices and pinhole cameras across bank kiosks in Bunder Port Road. Captured magnetic stripe data of over 320 customer accounts. Ballistic and biometric samples collected from the scene positively correlate with operatives active across Hubballi district.
C3923,2027-08-23,Tumakuru,Narcotics,Naveen Raj,C3863;C3883;C3903,Identified as a core distributor supplying synthetic ecstasy and cocaine packages to VIP nightlife patrons across Electronic City Phase 2. Investigators recovered digital ledger entries and encrypted burner SIM cards matching cross-referenced case files.
C3924,2027-08-23,Koppal,Extortion,Reddy 'Dora',C3874;C3904,Executed a targeted shooting of a rival transport contractor at a roadside dhaba near Ballari APMC Yard to establish total monopoly over mining transport lines. Investigators recovered digital ledger entries and encrypted burner SIM cards matching cross-referenced case files.
C3925,2027-08-24,Shivamogga,Smuggling,Nagaraj 'Forest',C3905,Stole heavy-duty off-road tractors and winches from agricultural estates to drag felled contraband trees through difficult jungle terrain near Bhadra Wildlife Corridor. Forensic examination confirmed call detail records linking Nagaraj 'Forest' directly to syndicate kingpin Nagaraj 'Forest'.
C3926,2027-08-25,Bidar,Rioting,Ganesh 'Gunner',C3876;C3896;C3906;C3915,Arrested carrying country-made carbines and shotguns procured across the state border for distribution to southern crime syndicates operating in Bangalore and Mysuru. Forensic examination confirmed call detail records linking Ganesh 'Gunner' directly to syndicate kingpin Tariq Anwar.
C3927,2027-08-25,Hubballi,Extortion,Santosh Patil,C3877,Nighttime break-in at a commercial cooperative bank branch in Vidyanagar Bank Circle. Alarm wiring disabled via insider blueprints; vault door breached via hydraulic spreaders. Forensic examination confirmed call detail records linking Santosh Patil directly to syndicate kingpin Santosh Patil.
C3928,2027-08-26,Bengaluru,Fraud,Divya Prakash,C3888;C3899,Created 243 fraudulent bank accounts using forged biometric Aadhaar credentials. Accounts were utilized by cyber gangs to rapidly layer and withdraw cash. CCTV surveillance footage captured the suspect coordinating with co-accused operatives before fleeing along regional highway corridors.
C3929,2027-08-27,Mysuru,Smuggling,Farooq 'Blade',C3879;C3909,Senior associate in the hawala syndicate managing real estate front companies along Ullal Beach Road to absorb illicit cash inflows extorted from coastal traders. Ballistic and biometric samples collected from the scene positively correlate with operatives active across Mysuru district.
C3930,2027-08-27,Bengaluru,Robbery,Imran 'Bike',C3870;C3890;C3920;C3921,Armed gang intercepted a wholesale diamond courier near Gokulam Residential Area. Escaped on high-speed modified stolen motorcycles provided by Syed Ali after looting diamond rings. Intelligence inputs confirm the operation was financed using layered cryptocurrency transactions and underground hawala channels.
C3931,2027-08-28,Mysuru,Counterfeiting,Raghavendra 'Raghu',C3891,Co-conspirator in the Devaraja Urs Road vault break-in. Apprehended at a hidden workshop while attempting to melt 45 kg of stolen gold bars into untraceable bullion ingots. CCTV surveillance footage captured the suspect coordinating with co-accused operatives before fleeing along regional highway corridors.
C3932,2027-08-29,Hubballi,Fraud,Imran Pasha,C3872;C3892,Operated an illicit SIM-box gateway in Manipal University Road converting international VOIP calls into local cellular numbers to mask syndicate cyber extortion communications. Forensic examination confirmed call detail records linking Imran Pasha directly to syndicate kingpin Zaid Khan.
C3933,2027-08-29,Mysuru,Money Laundering,Tenzin,C3903;C3923;C3932,Coordinated mass phishing SMS bursts targeting net banking users across Karnataka. Utilized compromised mule credentials to layer funds into dark web crypto wallets. Ballistic and biometric samples collected from the scene positively correlate with operatives active across Mysuru district.
C3934,2027-08-30,Ballari,Murder,Giddaiah,C3884;C3914,Intercepted near mining checkpost transporting 69 tonnes of illegally excavated iron ore and red sanders timber with fabricated transit documents. Forensic examination confirmed call detail records linking Giddaiah directly to syndicate kingpin Reddy 'Dora'.
C3935,2027-08-31,Shivamogga,Vehicle Theft,Narasimha,C3905;C3915,Cultivated 279 acres of illegal cannabis crops hidden deep inside dense forest plantations near Agumbe Forest Reserve. Distributed weed via timber transport trucks. Investigators recovered digital ledger entries and encrypted burner SIM cards matching cross-referenced case files.
C3936,2027-08-31,Kalaburagi,Arms Trafficking,Ajay 'Border',C3876;C3886,Arrested carrying country-made carbines and shotguns procured across the state border for distribution to southern crime syndicates operating in Bangalore and Mysuru. Forensic examination confirmed call detail records linking Ajay 'Border' directly to syndicate kingpin Tariq Anwar.
C3937,2027-09-01,Gadag,Rioting,Ravi 'Rambo',C3917;C3918;C3927,Incited violent mob disturbances in Hubballi APMC Market Yard commercial market area to divert police rapid action teams away from extortion cash drop-offs. Forensic examination confirmed call detail records linking Ravi 'Rambo' directly to syndicate kingpin Santosh Patil.
C3938,2027-09-02,Mysuru,Fraud,Ramesh Kulkarni,C3918;C3928,Engineered fraudulent investment trading APK applications. Tricked senior citizens across Whitefield Tech Park Road into depositing over Rs 50 Lakhs into compromised mule accounts. Intelligence inputs confirm the operation was financed using layered cryptocurrency transactions and underground hawala channels.
C3939,2027-09-02,Udupi,Smuggling,Rasheed 'Sultaan',C3899;C3909;C3918,Fishing trawler captain intercepted off Ullal Beach Road while transferring 29 kg of contraband red sanders logs and gold biscuits to international vessels. Forensic examination confirmed call detail records linking Rasheed 'Sultaan' directly to syndicate kingpin Abdul Khader.
C3940,2027-09-03,Mysuru,Assault,Muralidhar,C3880;C3890;C3930,Armed gang intercepted a wholesale diamond courier near Jayalakshmipuram Ring Road. Escaped on high-speed modified stolen motorcycles provided by Syed Ali after looting diamond rings. Ballistic and biometric samples collected from the scene positively correlate with operatives active across Mysuru district.
C3941,2027-09-04,Hassan,Burglary,Shiva 'Gas',C3881,Armed gang breached a commercial jewelry showroom on Devaraja Urs Road at 02:15 AM using high-pressure oxy-acetylene cutters. Escaped with 45 kg of gold ornaments in a stolen SUV bearing duplicate number plates. Ballistic and biometric samples collected from the scene positively correlate with operatives active across Hassan district.
C3942,2027-09-04,Hubballi,Counterfeiting,Srinivas 'Tech',C3882;C3912,Operated an extensive underground hawala transfer hub in Hampankatta Commercial Hub. Laundered Rs 56 Crores generated from ATM skimming operations and offshore crypto routing. Ballistic and biometric samples collected from the scene positively correlate with operatives active across Hubballi district.
C3943,2027-09-05,Mysuru,Money Laundering,Siddharth Mehta,C3903;C3904;C3923,Chartered accountant arrested for registering shell companies across Koramangala 4th Block to launder narcotics revenue and cryptocurrency payouts for the Karan Sharma network. Forensic examination confirmed call detail records linking Siddharth Mehta directly to syndicate kingpin Karan 'Bhai' Sharma.
C3944,2027-09-05,Raichur,Assault,Giddaiah,C3914,Extorted heavy illegal transport levies from fleet operators carrying excavated iron ore across the Toranagallu Highway mining belt under explicit threat of armed intervention. Forensic examination confirmed call detail records linking Giddaiah directly to syndicate kingpin Reddy 'Dora'.
C3945,2027-09-06,Shivamogga,Assault,Gajendra,C3885;C3915;C3925,Apprehended inside Mudigere Plantation Border reserve with 99 kg of high-value red sanders logs and wildlife skins destined for coastal export hubs. Intelligence inputs confirm the operation was financed using layered cryptocurrency transactions and underground hawala channels.
C3946,2027-09-07,Bidar,Burglary,Dattatreya,C3896;C3906;C3936,Arrested carrying country-made carbines and shotguns procured across the state border for distribution to southern crime syndicates operating in Bangalore and Mysuru. Forensic examination confirmed call detail records linking Dattatreya directly to syndicate kingpin Tariq Anwar.
C3947,2027-09-07,Gadag,Extortion,Ashok 'Auto' Mani,C3887;C3907,Nighttime break-in at a commercial cooperative bank branch in Gokul Road Industrial Area. Alarm wiring disabled via insider blueprints; vault door breached via hydraulic spreaders. Intelligence inputs confirm the operation was financed using layered cryptocurrency transactions and underground hawala channels.
C3948,2027-09-08,Bengaluru,Extortion,Deepa 'Mam',C3898;C3928;C3938,Supervised call center telecallers in Electronic City IT Corridor impersonating customs and police officials to extort money from victims under fake parcel seizure threats. Ballistic and biometric samples collected from the scene positively correlate with operatives active across Bengaluru district.
C3949,2027-09-09,Udupi,Assault,Abdul Khader,C3919;C3929,Couried hawala cash bags containing Rs 38 Lakhs between Ullal Beach Road and Mumbai jewelry markets to settle trade imbalances generated by contraband exports. Forensic examination confirmed call detail records linking Abdul Khader directly to syndicate kingpin Abdul Khader.
C3950,2027-09-09,Mysuru,Vehicle Theft,Somu 'Blade',C3890;C3920;C3940;C3949,Stole high-performance sports motorcycles and luxury SUVs from hotel parking garages across Peenya Industrial Sheds. Stolen vehicles were modified for syndicate robbery escapes. Intelligence inputs confirm the operation was financed using layered cryptocurrency transactions and underground hawala channels.
C3951,2027-09-10,Hassan,Arson,Shiva 'Gas',C3921,Co-conspirator in the Vijayanagar Industrial Area vault break-in. Apprehended at a hidden workshop while attempting to melt 30 kg of stolen gold bars into untraceable bullion ingots. Ballistic and biometric samples collected from the scene positively correlate with operatives active across Hassan district.
C3952,2027-09-11,Hubballi,Cybercrime,Imran Pasha,C3942,Operated an illicit SIM-box gateway in Malpe Harbor Kiosks converting international VOIP calls into local cellular numbers to mask syndicate cyber extortion communications. CCTV surveillance footage captured the suspect coordinating with co-accused operatives before fleeing along regional highway corridors.
C3953,2027-09-11,Mysuru,Money Laundering,Sunny 'DJ',C3943,Intercepted on Koramangala 4th Block transporting 15 kg of high-grade synthetic MDMA crystals concealed inside custom-built double-bottom compartments of a luxury vehicle. Intelligence inputs confirm the operation was financed using layered cryptocurrency transactions and underground hawala channels.
C3954,2027-09-12,Koppal,Smuggling,Obalesh,C3934,Intercepted near mining checkpost transporting 44 tonnes of illegally excavated iron ore and red sanders timber with fabricated transit documents. CCTV surveillance footage captured the suspect coordinating with co-accused operatives before fleeing along regional highway corridors.
C3955,2027-09-13,Chikkamagaluru,Smuggling,Gajendra,C3915;C3925;C3935,Cultivated 61 acres of illegal cannabis crops hidden deep inside dense forest plantations near Agumbe Forest Reserve. Distributed weed via timber transport trucks. Investigators recovered digital ledger entries and encrypted burner SIM cards matching cross-referenced case files.
C3956,2027-09-13,Bidar,Burglary,Bhimrao,C3896;C3916,Seized at Shahapur Quarry Belt border checkpoint while transporting 289 factory-made semi-automatic pistols and ammunition concealed inside hidden vehicle compartments. CCTV surveillance footage captured the suspect coordinating with co-accused operatives before fleeing along regional highway corridors.
C3957,2027-09-14,Hubballi,Extortion,Vinay 'Vinu',C3897;C3907;C3917;C3936,Nighttime break-in at a commercial cooperative bank branch in Vidyanagar Bank Circle. Alarm wiring disabled via insider blueprints; vault door breached via hydraulic spreaders. Investigators recovered digital ledger entries and encrypted burner SIM cards matching cross-referenced case files.
C3958,2027-09-15,Bengaluru,Extortion,Nitin 'Hacker',C3908;C3918,Supervised call center telecallers in Jayanagar 9th Block impersonating customs and police officials to extort money from victims under fake parcel seizure threats. CCTV surveillance footage captured the suspect coordinating with co-accused operatives before fleeing along regional highway corridors.
C3959,2027-09-15,Udupi,Smuggling,Ibrahim 'Press',C3929,Couried hawala cash bags containing Rs 26 Lakhs between Malpe Fishing Dock and Mumbai jewelry markets to settle trade imbalances generated by contraband exports. Ballistic and biometric samples collected from the scene positively correlate with operatives active across Udupi district.
C3960,2027-09-16,Hubballi,Vehicle Theft,Somu 'Blade',C3950,Stole high-performance sports motorcycles and luxury SUVs from hotel parking garages across Jayalakshmipuram Ring Road. Stolen vehicles were modified for syndicate robbery escapes. Ballistic and biometric samples collected from the scene positively correlate with operatives active across Hubballi district.
C3961,2027-09-17,Mandya,Arson,Santhosh 'Oxy',C3901;C3921;C3951,Raided a clandestine printing press inside an industrial shed producing high-quality fake currency notes of Rs 500 denomination used by syndicate operatives to settle debts. Forensic examination confirmed call detail records linking Santhosh 'Oxy' directly to syndicate kingpin Raju Gowda.
C3962,2027-09-17,Hubballi,Cybercrime,Sanath,C3912;C3952,Operated an extensive underground hawala transfer hub in Malpe Harbor Kiosks. Laundered Rs 119 Crores generated from ATM skimming operations and offshore crypto routing. CCTV surveillance footage captured the suspect coordinating with co-accused operatives before fleeing along regional highway corridors.
C3963,2027-09-18,Mysuru,Cybercrime,Naveen Raj,C3903;C3913;C3953,Identified as a core distributor supplying synthetic ecstasy and cocaine packages to VIP nightlife patrons across Koramangala 4th Block. Forensic examination confirmed call detail records linking Naveen Raj directly to syndicate kingpin Karan 'Bhai' Sharma.
C3964,2027-09-18,Koppal,Murder,Sekhar,C3914;C3924;C3934,Carried out brutal rod and club attacks against unionized truck drivers along Sandur Iron Quarry Road who refused to pay daily illegal highway extortion tolls. CCTV surveillance footage captured the suspect coordinating with co-accused operatives before fleeing along regional highway corridors.
C3965,2027-09-19,Hassan,Vehicle Theft,Gajendra,C3905;C3925,Cultivated 206 acres of illegal cannabis crops hidden deep inside dense forest plantations near Mudigere Plantation Border. Distributed weed via timber transport trucks. Investigators recovered digital ledger entries and encrypted burner SIM cards matching cross-referenced case files.
C3966,2027-09-20,Bidar,Arms Trafficking,Sachin Shinde,C3906;C3926;C3936,Extorted protection payments from limestone quarry owners near Bidar Railway Godowns threatening armed sabotage using weapons acquired from Subhash Fauji. Investigators recovered digital ledger entries and encrypted burner SIM cards matching cross-referenced case files.
C3967,2027-09-20,Hubballi,Rioting,Prakash Jhadav,C3907;C3947,Incited violent mob disturbances in Gokul Road Industrial Area commercial market area to divert police rapid action teams away from extortion cash drop-offs. CCTV surveillance footage captured the suspect coordinating with co-accused operatives before fleeing along regional highway corridors.
C3968,2027-09-21,Mysuru,Extortion,Nitin 'Hacker',C3918;C3938,Engineered fraudulent investment trading APK applications. Tricked senior citizens across Marathahalli Bridge into depositing over Rs 72 Lakhs into compromised mule accounts. Investigators recovered digital ledger entries and encrypted burner SIM cards matching cross-referenced case files.
C3969,2027-09-22,Mysuru,Money Laundering,Ibrahim 'Press',C3909;C3929;C3938;C3949,Couried hawala cash bags containing Rs 114 Lakhs between Old Port Bunder Harbor and Mumbai jewelry markets to settle trade imbalances generated by contraband exports. Ballistic and biometric samples collected from the scene positively correlate with operatives active across Mysuru district.
C3970,2027-09-22,Bengaluru,Vehicle Theft,Prashanth 'Pachhi',C3930,Operated a clandestine chop-shop in Saraswathipuram Main Road dismantling stolen cargo vans and altering engine serial numbers to prevent detection during police inspections. Ballistic and biometric samples collected from the scene positively correlate with operatives active across Bengaluru district.
C3971,2027-09-23,Mysuru,Counterfeiting,Raghavendra 'Raghu',C3911;C3921;C3940;C3961,Set fire to a commercial warehouse near Mandya Highway Godowns after the business owner refused to pay extortion demands issued by the Raju Gowda leadership. Ballistic and biometric samples collected from the scene positively correlate with operatives active across Mysuru district.
C3972,2027-09-24,Udupi,Cybercrime,Rajat,C3912;C3922;C3932,Operated an illicit SIM-box gateway in Malpe Harbor Kiosks converting international VOIP calls into local cellular numbers to mask syndicate cyber extortion communications. Ballistic and biometric samples collected from the scene positively correlate with operatives active across Udupi district.
C3973,2027-09-24,Bengaluru,Narcotics,Karan 'Bhai' Sharma,C3913;C3942;C3943;C3963,Identified as a core distributor supplying synthetic ecstasy and cocaine packages to VIP nightlife patrons across Koramangala 4th Block. Ballistic and biometric samples collected from the scene positively correlate with operatives active across Bengaluru district.
C3974,2027-09-25,Koppal,Extortion,Obalesh,C3914,Executed a targeted shooting of a rival transport contractor at a roadside dhaba near Ballari APMC Yard to establish total monopoly over mining transport lines. Forensic examination confirmed call detail records linking Obalesh directly to syndicate kingpin Reddy 'Dora'.
C3975,2027-09-26,Shivamogga,Vehicle Theft,Lokesh,C3955;C3965,Stole heavy-duty off-road tractors and winches from agricultural estates to drag felled contraband trees through difficult jungle terrain near Bhadra Wildlife Corridor. CCTV surveillance footage captured the suspect coordinating with co-accused operatives before fleeing along regional highway corridors.
C3976,2027-09-26,Vijayapura,Arms Trafficking,Bhimrao,C3946,Extorted protection payments from limestone quarry owners near Shahapur Quarry Belt threatening armed sabotage using weapons acquired from Subhash Fauji. Forensic examination confirmed call detail records linking Bhimrao directly to syndicate kingpin Tariq Anwar.
C3977,2027-09-27,Gadag,Rioting,Raghu 'Lock',C3917;C3927;C3967,Specialist locksmith who fabricated duplicate master keys and vault bypass tools utilized by Santosh Patil during commercial bank break-ins across Hubballi APMC Market Yard. CCTV surveillance footage captured the suspect coordinating with co-accused operatives before fleeing along regional highway corridors.
C3978,2027-09-28,Tumakuru,Extortion,Suhail,C3918;C3928;C3948,Created 58 fraudulent bank accounts using forged biometric Aadhaar credentials. Accounts were utilized by cyber gangs to rapidly layer and withdraw cash. Ballistic and biometric samples collected from the scene positively correlate with operatives active across Tumakuru district.
C3979,2027-09-28,Mysuru,Robbery,Rasheed 'Sultaan',C3929;C3949;C3959,Senior associate in the hawala syndicate managing real estate front companies along Ullal Beach Road to absorb illicit cash inflows extorted from coastal traders. CCTV surveillance footage captured the suspect coordinating with co-accused operatives before fleeing along regional highway corridors.
C3980,2027-09-29,Hubballi,Vehicle Theft,Salman,C3920;C3930;C3950,Operated a clandestine chop-shop in Gokulam Residential Area dismantling stolen cargo vans and altering engine serial numbers to prevent detection during police inspections. CCTV surveillance footage captured the suspect coordinating with co-accused operatives before fleeing along regional highway corridors.
C3981,2027-09-30,Mysuru,Burglary,Balu 'Cheetah',C3971,Set fire to a commercial warehouse near Saraswathipuram after the business owner refused to pay extortion demands issued by the Raju Gowda leadership. CCTV surveillance footage captured the suspect coordinating with co-accused operatives before fleeing along regional highway corridors.
C3982,2027-09-30,Udupi,Cybercrime,Devdas Kamath,C3942;C3972,Technical engineer seized with 188 blank NFC-enabled debit cards. Confessed to cloning card dumps harvested via illegal skimming hardware across coastal districts. Intelligence inputs confirm the operation was financed using layered cryptocurrency transactions and underground hawala channels.
C3983,2027-10-01,Tumakuru,Cybercrime,Sunny 'DJ',C3963;C3973,Identified as a core distributor supplying synthetic ecstasy and cocaine packages to VIP nightlife patrons across Koramangala 4th Block. Investigators recovered digital ledger entries and encrypted burner SIM cards matching cross-referenced case files.
C3984,2027-10-01,Ballari,Smuggling,Reddy 'Dora',C3934;C3974,Extorted heavy illegal transport levies from fleet operators carrying excavated iron ore across the Sandur Iron Quarry Road mining belt under explicit threat of armed intervention. Investigators recovered digital ledger entries and encrypted burner SIM cards matching cross-referenced case files.
C3985,2027-10-02,Hassan,Smuggling,Manja 'Blade',C3925,"Attacked forest guards during a midnight anti-poaching patrol near Bhadra Wildlife Corridor using machetes and iron pipes, allowing the timber smuggling convoy to escape. Intelligence inputs confirm the operation was financed using layered cryptocurrency transactions and underground hawala channels."
C3986,2027-10-03,Kalaburagi,Burglary,Subhash 'Fauji',C3946;C3956,Arrested carrying country-made carbines and shotguns procured across the state border for distribution to southern crime syndicates operating in Bangalore and Mysuru. CCTV surveillance footage captured the suspect coordinating with co-accused operatives before fleeing along regional highway corridors.
C3987,2027-10-03,Dharwad,Extortion,Santosh Patil,C3927,Incited violent mob disturbances in Hubballi APMC Market Yard commercial market area to divert police rapid action teams away from extortion cash drop-offs. Forensic examination confirmed call detail records linking Santosh Patil directly to syndicate kingpin Santosh Patil.
C3988,2027-10-04,Bengaluru,Extortion,Suhail,C3948;C3958;C3968,Engineered fraudulent investment trading APK applications. Tricked senior citizens across Electronic City IT Corridor into depositing over Rs 42 Lakhs into compromised mule accounts. Intelligence inputs confirm the operation was financed using layered cryptocurrency transactions and underground hawala channels.
C3989,2027-10-05,Mangaluru,Money Laundering,Ibrahim 'Press',C3949;C3968,Couried hawala cash bags containing Rs 100 Lakhs between Surathkal Highway Checkpoint and Mumbai jewelry markets to settle trade imbalances generated by contraband exports. Ballistic and biometric samples collected from the scene positively correlate with operatives active across Mangaluru district.
C3990,2027-10-05,Bengaluru,Vehicle Theft,Salman,C3960;C3980,Armed gang intercepted a wholesale diamond courier near Gokulam Residential Area. Escaped on high-speed modified stolen motorcycles provided by Syed Ali after looting diamond rings. Investigators recovered digital ledger entries and encrypted burner SIM cards matching cross-referenced case files.
C3991,2027-10-06,Hassan,Counterfeiting,Suresha,C3961;C3971,Raided a clandestine printing press inside an industrial shed producing high-quality fake currency notes of Rs 500 denomination used by syndicate operatives to settle debts. Ballistic and biometric samples collected from the scene positively correlate with operatives active across Hassan district.
C3992,2027-10-07,Mangaluru,Cybercrime,Rajat,C3952;C3982,Operated an extensive underground hawala transfer hub in Bunder Port Road. Laundered Rs 63 Crores generated from ATM skimming operations and offshore crypto routing. Investigators recovered digital ledger entries and encrypted burner SIM cards matching cross-referenced case files.
C3993,2027-10-07,Tumakuru,Narcotics,Siddharth Mehta,C3933;C3943;C3953,Chartered accountant arrested for registering shell companies across Indiranagar 100ft Road to launder narcotics revenue and cryptocurrency payouts for the Karan Sharma network. Intelligence inputs confirm the operation was financed using layered cryptocurrency transactions and underground hawala channels.
C3994,2027-10-08,Koppal,Extortion,Obalesh,C3934;C3954,Extorted heavy illegal transport levies from fleet operators carrying excavated iron ore across the Hospet Mining Belt mining belt under explicit threat of armed intervention. Intelligence inputs confirm the operation was financed using layered cryptocurrency transactions and underground hawala channels.
C3995,2027-10-09,Hassan,Vehicle Theft,Lokesh,C3935;C3974;C3975;C3985,"Attacked forest guards during a midnight anti-poaching patrol near Agumbe Forest Reserve using machetes and iron pipes, allowing the timber smuggling convoy to escape. Forensic examination confirmed call detail records linking Lokesh directly to syndicate kingpin Nagaraj 'Forest'."
C3996,2027-10-09,Belagavi,Rioting,Suresh Kumar,C3936;C3976,Intercepted a bullion transit vehicle on Nipani Border Checkpost using illegal firearms. Looted Rs 57 Lakhs worth of silver ingots and cash bags. Ballistic and biometric samples collected from the scene positively correlate with operatives active across Belagavi district.
C3997,2027-10-10,Gadag,Extortion,Laxman 'Laxi',C3937;C3957;C3977,Specialist locksmith who fabricated duplicate master keys and vault bypass tools utilized by Santosh Patil during commercial bank break-ins across Dharwad Court Road. Forensic examination confirmed call detail records linking Laxman 'Laxi' directly to syndicate kingpin Santosh Patil.
C3998,2027-10-11,Bengaluru,Cybercrime,Ananya 'CA',C3988,Dark web specialist who developed backend server infrastructure for fake lottery and KYC update scams. Hosted command servers on offshore bulletproof networks. Intelligence inputs confirm the operation was financed using layered cryptocurrency transactions and underground hawala channels.
C3999,2027-10-11,Mangaluru,Robbery,Yusuf 'Seth',C3959,Senior associate in the hawala syndicate managing real estate front companies along Old Port Bunder Harbor to absorb illicit cash inflows extorted from coastal traders. Intelligence inputs confirm the operation was financed using layered cryptocurrency transactions and underground hawala channels.
C4000,2027-10-12,Hubballi,Vehicle Theft,Salman,C3940,Operated a clandestine chop-shop in Gokulam Residential Area dismantling stolen cargo vans and altering engine serial numbers to prevent detection during police inspections. Intelligence inputs confirm the operation was financed using layered cryptocurrency transactions and underground hawala channels.
