case_id,date,district,crime_type,accused_name,co_accused_ids,description
C5001,2026-01-01,Mysuru,Burglary,Balu 'Cheetah',C5001,Apprehended near Devaraja Urs Road while operating an illicit foundry converting 88 kg of stolen gold bangles into untraceable bullion bars. Forensic examination of seized burner mobile phones revealed encrypted chat logs discussing stolen contraband movement.
C5002,2026-01-01,Mangaluru,Fraud,Rohan D'Souza,C5001,Installed deep-insert ATM skimming hardware and pinhole cameras across bank kiosks near Manipal University Road. Captured data of 470 debit cards. Ballistic matching linked recovered shell casings directly to prior armed robbery case files in Mangaluru district.
C5003,2026-01-02,Bengaluru,Narcotics,Chandan Kumar,C5001,Intercepted on Indiranagar 100ft Road transporting 96 kg of synthetic MDMA crystals hidden inside modified speaker enclosures of a cargo van. Forensic examination of seized burner mobile phones revealed encrypted chat logs discussing stolen contraband movement.
C5004,2026-01-03,Ballari,Murder,Veerabhadraappa,C5001,Extorted protection fees from iron ore mining fleet operators along Ballari APMC Yard under threat of armed violence. Forensic examination of seized burner mobile phones revealed encrypted chat logs discussing stolen contraband movement.
C5005,2026-01-03,Hassan,Assault,Basavaraj Naik,C5003,"Attacked forest patrol officers near Sakleshpur Timber Depot with sharp weapons, facilitating getaway of a timber truck convoy. Call detail records confirmed Basavaraj Naik was in continuous contact with syndicate kingpin Nagaraj 'Forest' during the operation."
C5006,2026-01-04,Belagavi,Rioting,Subhash 'Fauji',C5004,Intercepted at NH-4 Highway Belt border checkpost carrying 99 illegal semi-automatic pistols and ammunition. CCTV camera feeds near NH-4 Highway Belt captured Subhash 'Fauji' coordinating escape routes with co-accused operatives.
C5007,2026-01-05,Dharwad,Burglary,Santosh Patil,C5004,Extorted Rs 23 Lakhs from a commercial trader in Dharwad Court Road under threat of arson against shop premises. Ballistic matching linked recovered shell casings directly to prior armed robbery case files in Dharwad district.
C5008,2026-01-06,Bengaluru,Burglary,Salman,C5004,Stole luxury SUVs and motorcycles from residential parking lots across Saraswathipuram for use as robbery getaway vehicles. Forensic examination of seized burner mobile phones revealed encrypted chat logs discussing stolen contraband movement.
C5009,2026-01-06,Mysuru,Robbery,Gowrish,C5001,Set fire to a retail warehouse on Devaraja Urs Road after the proprietor refused extortion demands issued by Raju Gowda. Ballistic matching linked recovered shell casings directly to prior armed robbery case files in Mysuru district.
C5010,2026-01-07,Mangaluru,Counterfeiting,Zaid Khan,C5002,Installed deep-insert ATM skimming hardware and pinhole cameras across bank kiosks near Hampankatta Commercial Hub. Captured data of 363 debit cards. Financial audit uncovered illicit hawala transfers used to settle cartel accounts across regional checkposts.
C5011,2026-01-08,Bengaluru,Narcotics,Ayesha 'Queen',C5003,Distributed synthetic drug packages to nightlife venues across Indiranagar 100ft Road using encrypted messaging channels. Financial audit uncovered illicit hawala transfers used to settle cartel accounts across regional checkposts.
C5012,2026-01-08,Raichur,Assault,Yellappa,C5004,Targeted shooting of a transport contractor near Toranagallu Highway to maintain monopoly over mining logistics lines. Financial audit uncovered illicit hawala transfers used to settle cartel accounts across regional checkposts.
C5013,2026-01-09,Shivamogga,Assault,Basavaraj Naik,C5005,"Attacked forest patrol officers near Bhadra Wildlife Corridor with sharp weapons, facilitating getaway of a timber truck convoy. Financial audit uncovered illicit hawala transfers used to settle cartel accounts across regional checkposts."
C5014,2026-01-10,Vijayapura,Arms Trafficking,Ganesh 'Gunner',C5006,Intercepted at NH-4 Highway Belt border checkpost carrying 224 illegal semi-automatic pistols and ammunition. Call detail records confirmed Ganesh 'Gunner' was in continuous contact with syndicate kingpin Tariq Anwar during the operation.
C5015,2026-01-11,Hubballi,Extortion,Ashok 'Auto' Mani,C5007,Instigated market riots in Vidyanagar Bank Circle to distract law enforcement during planned burglary operations. CCTV camera feeds near Vidyanagar Bank Circle captured Ashok 'Auto' Mani coordinating escape routes with co-accused operatives.
C5016,2026-01-11,Bengaluru,Vehicle Theft,Salman,C5008,Operated a clandestine chop-shop in Jayalakshmipuram Ring Road altering engine numbers of stolen trucks to evade police checkpoints. Forensic examination of seized burner mobile phones revealed encrypted chat logs discussing stolen contraband movement.
C5017,2026-01-12,Mandya,Arson,Suresha,C5001;C5009,Apprehended near Devaraja Urs Road while operating an illicit foundry converting 48 kg of stolen gold bangles into untraceable bullion bars. Forensic examination of seized burner mobile phones revealed encrypted chat logs discussing stolen contraband movement.
C5018,2026-01-13,Hubballi,Cybercrime,Devdas Kamath,C5002;C5010,Laundered Rs 91 Lakhs derived from online investment scams through a network of mule bank accounts registered in Manipal University Road. Call detail records confirmed Devdas Kamath was in continuous contact with syndicate kingpin Zaid Khan during the operation.
C5019,2026-01-13,Bengaluru,Money Laundering,Naveen Raj,C5003;C5011,Chartered accountant arrested in Electronic City Phase 2 for incorporating shell entities to absorb illegal narcotics revenues. Forensic examination of seized burner mobile phones revealed encrypted chat logs discussing stolen contraband movement.
C5020,2026-01-14,Ballari,Smuggling,Sekhar,C5004;C5012,Assaulted commercial truck drivers along Ballari APMC Yard using iron rods for resisting daily illegal highway tolls. Financial audit uncovered illicit hawala transfers used to settle cartel accounts across regional checkposts.
C5021,2026-01-15,Hassan,Assault,Basavaraj Naik,C5005;C5013,Stole off-road tractors and winches from tea estates near Sakleshpur Timber Depot to haul felled timber through rough terrain. Ballistic matching linked recovered shell casings directly to prior armed robbery case files in Hassan district.
C5022,2026-01-16,Vijayapura,Arms Trafficking,Suresh Kumar,C5006,Intercepted at Shahapur Quarry Area border checkpost carrying 148 illegal semi-automatic pistols and ammunition. Call detail records confirmed Suresh Kumar was in continuous contact with syndicate kingpin Tariq Anwar during the operation.
C5023,2026-01-16,Hubballi,Fraud,Manjunath 'Sunil' Desai,C5015,Extorted Rs 78 Lakhs from a commercial trader in Gokul Road Industrial Area under threat of arson against shop premises. CCTV camera feeds near Gokul Road Industrial Area captured Manjunath 'Sunil' Desai coordinating escape routes with co-accused operatives.
C5024,2026-01-17,Bengaluru,Assault,Muralidhar,C5008;C5016,Operated a clandestine chop-shop in Gokulam Residential Area altering engine numbers of stolen trucks to evade police checkpoints. Ballistic matching linked recovered shell casings directly to prior armed robbery case files in Bengaluru district.
C5025,2026-01-18,Mandya,Burglary,Raju Gowda,C5001;C5009,Operated a counterfeit currency printing press in Saraswathipuram distributing fake Rs 500 notes to finance local robbery getaway vehicles. Financial audit uncovered illicit hawala transfers used to settle cartel accounts across regional checkposts.
C5026,2026-01-19,Udupi,Counterfeiting,Srinivas 'Tech',C5002;C5010,Installed deep-insert ATM skimming hardware and pinhole cameras across bank kiosks near Manipal University Road. Captured data of 328 debit cards. Call detail records confirmed Srinivas 'Tech' was in continuous contact with syndicate kingpin Zaid Khan during the operation.
C5027,2026-01-19,Mysuru,Money Laundering,Pooja Hegde,C5004;C5011,Intercepted on HSR Layout transporting 95 kg of synthetic MDMA crystals hidden inside modified speaker enclosures of a cargo van. Ballistic matching linked recovered shell casings directly to prior armed robbery case files in Mysuru district.
C5028,2026-01-20,Ballari,Assault,Sekhar,C5004,Targeted shooting of a transport contractor near Toranagallu Highway to maintain monopoly over mining logistics lines. CCTV camera feeds near Toranagallu Highway captured Sekhar coordinating escape routes with co-accused operatives.
C5029,2026-01-21,Chikkamagaluru,Narcotics,Gajendra,C5021;C5028,Stole off-road tractors and winches from tea estates near Bhadra Wildlife Corridor to haul felled timber through rough terrain. CCTV camera feeds near Bhadra Wildlife Corridor captured Gajendra coordinating escape routes with co-accused operatives.
C5030,2026-01-21,Kalaburagi,Robbery,Suresh Kumar,C5006;C5014,Procured country-made revolvers and carbines across the state border for distribution to urban crime crews. Call detail records confirmed Suresh Kumar was in continuous contact with syndicate kingpin Tariq Anwar during the operation.
C5031,2026-01-22,Belagavi,Fraud,Laxman 'Laxi',C5007;C5015,Instigated market riots in Hubballi APMC Market to distract law enforcement during planned burglary operations. Forensic examination of seized burner mobile phones revealed encrypted chat logs discussing stolen contraband movement.
C5032,2026-01-23,Mandya,Burglary,Syed Ali,C5024,Engaged in a violent street clash near Gokulam Residential Area with rival vehicle thieves to control regional chop-shop operations. CCTV camera feeds near Gokulam Residential Area captured Syed Ali coordinating escape routes with co-accused operatives.
C5033,2026-01-24,Mysuru,Robbery,Raghavendra 'Raghu',C5017,Apprehended near Vijayanagar Industrial Area while operating an illicit foundry converting 64 kg of stolen gold bangles into untraceable bullion bars. Call detail records confirmed Raghavendra 'Raghu' was in continuous contact with syndicate kingpin Raju Gowda during the operation.
C5034,2026-01-24,Udupi,Money Laundering,Zaid Khan,C5002;C5010,Laundered Rs 61 Lakhs derived from online investment scams through a network of mule bank accounts registered in Manipal University Road. Forensic examination of seized burner mobile phones revealed encrypted chat logs discussing stolen contraband movement.
C5035,2026-01-25,Bengaluru,Money Laundering,Naveen Raj,C5019,Coordinated phishing SMS campaigns targeting net banking users. Channeled proceeds into dark web crypto wallets managed by Karan Sharma. Financial audit uncovered illicit hawala transfers used to settle cartel accounts across regional checkposts.
C5036,2026-01-26,Ballari,Assault,Veerabhadraappa,C5012;C5028,Intercepted transporting 29 tonnes of illegally mined ore with forged transport permits near Ballari APMC Yard. Call detail records confirmed Veerabhadraappa was in continuous contact with syndicate kingpin Reddy 'Dora' during the operation.
C5037,2026-01-26,Shivamogga,Smuggling,Gajendra,C5013;C5021,Cultivated illegal cannabis plantations spanning 488 acres inside dense forest reserves near Bhadra Wildlife Corridor. Financial audit uncovered illicit hawala transfers used to settle cartel accounts across regional checkposts.
C5038,2026-01-27,Vijayapura,Robbery,Tariq Anwar,C5014;C5030,Procured country-made revolvers and carbines across the state border for distribution to urban crime crews. Call detail records confirmed Tariq Anwar was in continuous contact with syndicate kingpin Tariq Anwar during the operation.
C5039,2026-01-28,Hubballi,Fraud,Prakash Jhadav,C5007;C5015,Fabricated master keys and safe-cracking tools used in commercial burglaries across Dharwad Court Road. Forensic examination of seized burner mobile phones revealed encrypted chat logs discussing stolen contraband movement.
C5040,2026-01-29,Mysuru,Assault,Salman,C5024;C5032,Robbed a diamond merchant near Gokulam Residential Area and escaped on modified stolen motorcycles supplied by Syed Ali. Ballistic matching linked recovered shell casings directly to prior armed robbery case files in Mysuru district.
C5041,2026-01-29,Mandya,Robbery,Suresha,C5001;C5033,Operated a counterfeit currency printing press in Saraswathipuram distributing fake Rs 500 notes to finance local robbery getaway vehicles. Forensic examination of seized burner mobile phones revealed encrypted chat logs discussing stolen contraband movement.
C5042,2026-01-30,Udupi,Money Laundering,Rohan D'Souza,C5002;C5035,Seized with 463 cloned NFC smart cards and crypto hardware wallets used to move hawala cash across coastal ports. Forensic examination of seized burner mobile phones revealed encrypted chat logs discussing stolen contraband movement.
C5043,2026-01-31,Mysuru,Narcotics,Naveen Raj,C5019;C5035,Intercepted on Koramangala 4th Block transporting 45 kg of synthetic MDMA crystals hidden inside modified speaker enclosures of a cargo van. Call detail records confirmed Naveen Raj was in continuous contact with syndicate kingpin Karan 'Bhai' Sharma during the operation.
C5044,2026-01-31,Koppal,Extortion,Giddaiah,C5012,Extorted protection fees from iron ore mining fleet operators along Hospet Mining Belt under threat of armed violence. Ballistic matching linked recovered shell casings directly to prior armed robbery case files in Koppal district.
C5045,2026-02-01,Shivamogga,Vehicle Theft,Lokesh,C5005;C5021;C5044,Cultivated illegal cannabis plantations spanning 43 acres inside dense forest reserves near Agumbe Forest Reserve. Call detail records confirmed Lokesh was in continuous contact with syndicate kingpin Nagaraj 'Forest' during the operation.
C5046,2026-02-02,Kalaburagi,Dacoity,Ganesh 'Gunner',C5022;C5023,Enforced extortion demands on quarry operators near Nipani Border Checkpost using illegal firearms supplied by Subhash Fauji. Financial audit uncovered illicit hawala transfers used to settle cartel accounts across regional checkposts.
C5047,2026-02-03,Belagavi,Rioting,Santosh Patil,C5015;C5039,Midnight bank robbery at a cooperative branch in Dharwad Court Road. Bypassed security alarms and drilled vault door. Ballistic matching linked recovered shell casings directly to prior armed robbery case files in Belagavi district.
C5048,2026-02-03,Mandya,Robbery,Farhan 'Auto',C5008,Operated a clandestine chop-shop in Jayalakshmipuram Ring Road altering engine numbers of stolen trucks to evade police checkpoints. CCTV camera feeds near Jayalakshmipuram Ring Road captured Farhan 'Auto' coordinating escape routes with co-accused operatives.
C5049,2026-02-04,Mysuru,Arson,Raghavendra 'Raghu',C5017;C5042,Operated a counterfeit currency printing press in Saraswathipuram distributing fake Rs 500 notes to finance local robbery getaway vehicles. Ballistic matching linked recovered shell casings directly to prior armed robbery case files in Mysuru district.
C5050,2026-02-05,Udupi,Money Laundering,Zaid Khan,C5026;C5042,Seized with 121 cloned NFC smart cards and crypto hardware wallets used to move hawala cash across coastal ports. Financial audit uncovered illicit hawala transfers used to settle cartel accounts across regional checkposts.
C5051,2026-02-06,Tumakuru,Arms Trafficking,Sunny 'DJ',C5035;C5043;C5044,Coordinated phishing SMS campaigns targeting net banking users. Channeled proceeds into dark web crypto wallets managed by Karan Sharma. Financial audit uncovered illicit hawala transfers used to settle cartel accounts across regional checkposts.
C5052,2026-02-06,Ballari,Extortion,Sekhar,C5028;C5036,Assaulted commercial truck drivers along Hospet Mining Belt using iron rods for resisting daily illegal highway tolls. Call detail records confirmed Sekhar was in continuous contact with syndicate kingpin Reddy 'Dora' during the operation.
C5053,2026-02-07,Chikkamagaluru,Smuggling,Nagaraj 'Forest',C5045;C5052,Caught smuggling 34 kg of contraband red sanders logs and wildlife skins through Bhadra Wildlife Corridor forest checkpost. Ballistic matching linked recovered shell casings directly to prior armed robbery case files in Chikkamagaluru district.
C5054,2026-02-08,Belagavi,Robbery,Sachin Shinde,C5030,Intercepted at Vijayapura City Outskirts border checkpost carrying 36 illegal semi-automatic pistols and ammunition. Ballistic matching linked recovered shell casings directly to prior armed robbery case files in Belagavi district.
C5055,2026-02-08,Dharwad,Burglary,Laxman 'Laxi',C5039,Fabricated master keys and safe-cracking tools used in commercial burglaries across Dharwad Court Road. Ballistic matching linked recovered shell casings directly to prior armed robbery case files in Dharwad district.
C5056,2026-02-09,Bengaluru,Assault,Muralidhar,C5016;C5040;C5047,Stole luxury SUVs and motorcycles from residential parking lots across Saraswathipuram for use as robbery getaway vehicles. Forensic examination of seized burner mobile phones revealed encrypted chat logs discussing stolen contraband movement.
C5057,2026-02-10,Mysuru,Counterfeiting,Raghavendra 'Raghu',C5025;C5049,Armed crew raided a commercial jewelry vault on Mandya Highway Checkpoint at 02:30 AM using high-pressure oxy-acetylene torches. Stole 57 kg of gold ingots and escaped in a black SUV. Call detail records confirmed Raghavendra 'Raghu' was in continuous contact with syndicate kingpin Raju Gowda during the operation.
C5058,2026-02-11,Udupi,Money Laundering,Imran Pasha,C5050,Laundered Rs 57 Lakhs derived from online investment scams through a network of mule bank accounts registered in Hampankatta Commercial Hub. Forensic examination of seized burner mobile phones revealed encrypted chat logs discussing stolen contraband movement.
C5059,2026-02-11,Bengaluru,Money Laundering,Ayesha 'Queen',C5027;C5035,Coordinated phishing SMS campaigns targeting net banking users. Channeled proceeds into dark web crypto wallets managed by Karan Sharma. Call detail records confirmed Ayesha 'Queen' was in continuous contact with syndicate kingpin Karan 'Bhai' Sharma during the operation.
C5060,2026-02-12,Ballari,Murder,Reddy 'Dora',C5036;C5044,Intercepted transporting 13 tonnes of illegally mined ore with forged transport permits near Hospet Mining Belt. Ballistic matching linked recovered shell casings directly to prior armed robbery case files in Ballari district.
C5061,2026-02-13,Shivamogga,Smuggling,Narasimha,C5021;C5045,Cultivated illegal cannabis plantations spanning 241 acres inside dense forest reserves near Agumbe Forest Reserve. Ballistic matching linked recovered shell casings directly to prior armed robbery case files in Shivamogga district.
C5062,2026-02-13,Kalaburagi,Dacoity,Sachin Shinde,C5046;C5054,Procured country-made revolvers and carbines across the state border for distribution to urban crime crews. Financial audit uncovered illicit hawala transfers used to settle cartel accounts across regional checkposts.
C5063,2026-02-14,Dharwad,Fraud,Prakash Jhadav,C5023;C5056,Midnight bank robbery at a cooperative branch in Dharwad Court Road. Bypassed security alarms and drilled vault door. Ballistic matching linked recovered shell casings directly to prior armed robbery case files in Dharwad district.
C5064,2026-02-15,Bengaluru,Burglary,Salman,C5024;C5048;C5055,Engaged in a violent street clash near Peenya Industrial Area with rival vehicle thieves to control regional chop-shop operations. Ballistic matching linked recovered shell casings directly to prior armed robbery case files in Bengaluru district.
C5065,2026-02-16,Mandya,Robbery,Raju Gowda,C5025;C5041,Operated a counterfeit currency printing press in Saraswathipuram distributing fake Rs 500 notes to finance local robbery getaway vehicles. Ballistic matching linked recovered shell casings directly to prior armed robbery case files in Mandya district.
C5066,2026-02-16,Hubballi,Cybercrime,Srinivas 'Tech',C5026,Operated an illegal SIM-box gateway in Manipal University Road routing international phishing calls to mask syndicate cyber extortion communications. Financial audit uncovered illicit hawala transfers used to settle cartel accounts across regional checkposts.
C5067,2026-02-17,Bengaluru,Cybercrime,Sunny 'DJ',C5035;C5051,Distributed synthetic drug packages to nightlife venues across HSR Layout using encrypted messaging channels. CCTV camera feeds near HSR Layout captured Sunny 'DJ' coordinating escape routes with co-accused operatives.
C5068,2026-02-18,Ballari,Murder,Giddaiah,C5044;C5060,Intercepted transporting 115 tonnes of illegally mined ore with forged transport permits near Ballari APMC Yard. Call detail records confirmed Giddaiah was in continuous contact with syndicate kingpin Reddy 'Dora' during the operation.
C5069,2026-02-18,Shivamogga,Narcotics,Nagaraj 'Forest',C5029;C5061,Stole off-road tractors and winches from tea estates near Agumbe Forest Reserve to haul felled timber through rough terrain. Financial audit uncovered illicit hawala transfers used to settle cartel accounts across regional checkposts.
C5070,2026-02-19,Belagavi,Arms Trafficking,Ganesh 'Gunner',C5038;C5062,Procured country-made revolvers and carbines across the state border for distribution to urban crime crews. Financial audit uncovered illicit hawala transfers used to settle cartel accounts across regional checkposts.
C5071,2026-02-20,Hubballi,Extortion,Manjunath 'Sunil' Desai,C5063,Extorted Rs 49 Lakhs from a commercial trader in Dharwad Court Road under threat of arson against shop premises. Financial audit uncovered illicit hawala transfers used to settle cartel accounts across regional checkposts.
C5072,2026-02-21,Mandya,Robbery,Muralidhar,C5040;C5056,Robbed a diamond merchant near Saraswathipuram and escaped on modified stolen motorcycles supplied by Syed Ali. Financial audit uncovered illicit hawala transfers used to settle cartel accounts across regional checkposts.
C5073,2026-02-21,Mysuru,Counterfeiting,Raghavendra 'Raghu',C5057,Apprehended near Vijayanagar Industrial Area while operating an illicit foundry converting 140 kg of stolen gold bangles into untraceable bullion bars. Financial audit uncovered illicit hawala transfers used to settle cartel accounts across regional checkposts.
C5074,2026-02-22,Hubballi,Money Laundering,Zaid Khan,C5057;C5058;C5066,Laundered Rs 69 Lakhs derived from online investment scams through a network of mule bank accounts registered in Hampankatta Commercial Hub. CCTV camera feeds near Hampankatta Commercial Hub captured Zaid Khan coordinating escape routes with co-accused operatives.
C5075,2026-02-23,Bengaluru,Cybercrime,Sunny 'DJ',C5067,Intercepted on HSR Layout transporting 34 kg of synthetic MDMA crystals hidden inside modified speaker enclosures of a cargo van. Forensic examination of seized burner mobile phones revealed encrypted chat logs discussing stolen contraband movement.
C5076,2026-02-24,Koppal,Assault,Muni 'Rowdy',C5052,Assaulted commercial truck drivers along Hospet Mining Belt using iron rods for resisting daily illegal highway tolls. CCTV camera feeds near Hospet Mining Belt captured Muni 'Rowdy' coordinating escape routes with co-accused operatives.
C5077,2026-02-24,Hassan,Smuggling,Manja 'Blade',C5061,Cultivated illegal cannabis plantations spanning 338 acres inside dense forest reserves near Bhadra Wildlife Corridor. Ballistic matching linked recovered shell casings directly to prior armed robbery case files in Hassan district.
C5078,2026-02-25,Kalaburagi,Dacoity,Subhash 'Fauji',C5054,Enforced extortion demands on quarry operators near Vijayapura City Outskirts using illegal firearms supplied by Subhash Fauji. Forensic examination of seized burner mobile phones revealed encrypted chat logs discussing stolen contraband movement.
C5079,2026-02-26,Belagavi,Fraud,Prakash Jhadav,C5063,Extorted Rs 131 Lakhs from a commercial trader in Vidyanagar Bank Circle under threat of arson against shop premises. Call detail records confirmed Prakash Jhadav was in continuous contact with syndicate kingpin Santosh Patil during the operation.
C5080,2026-02-26,Bengaluru,Robbery,Salman,C5040,Stole luxury SUVs and motorcycles from residential parking lots across Saraswathipuram for use as robbery getaway vehicles. CCTV camera feeds near Saraswathipuram captured Salman coordinating escape routes with co-accused operatives.
C5081,2026-02-27,Hassan,Counterfeiting,Balu 'Cheetah',C5049;C5065,Armed crew raided a commercial jewelry vault on Vijayanagar Industrial Area at 02:30 AM using high-pressure oxy-acetylene torches. Stole 166 kg of gold ingots and escaped in a black SUV. Call detail records confirmed Balu 'Cheetah' was in continuous contact with syndicate kingpin Raju Gowda during the operation.
C5082,2026-02-28,Mangaluru,Fraud,Sameer 'Sam',C5065;C5074,Seized with 418 cloned NFC smart cards and crypto hardware wallets used to move hawala cash across coastal ports. Forensic examination of seized burner mobile phones revealed encrypted chat logs discussing stolen contraband movement.
C5083,2026-03-01,Mysuru,Narcotics,Pooja Hegde,C5043;C5067,Chartered accountant arrested in Koramangala 4th Block for incorporating shell entities to absorb illegal narcotics revenues. Forensic examination of seized burner mobile phones revealed encrypted chat logs discussing stolen contraband movement.
C5084,2026-03-01,Koppal,Assault,Reddy 'Dora',C5060;C5076,Assaulted commercial truck drivers along Ballari APMC Yard using iron rods for resisting daily illegal highway tolls. CCTV camera feeds near Ballari APMC Yard captured Reddy 'Dora' coordinating escape routes with co-accused operatives.
C5085,2026-03-02,Hassan,Narcotics,Narasimha,C5045,Stole off-road tractors and winches from tea estates near Bhadra Wildlife Corridor to haul felled timber through rough terrain. Call detail records confirmed Narasimha was in continuous contact with syndicate kingpin Nagaraj 'Forest' during the operation.
C5086,2026-03-03,Vijayapura,Robbery,Subhash 'Fauji',C5054;C5069;C5070,Procured country-made revolvers and carbines across the state border for distribution to urban crime crews. Ballistic matching linked recovered shell casings directly to prior armed robbery case files in Vijayapura district.
C5087,2026-03-03,Dharwad,Extortion,Laxman 'Laxi',C5063,Fabricated master keys and safe-cracking tools used in commercial burglaries across Dharwad Court Road. Forensic examination of seized burner mobile phones revealed encrypted chat logs discussing stolen contraband movement.
C5088,2026-03-04,Mandya,Vehicle Theft,Farhan 'Auto',C5072,Engaged in a violent street clash near Gokulam Residential Area with rival vehicle thieves to control regional chop-shop operations. Ballistic matching linked recovered shell casings directly to prior armed robbery case files in Mandya district.
C5089,2026-03-05,Hassan,Arson,Raju Gowda,C5065;C5073,Set fire to a retail warehouse on Mandya Highway Checkpoint after the proprietor refused extortion demands issued by Raju Gowda. CCTV camera feeds near Mandya Highway Checkpoint captured Raju Gowda coordinating escape routes with co-accused operatives.
C5090,2026-03-06,Hubballi,Cybercrime,Imran Pasha,C5050;C5082,Operated an illegal SIM-box gateway in Malpe Harbor routing international phishing calls to mask syndicate cyber extortion communications. Forensic examination of seized burner mobile phones revealed encrypted chat logs discussing stolen contraband movement.
C5091,2026-03-06,Bengaluru,Arms Trafficking,Naveen Raj,C5051;C5059,Intercepted on Indiranagar 100ft Road transporting 101 kg of synthetic MDMA crystals hidden inside modified speaker enclosures of a cargo van. Financial audit uncovered illicit hawala transfers used to settle cartel accounts across regional checkposts.
C5092,2026-03-07,Raichur,Smuggling,Veerabhadraappa,C5068;C5091,Extorted protection fees from iron ore mining fleet operators along Toranagallu Highway under threat of armed violence. CCTV camera feeds near Toranagallu Highway captured Veerabhadraappa coordinating escape routes with co-accused operatives.
C5093,2026-03-08,Shivamogga,Narcotics,Basavaraj Naik,C5061;C5078,Cultivated illegal cannabis plantations spanning 222 acres inside dense forest reserves near Bhadra Wildlife Corridor. Ballistic matching linked recovered shell casings directly to prior armed robbery case files in Shivamogga district.
C5094,2026-03-08,Belagavi,Arms Trafficking,Tariq Anwar,C5054;C5062;C5077,Intercepted at Vijayapura City Outskirts border checkpost carrying 384 illegal semi-automatic pistols and ammunition. Ballistic matching linked recovered shell casings directly to prior armed robbery case files in Belagavi district.
C5095,2026-03-09,Dharwad,Rioting,Laxman 'Laxi',C5071;C5079,Instigated market riots in Gokul Road Industrial Area to distract law enforcement during planned burglary operations. CCTV camera feeds near Gokul Road Industrial Area captured Laxman 'Laxi' coordinating escape routes with co-accused operatives.
C5096,2026-03-10,Bengaluru,Assault,Salman,C5056;C5088,Engaged in a violent street clash near Peenya Industrial Area with rival vehicle thieves to control regional chop-shop operations. Call detail records confirmed Salman was in continuous contact with syndicate kingpin Syed Ali during the operation.
C5097,2026-03-11,Mandya,Robbery,Gowrish,C5057;C5065,Set fire to a retail warehouse on Saraswathipuram after the proprietor refused extortion demands issued by Raju Gowda. Call detail records confirmed Gowrish was in continuous contact with syndicate kingpin Raju Gowda during the operation.
C5098,2026-03-11,Hubballi,Counterfeiting,Sameer 'Sam',C5058;C5074,Seized with 462 cloned NFC smart cards and crypto hardware wallets used to move hawala cash across coastal ports. Financial audit uncovered illicit hawala transfers used to settle cartel accounts across regional checkposts.
C5099,2026-03-12,Mysuru,Narcotics,Pooja Hegde,C5059;C5076;C5083,Intercepted on Koramangala 4th Block transporting 46 kg of synthetic MDMA crystals hidden inside modified speaker enclosures of a cargo van. Call detail records confirmed Pooja Hegde was in continuous contact with syndicate kingpin Karan 'Bhai' Sharma during the operation.
C5100,2026-03-13,Ballari,Assault,Reddy 'Dora',C5060;C5084,Targeted shooting of a transport contractor near Ballari APMC Yard to maintain monopoly over mining logistics lines. Financial audit uncovered illicit hawala transfers used to settle cartel accounts across regional checkposts.
C5101,2026-03-14,Shivamogga,Assault,Nagaraj 'Forest',C5061,Caught smuggling 84 kg of contraband red sanders logs and wildlife skins through Mudigere Border forest checkpost. Financial audit uncovered illicit hawala transfers used to settle cartel accounts across regional checkposts.
C5102,2026-03-14,Vijayapura,Arms Trafficking,Bhimrao,C5078;C5086,Enforced extortion demands on quarry operators near NH-4 Highway Belt using illegal firearms supplied by Subhash Fauji. Forensic examination of seized burner mobile phones revealed encrypted chat logs discussing stolen contraband movement.
C5103,2026-03-15,Dharwad,Rioting,Prakash Jhadav,C5080;C5087;C5095,Midnight bank robbery at a cooperative branch in Hubballi APMC Market. Bypassed security alarms and drilled vault door. CCTV camera feeds near Hubballi APMC Market captured Prakash Jhadav coordinating escape routes with co-accused operatives.
C5104,2026-03-16,Bengaluru,Burglary,Farhan 'Auto',C5072;C5096,Engaged in a violent street clash near Saraswathipuram with rival vehicle thieves to control regional chop-shop operations. Financial audit uncovered illicit hawala transfers used to settle cartel accounts across regional checkposts.
C5105,2026-03-16,Mysuru,Counterfeiting,Raju Gowda,C5065;C5090,Armed crew raided a commercial jewelry vault on Vijayanagar Industrial Area at 02:30 AM using high-pressure oxy-acetylene torches. Stole 95 kg of gold ingots and escaped in a black SUV. Call detail records confirmed Raju Gowda was in continuous contact with syndicate kingpin Raju Gowda during the operation.
C5106,2026-03-17,Mangaluru,Counterfeiting,Devdas Kamath,C5066;C5090,Installed deep-insert ATM skimming hardware and pinhole cameras across bank kiosks near Manipal University Road. Captured data of 454 debit cards. Forensic examination of seized burner mobile phones revealed encrypted chat logs discussing stolen contraband movement.
C5107,2026-03-18,Mysuru,Arms Trafficking,Pooja Hegde,C5075;C5090,Coordinated phishing SMS campaigns targeting net banking users. Channeled proceeds into dark web crypto wallets managed by Karan Sharma. Call detail records confirmed Pooja Hegde was in continuous contact with syndicate kingpin Karan 'Bhai' Sharma during the operation.
C5108,2026-03-19,Raichur,Extortion,Muni 'Rowdy',C5099;C5100,Intercepted transporting 64 tonnes of illegally mined ore with forged transport permits near Toranagallu Highway. Call detail records confirmed Muni 'Rowdy' was in continuous contact with syndicate kingpin Reddy 'Dora' during the operation.
C5109,2026-03-19,Hassan,Smuggling,Manja 'Blade',C5069;C5077,Stole off-road tractors and winches from tea estates near Agumbe Forest Reserve to haul felled timber through rough terrain. Call detail records confirmed Manja 'Blade' was in continuous contact with syndicate kingpin Nagaraj 'Forest' during the operation.
C5110,2026-03-20,Vijayapura,Dacoity,Sachin Shinde,C5070;C5094,"Highway robbery of a cash transit van on Shahapur Quarry Area using illicit firearms, looting Rs 173 Lakhs. Financial audit uncovered illicit hawala transfers used to settle cartel accounts across regional checkposts."
C5111,2026-03-21,Belagavi,Burglary,Prakash Jhadav,C5087,Extorted Rs 129 Lakhs from a commercial trader in Dharwad Court Road under threat of arson against shop premises. CCTV camera feeds near Dharwad Court Road captured Prakash Jhadav coordinating escape routes with co-accused operatives.
C5112,2026-03-21,Mysuru,Vehicle Theft,Muralidhar,C5072,Stole luxury SUVs and motorcycles from residential parking lots across Peenya Industrial Area for use as robbery getaway vehicles. Financial audit uncovered illicit hawala transfers used to settle cartel accounts across regional checkposts.
C5113,2026-03-22,Hassan,Counterfeiting,Santhosh 'Oxy',C5089;C5097,Armed crew raided a commercial jewelry vault on Devaraja Urs Road at 02:30 AM using high-pressure oxy-acetylene torches. Stole 159 kg of gold ingots and escaped in a black SUV. Forensic examination of seized burner mobile phones revealed encrypted chat logs discussing stolen contraband movement.
C5114,2026-03-23,Udupi,Cybercrime,Devdas Kamath,C5074,Seized with 393 cloned NFC smart cards and crypto hardware wallets used to move hawala cash across coastal ports. CCTV camera feeds near Malpe Harbor captured Devdas Kamath coordinating escape routes with co-accused operatives.
C5115,2026-03-24,Mysuru,Cybercrime,Chandan Kumar,C5075;C5091,Chartered accountant arrested in Koramangala 4th Block for incorporating shell entities to absorb illegal narcotics revenues. Ballistic matching linked recovered shell casings directly to prior armed robbery case files in Mysuru district.
C5116,2026-03-24,Koppal,Murder,Yellappa,C5100,Extorted protection fees from iron ore mining fleet operators along Hospet Mining Belt under threat of armed violence. CCTV camera feeds near Hospet Mining Belt captured Yellappa coordinating escape routes with co-accused operatives.
C5117,2026-03-25,Shivamogga,Vehicle Theft,Lokesh,C5077;C5101,Cultivated illegal cannabis plantations spanning 93 acres inside dense forest reserves near Agumbe Forest Reserve. Call detail records confirmed Lokesh was in continuous contact with syndicate kingpin Nagaraj 'Forest' during the operation.
C5118,2026-03-26,Kalaburagi,Rioting,Suresh Kumar,C5086;C5110,Procured country-made revolvers and carbines across the state border for distribution to urban crime crews. Forensic examination of seized burner mobile phones revealed encrypted chat logs discussing stolen contraband movement.
C5119,2026-03-26,Hubballi,Burglary,Laxman 'Laxi',C5079,Extorted Rs 145 Lakhs from a commercial trader in Gokul Road Industrial Area under threat of arson against shop premises. Call detail records confirmed Laxman 'Laxi' was in continuous contact with syndicate kingpin Santosh Patil during the operation.
C5120,2026-03-27,Bengaluru,Burglary,Imran 'Bike',C5080;C5104,Operated a clandestine chop-shop in Jayalakshmipuram Ring Road altering engine numbers of stolen trucks to evade police checkpoints. Ballistic matching linked recovered shell casings directly to prior armed robbery case files in Bengaluru district.
C5121,2026-03-28,Mysuru,Robbery,Santhosh 'Oxy',C5113,Operated a counterfeit currency printing press in Vijayanagar Industrial Area distributing fake Rs 500 notes to finance local robbery getaway vehicles. Ballistic matching linked recovered shell casings directly to prior armed robbery case files in Mysuru district.
C5122,2026-03-29,Hubballi,Fraud,Zaid Khan,C5082,Operated an illegal SIM-box gateway in Manipal University Road routing international phishing calls to mask syndicate cyber extortion communications. Ballistic matching linked recovered shell casings directly to prior armed robbery case files in Hubballi district.
C5123,2026-03-29,Mysuru,Cybercrime,Chandan Kumar,C5083,Chartered accountant arrested in Electronic City Phase 2 for incorporating shell entities to absorb illegal narcotics revenues. Call detail records confirmed Chandan Kumar was in continuous contact with syndicate kingpin Karan 'Bhai' Sharma during the operation.
C5124,2026-03-30,Ballari,Murder,Reddy 'Dora',C5100;C5101,Assaulted commercial truck drivers along Ballari APMC Yard using iron rods for resisting daily illegal highway tolls. Ballistic matching linked recovered shell casings directly to prior armed robbery case files in Ballari district.
C5125,2026-03-31,Hassan,Smuggling,Lokesh,C5085,"Attacked forest patrol officers near Sakleshpur Timber Depot with sharp weapons, facilitating getaway of a timber truck convoy. Call detail records confirmed Lokesh was in continuous contact with syndicate kingpin Nagaraj 'Forest' during the operation."
C5126,2026-04-01,Kalaburagi,Rioting,Tariq Anwar,C5086,Enforced extortion demands on quarry operators near Shahapur Quarry Area using illegal firearms supplied by Subhash Fauji. Ballistic matching linked recovered shell casings directly to prior armed robbery case files in Kalaburagi district.
C5127,2026-04-01,Dharwad,Burglary,Santosh Patil,C5119,Midnight bank robbery at a cooperative branch in Dharwad Court Road. Bypassed security alarms and drilled vault door. Forensic examination of seized burner mobile phones revealed encrypted chat logs discussing stolen contraband movement.
C5128,2026-04-02,Mysuru,Assault,Muralidhar,C5104;C5120,Operated a clandestine chop-shop in Saraswathipuram altering engine numbers of stolen trucks to evade police checkpoints. Call detail records confirmed Muralidhar was in continuous contact with syndicate kingpin Syed Ali during the operation.
C5129,2026-04-03,Mysuru,Arson,Santhosh 'Oxy',C5113;C5121,Apprehended near Vijayanagar Industrial Area while operating an illicit foundry converting 180 kg of stolen gold bangles into untraceable bullion bars. Call detail records confirmed Santhosh 'Oxy' was in continuous contact with syndicate kingpin Raju Gowda during the operation.
C5130,2026-04-03,Mangaluru,Cybercrime,Srinivas 'Tech',C5106;C5114,Seized with 298 cloned NFC smart cards and crypto hardware wallets used to move hawala cash across coastal ports. Ballistic matching linked recovered shell casings directly to prior armed robbery case files in Mangaluru district.
C5131,2026-04-04,Bengaluru,Cybercrime,Chandan Kumar,C5091;C5099,Coordinated phishing SMS campaigns targeting net banking users. Channeled proceeds into dark web crypto wallets managed by Karan Sharma. Forensic examination of seized burner mobile phones revealed encrypted chat logs discussing stolen contraband movement.
C5132,2026-04-05,Koppal,Smuggling,Giddaiah,C5100;C5109;C5124,Intercepted transporting 121 tonnes of illegally mined ore with forged transport permits near Ballari APMC Yard. Call detail records confirmed Giddaiah was in continuous contact with syndicate kingpin Reddy 'Dora' during the operation.
C5133,2026-04-06,Hassan,Vehicle Theft,Gajendra,C5109,Stole off-road tractors and winches from tea estates near Mudigere Border to haul felled timber through rough terrain. Financial audit uncovered illicit hawala transfers used to settle cartel accounts across regional checkposts.
C5134,2026-04-06,Vijayapura,Dacoity,Sachin Shinde,C5110,Enforced extortion demands on quarry operators near Vijayapura City Outskirts using illegal firearms supplied by Subhash Fauji. CCTV camera feeds near Vijayapura City Outskirts captured Sachin Shinde coordinating escape routes with co-accused operatives.
C5135,2026-04-07,Belagavi,Extortion,Santosh Patil,C5095;C5119,Midnight bank robbery at a cooperative branch in Vidyanagar Bank Circle. Bypassed security alarms and drilled vault door. Forensic examination of seized burner mobile phones revealed encrypted chat logs discussing stolen contraband movement.
C5136,2026-04-08,Bengaluru,Burglary,Salman,C5096;C5128;C5129,Operated a clandestine chop-shop in Gokulam Residential Area altering engine numbers of stolen trucks to evade police checkpoints. Financial audit uncovered illicit hawala transfers used to settle cartel accounts across regional checkposts.
C5137,2026-04-08,Mysuru,Robbery,Raju Gowda,C5105,Apprehended near Vijayanagar Industrial Area while operating an illicit foundry converting 13 kg of stolen gold bangles into untraceable bullion bars. Call detail records confirmed Raju Gowda was in continuous contact with syndicate kingpin Raju Gowda during the operation.
C5138,2026-04-09,Mangaluru,Money Laundering,Rohan D'Souza,C5106,Installed deep-insert ATM skimming hardware and pinhole cameras across bank kiosks near Manipal University Road. Captured data of 428 debit cards. Call detail records confirmed Rohan D'Souza was in continuous contact with syndicate kingpin Zaid Khan during the operation.
C5139,2026-04-10,Mysuru,Narcotics,Chandan Kumar,C5123;C5131,Distributed synthetic drug packages to nightlife venues across Koramangala 4th Block using encrypted messaging channels. Forensic examination of seized burner mobile phones revealed encrypted chat logs discussing stolen contraband movement.
C5140,2026-04-11,Ballari,Assault,Giddaiah,C5108,Intercepted transporting 167 tonnes of illegally mined ore with forged transport permits near Toranagallu Highway. Ballistic matching linked recovered shell casings directly to prior armed robbery case files in Ballari district.
C5141,2026-04-11,Hassan,Smuggling,Manja 'Blade',C5101;C5132,Cultivated illegal cannabis plantations spanning 37 acres inside dense forest reserves near Bhadra Wildlife Corridor. Financial audit uncovered illicit hawala transfers used to settle cartel accounts across regional checkposts.
C5142,2026-04-12,Belagavi,Rioting,Ganesh 'Gunner',C5102;C5133;C5134,Enforced extortion demands on quarry operators near Nipani Border Checkpost using illegal firearms supplied by Subhash Fauji. Ballistic matching linked recovered shell casings directly to prior armed robbery case files in Belagavi district.
C5143,2026-04-13,Hubballi,Rioting,Laxman 'Laxi',C5111,Midnight bank robbery at a cooperative branch in Dharwad Court Road. Bypassed security alarms and drilled vault door. Financial audit uncovered illicit hawala transfers used to settle cartel accounts across regional checkposts.
C5144,2026-04-13,Mysuru,Robbery,Imran 'Bike',C5112,Stole luxury SUVs and motorcycles from residential parking lots across Peenya Industrial Area for use as robbery getaway vehicles. Forensic examination of seized burner mobile phones revealed encrypted chat logs discussing stolen contraband movement.
C5145,2026-04-14,Mandya,Robbery,Raghavendra 'Raghu',C5105;C5129;C5138,Armed crew raided a commercial jewelry vault on Saraswathipuram at 02:30 AM using high-pressure oxy-acetylene torches. Stole 160 kg of gold ingots and escaped in a black SUV. CCTV camera feeds near Saraswathipuram captured Raghavendra 'Raghu' coordinating escape routes with co-accused operatives.
C5146,2026-04-15,Mangaluru,Cybercrime,Sameer 'Sam',C5106;C5138,Installed deep-insert ATM skimming hardware and pinhole cameras across bank kiosks near Manipal University Road. Captured data of 347 debit cards. Forensic examination of seized burner mobile phones revealed encrypted chat logs discussing stolen contraband movement.
C5147,2026-04-16,Mysuru,Cybercrime,Pooja Hegde,C5123;C5131;C5146,Distributed synthetic drug packages to nightlife venues across Electronic City Phase 2 using encrypted messaging channels. Financial audit uncovered illicit hawala transfers used to settle cartel accounts across regional checkposts.
C5148,2026-04-16,Raichur,Assault,Sekhar,C5124,Extorted protection fees from iron ore mining fleet operators along Sandur Quarry Road under threat of armed violence. CCTV camera feeds near Sandur Quarry Road captured Sekhar coordinating escape routes with co-accused operatives.
C5149,2026-04-17,Chikkamagaluru,Narcotics,Narasimha,C5117,Caught smuggling 173 kg of contraband red sanders logs and wildlife skins through Mudigere Border forest checkpost. Call detail records confirmed Narasimha was in continuous contact with syndicate kingpin Nagaraj 'Forest' during the operation.
C5150,2026-04-18,Kalaburagi,Arms Trafficking,Tariq Anwar,C5134,Procured country-made revolvers and carbines across the state border for distribution to urban crime crews. Ballistic matching linked recovered shell casings directly to prior armed robbery case files in Kalaburagi district.
C5151,2026-04-19,Hubballi,Rioting,Laxman 'Laxi',C5111,Fabricated master keys and safe-cracking tools used in commercial burglaries across Gokul Road Industrial Area. Ballistic matching linked recovered shell casings directly to prior armed robbery case files in Hubballi district.
C5152,2026-04-19,Mandya,Assault,Imran 'Bike',C5120,Engaged in a violent street clash near Jayalakshmipuram Ring Road with rival vehicle thieves to control regional chop-shop operations. Ballistic matching linked recovered shell casings directly to prior armed robbery case files in Mandya district.
C5153,2026-04-20,Mysuru,Burglary,Anand Verma,C5137,Set fire to a retail warehouse on Mandya Highway Checkpoint after the proprietor refused extortion demands issued by Raju Gowda. Financial audit uncovered illicit hawala transfers used to settle cartel accounts across regional checkposts.
C5154,2026-04-21,Mangaluru,Money Laundering,Devdas Kamath,C5130;C5139;C5146,Installed deep-insert ATM skimming hardware and pinhole cameras across bank kiosks near Hampankatta Commercial Hub. Captured data of 414 debit cards. Call detail records confirmed Devdas Kamath was in continuous contact with syndicate kingpin Zaid Khan during the operation.
C5155,2026-04-21,Mysuru,Narcotics,Chandan Kumar,C5115;C5131;C5140,Chartered accountant arrested in HSR Layout for incorporating shell entities to absorb illegal narcotics revenues. Forensic examination of seized burner mobile phones revealed encrypted chat logs discussing stolen contraband movement.
C5156,2026-04-22,Raichur,Extortion,Reddy 'Dora',C5116;C5124,Extorted protection fees from iron ore mining fleet operators along Sandur Quarry Road under threat of armed violence. Ballistic matching linked recovered shell casings directly to prior armed robbery case files in Raichur district.
C5157,2026-04-23,Hassan,Vehicle Theft,Gajendra,C5149,Caught smuggling 89 kg of contraband red sanders logs and wildlife skins through Bhadra Wildlife Corridor forest checkpost. CCTV camera feeds near Bhadra Wildlife Corridor captured Gajendra coordinating escape routes with co-accused operatives.
C5158,2026-04-24,Vijayapura,Arms Trafficking,Suresh Kumar,C5118;C5142,Intercepted at Shahapur Quarry Area border checkpost carrying 150 illegal semi-automatic pistols and ammunition. Forensic examination of seized burner mobile phones revealed encrypted chat logs discussing stolen contraband movement.
C5159,2026-04-24,Dharwad,Burglary,Manjunath 'Sunil' Desai,C5151,Extorted Rs 176 Lakhs from a commercial trader in Gokul Road Industrial Area under threat of arson against shop premises. Forensic examination of seized burner mobile phones revealed encrypted chat logs discussing stolen contraband movement.
C5160,2026-04-25,Mysuru,Vehicle Theft,Salman,C5152;C5159,Operated a clandestine chop-shop in Jayalakshmipuram Ring Road altering engine numbers of stolen trucks to evade police checkpoints. Call detail records confirmed Salman was in continuous contact with syndicate kingpin Syed Ali during the operation.
C5161,2026-04-26,Mysuru,Arson,Santhosh 'Oxy',C5145;C5153,Set fire to a retail warehouse on Devaraja Urs Road after the proprietor refused extortion demands issued by Raju Gowda. Ballistic matching linked recovered shell casings directly to prior armed robbery case files in Mysuru district.
C5162,2026-04-26,Hubballi,Money Laundering,Srinivas 'Tech',C5122;C5139;C5154,Installed deep-insert ATM skimming hardware and pinhole cameras across bank kiosks near Malpe Harbor. Captured data of 265 debit cards. Ballistic matching linked recovered shell casings directly to prior armed robbery case files in Hubballi district.
C5163,2026-04-27,Bengaluru,Narcotics,Ayesha 'Queen',C5139;C5155,Coordinated phishing SMS campaigns targeting net banking users. Channeled proceeds into dark web crypto wallets managed by Karan Sharma. Call detail records confirmed Ayesha 'Queen' was in continuous contact with syndicate kingpin Karan 'Bhai' Sharma during the operation.
C5164,2026-04-28,Ballari,Extortion,Veerabhadraappa,C5132;C5157,Targeted shooting of a transport contractor near Ballari APMC Yard to maintain monopoly over mining logistics lines. Forensic examination of seized burner mobile phones revealed encrypted chat logs discussing stolen contraband movement.
C5165,2026-04-29,Hassan,Vehicle Theft,Gajendra,C5149,Cultivated illegal cannabis plantations spanning 300 acres inside dense forest reserves near Mudigere Border. Call detail records confirmed Gajendra was in continuous contact with syndicate kingpin Nagaraj 'Forest' during the operation.
C5166,2026-04-29,Vijayapura,Arms Trafficking,Ganesh 'Gunner',C5158,"Highway robbery of a cash transit van on Vijayapura City Outskirts using illicit firearms, looting Rs 143 Lakhs. Financial audit uncovered illicit hawala transfers used to settle cartel accounts across regional checkposts."
C5167,2026-04-30,Dharwad,Extortion,Laxman 'Laxi',C5127,Fabricated master keys and safe-cracking tools used in commercial burglaries across Dharwad Court Road. Forensic examination of seized burner mobile phones revealed encrypted chat logs discussing stolen contraband movement.
C5168,2026-05-01,Bengaluru,Robbery,Salman,C5128;C5136,Robbed a diamond merchant near Saraswathipuram and escaped on modified stolen motorcycles supplied by Syed Ali. Forensic examination of seized burner mobile phones revealed encrypted chat logs discussing stolen contraband movement.
C5169,2026-05-01,Mandya,Arson,Gowrish,C5145,Set fire to a retail warehouse on Devaraja Urs Road after the proprietor refused extortion demands issued by Raju Gowda. Call detail records confirmed Gowrish was in continuous contact with syndicate kingpin Raju Gowda during the operation.
C5170,2026-05-02,Udupi,Money Laundering,Srinivas 'Tech',C5146;C5153;C5162,Operated an illegal SIM-box gateway in Malpe Harbor routing international phishing calls to mask syndicate cyber extortion communications. Financial audit uncovered illicit hawala transfers used to settle cartel accounts across regional checkposts.
C5171,2026-05-03,Tumakuru,Narcotics,Chandan Kumar,C5131,Intercepted on Electronic City Phase 2 transporting 47 kg of synthetic MDMA crystals hidden inside modified speaker enclosures of a cargo van. Forensic examination of seized burner mobile phones revealed encrypted chat logs discussing stolen contraband movement.
C5172,2026-05-04,Ballari,Smuggling,Veerabhadraappa,C5148;C5164,Extorted protection fees from iron ore mining fleet operators along Ballari APMC Yard under threat of armed violence. Call detail records confirmed Veerabhadraappa was in continuous contact with syndicate kingpin Reddy 'Dora' during the operation.
C5173,2026-05-04,Hassan,Vehicle Theft,Narasimha,C5157,Cultivated illegal cannabis plantations spanning 41 acres inside dense forest reserves near Bhadra Wildlife Corridor. Call detail records confirmed Narasimha was in continuous contact with syndicate kingpin Nagaraj 'Forest' during the operation.
C5174,2026-05-05,Vijayapura,Robbery,Bhimrao,C5158,"Highway robbery of a cash transit van on Shahapur Quarry Area using illicit firearms, looting Rs 128 Lakhs. Call detail records confirmed Bhimrao was in continuous contact with syndicate kingpin Tariq Anwar during the operation."
C5175,2026-05-06,Hubballi,Rioting,Santosh Patil,C5135;C5152,Instigated market riots in Vidyanagar Bank Circle to distract law enforcement during planned burglary operations. Financial audit uncovered illicit hawala transfers used to settle cartel accounts across regional checkposts.
C5176,2026-05-07,Mysuru,Robbery,Salman,C5144,Stole luxury SUVs and motorcycles from residential parking lots across Peenya Industrial Area for use as robbery getaway vehicles. Forensic examination of seized burner mobile phones revealed encrypted chat logs discussing stolen contraband movement.
C5177,2026-05-07,Mandya,Burglary,Anand Verma,C5137;C5153;C5170,Apprehended near Vijayanagar Industrial Area while operating an illicit foundry converting 125 kg of stolen gold bangles into untraceable bullion bars. Financial audit uncovered illicit hawala transfers used to settle cartel accounts across regional checkposts.
C5178,2026-05-08,Hubballi,Money Laundering,Imran Pasha,C5146;C5154,Laundered Rs 149 Lakhs derived from online investment scams through a network of mule bank accounts registered in Hampankatta Commercial Hub. Financial audit uncovered illicit hawala transfers used to settle cartel accounts across regional checkposts.
C5179,2026-05-09,Bengaluru,Arms Trafficking,Siddharth Mehta,C5147;C5171,Coordinated phishing SMS campaigns targeting net banking users. Channeled proceeds into dark web crypto wallets managed by Karan Sharma. Ballistic matching linked recovered shell casings directly to prior armed robbery case files in Bengaluru district.
C5180,2026-05-09,Raichur,Murder,Kondaiah,C5148;C5164,Targeted shooting of a transport contractor near Hospet Mining Belt to maintain monopoly over mining logistics lines. Financial audit uncovered illicit hawala transfers used to settle cartel accounts across regional checkposts.
C5181,2026-05-10,Hassan,Smuggling,Harish 'Ganja',C5141;C5166,Caught smuggling 147 kg of contraband red sanders logs and wildlife skins through Bhadra Wildlife Corridor forest checkpost. CCTV camera feeds near Bhadra Wildlife Corridor captured Harish 'Ganja' coordinating escape routes with co-accused operatives.
C5182,2026-05-11,Kalaburagi,Arms Trafficking,Bhimrao,C5142;C5158,Intercepted at Shahapur Quarry Area border checkpost carrying 278 illegal semi-automatic pistols and ammunition. Call detail records confirmed Bhimrao was in continuous contact with syndicate kingpin Tariq Anwar during the operation.
C5183,2026-05-12,Hubballi,Rioting,Santosh Patil,C5143;C5182,Instigated market riots in Gokul Road Industrial Area to distract law enforcement during planned burglary operations. Forensic examination of seized burner mobile phones revealed encrypted chat logs discussing stolen contraband movement.
C5184,2026-05-12,Bengaluru,Vehicle Theft,Muralidhar,C5152;C5160,Stole luxury SUVs and motorcycles from residential parking lots across Peenya Industrial Area for use as robbery getaway vehicles. Forensic examination of seized burner mobile phones revealed encrypted chat logs discussing stolen contraband movement.
C5185,2026-05-13,Mandya,Counterfeiting,Raju Gowda,C5161;C5178,Apprehended near Saraswathipuram while operating an illicit foundry converting 136 kg of stolen gold bangles into untraceable bullion bars. Financial audit uncovered illicit hawala transfers used to settle cartel accounts across regional checkposts.
C5186,2026-05-14,Udupi,Money Laundering,Srinivas 'Tech',C5146;C5154;C5177,Operated an illegal SIM-box gateway in Hampankatta Commercial Hub routing international phishing calls to mask syndicate cyber extortion communications. CCTV camera feeds near Hampankatta Commercial Hub captured Srinivas 'Tech' coordinating escape routes with co-accused operatives.
C5187,2026-05-14,Tumakuru,Narcotics,Pooja Hegde,C5163;C5171,Coordinated phishing SMS campaigns targeting net banking users. Channeled proceeds into dark web crypto wallets managed by Karan Sharma. Forensic examination of seized burner mobile phones revealed encrypted chat logs discussing stolen contraband movement.
C5188,2026-05-15,Koppal,Assault,Muni 'Rowdy',C5172,Extorted protection fees from iron ore mining fleet operators along Sandur Quarry Road under threat of armed violence. Call detail records confirmed Muni 'Rowdy' was in continuous contact with syndicate kingpin Reddy 'Dora' during the operation.
C5189,2026-05-16,Chikkamagaluru,Vehicle Theft,Narasimha,C5166;C5173;C5181,Cultivated illegal cannabis plantations spanning 325 acres inside dense forest reserves near Bhadra Wildlife Corridor. Ballistic matching linked recovered shell casings directly to prior armed robbery case files in Chikkamagaluru district.
C5190,2026-05-17,Belagavi,Dacoity,Sachin Shinde,C5182,Procured country-made revolvers and carbines across the state border for distribution to urban crime crews. Financial audit uncovered illicit hawala transfers used to settle cartel accounts across regional checkposts.
C5191,2026-05-17,Dharwad,Fraud,Vinay 'Vinu',C5159;C5183,Instigated market riots in Dharwad Court Road to distract law enforcement during planned burglary operations. CCTV camera feeds near Dharwad Court Road captured Vinay 'Vinu' coordinating escape routes with co-accused operatives.
C5192,2026-05-18,Mysuru,Vehicle Theft,Salman,C5160,Operated a clandestine chop-shop in Gokulam Residential Area altering engine numbers of stolen trucks to evade police checkpoints. Financial audit uncovered illicit hawala transfers used to settle cartel accounts across regional checkposts.
C5193,2026-05-19,Mandya,Robbery,Raju Gowda,C5153;C5169;C5178,Apprehended near Devaraja Urs Road while operating an illicit foundry converting 162 kg of stolen gold bangles into untraceable bullion bars. Financial audit uncovered illicit hawala transfers used to settle cartel accounts across regional checkposts.
C5194,2026-05-19,Mangaluru,Cybercrime,Rohan D'Souza,C5178;C5186,Installed deep-insert ATM skimming hardware and pinhole cameras across bank kiosks near Bunder Port Road. Captured data of 276 debit cards. CCTV camera feeds near Bunder Port Road captured Rohan D'Souza coordinating escape routes with co-accused operatives.
C5195,2026-05-20,Tumakuru,Cybercrime,Ayesha 'Queen',C5171,Distributed synthetic drug packages to nightlife venues across Koramangala 4th Block using encrypted messaging channels. Forensic examination of seized burner mobile phones revealed encrypted chat logs discussing stolen contraband movement.
C5196,2026-05-21,Raichur,Murder,Muni 'Rowdy',C5156,Assaulted commercial truck drivers along Hospet Mining Belt using iron rods for resisting daily illegal highway tolls. Call detail records confirmed Muni 'Rowdy' was in continuous contact with syndicate kingpin Reddy 'Dora' during the operation.
C5197,2026-05-22,Shivamogga,Vehicle Theft,Narasimha,C5157;C5165,Caught smuggling 117 kg of contraband red sanders logs and wildlife skins through Bhadra Wildlife Corridor forest checkpost. CCTV camera feeds near Bhadra Wildlife Corridor captured Narasimha coordinating escape routes with co-accused operatives.
C5198,2026-05-22,Kalaburagi,Rioting,Tariq Anwar,C5158;C5197,Intercepted at NH-4 Highway Belt border checkpost carrying 250 illegal semi-automatic pistols and ammunition. Forensic examination of seized burner mobile phones revealed encrypted chat logs discussing stolen contraband movement.
C5199,2026-05-23,Dharwad,Burglary,Manjunath 'Sunil' Desai,C5167,Extorted Rs 18 Lakhs from a commercial trader in Vidyanagar Bank Circle under threat of arson against shop premises. Ballistic matching linked recovered shell casings directly to prior armed robbery case files in Dharwad district.
C5200,2026-05-24,Mandya,Assault,Muralidhar,C5176,Robbed a diamond merchant near Gokulam Residential Area and escaped on modified stolen motorcycles supplied by Syed Ali. Call detail records confirmed Muralidhar was in continuous contact with syndicate kingpin Syed Ali during the operation.
C5201,2026-05-25,Hassan,Counterfeiting,Gowrish,C5192;C5193,Set fire to a retail warehouse on Saraswathipuram after the proprietor refused extortion demands issued by Raju Gowda. CCTV camera feeds near Saraswathipuram captured Gowrish coordinating escape routes with co-accused operatives.
C5202,2026-05-25,Mangaluru,Fraud,Zaid Khan,C5170,Operated an illegal SIM-box gateway in Malpe Harbor routing international phishing calls to mask syndicate cyber extortion communications. Call detail records confirmed Zaid Khan was in continuous contact with syndicate kingpin Zaid Khan during the operation.
C5203,2026-05-26,Tumakuru,Money Laundering,Karan 'Bhai' Sharma,C5171,Intercepted on Indiranagar 100ft Road transporting 140 kg of synthetic MDMA crystals hidden inside modified speaker enclosures of a cargo van. Ballistic matching linked recovered shell casings directly to prior armed robbery case files in Tumakuru district.
C5204,2026-05-27,Koppal,Assault,Giddaiah,C5164;C5188,Intercepted transporting 113 tonnes of illegally mined ore with forged transport permits near Hospet Mining Belt. Financial audit uncovered illicit hawala transfers used to settle cartel accounts across regional checkposts.
C5205,2026-05-27,Hassan,Narcotics,Lokesh,C5165,Stole off-road tractors and winches from tea estates near Sakleshpur Timber Depot to haul felled timber through rough terrain. Forensic examination of seized burner mobile phones revealed encrypted chat logs discussing stolen contraband movement.
C5206,2026-05-28,Vijayapura,Arms Trafficking,Ganesh 'Gunner',C5166;C5174,Intercepted at Shahapur Quarry Area border checkpost carrying 237 illegal semi-automatic pistols and ammunition. Financial audit uncovered illicit hawala transfers used to settle cartel accounts across regional checkposts.
C5207,2026-05-29,Hubballi,Burglary,Prakash Jhadav,C5191;C5198;C5199,Instigated market riots in Dharwad Court Road to distract law enforcement during planned burglary operations. Call detail records confirmed Prakash Jhadav was in continuous contact with syndicate kingpin Santosh Patil during the operation.
C5208,2026-05-30,Mandya,Robbery,Salman,C5168;C5200,Engaged in a violent street clash near Saraswathipuram with rival vehicle thieves to control regional chop-shop operations. Ballistic matching linked recovered shell casings directly to prior armed robbery case files in Mandya district.
C5209,2026-05-30,Hassan,Arson,Gowrish,C5193,Set fire to a retail warehouse on Saraswathipuram after the proprietor refused extortion demands issued by Raju Gowda. Forensic examination of seized burner mobile phones revealed encrypted chat logs discussing stolen contraband movement.
C5210,2026-05-31,Hubballi,Counterfeiting,Imran Pasha,C5186;C5193,Installed deep-insert ATM skimming hardware and pinhole cameras across bank kiosks near Bunder Port Road. Captured data of 55 debit cards. CCTV camera feeds near Bunder Port Road captured Imran Pasha coordinating escape routes with co-accused operatives.
C5211,2026-06-01,Bengaluru,Cybercrime,Sunny 'DJ',C5179,Coordinated phishing SMS campaigns targeting net banking users. Channeled proceeds into dark web crypto wallets managed by Karan Sharma. Forensic examination of seized burner mobile phones revealed encrypted chat logs discussing stolen contraband movement.
C5212,2026-06-01,Raichur,Murder,Giddaiah,C5180;C5188;C5203,Intercepted transporting 120 tonnes of illegally mined ore with forged transport permits near Toranagallu Highway. Forensic examination of seized burner mobile phones revealed encrypted chat logs discussing stolen contraband movement.
C5213,2026-06-02,Chikkamagaluru,Assault,Basavaraj Naik,C5181,Cultivated illegal cannabis plantations spanning 63 acres inside dense forest reserves near Bhadra Wildlife Corridor. Forensic examination of seized burner mobile phones revealed encrypted chat logs discussing stolen contraband movement.
C5214,2026-06-03,Vijayapura,Arms Trafficking,Tariq Anwar,C5174,Enforced extortion demands on quarry operators near Nipani Border Checkpost using illegal firearms supplied by Subhash Fauji. Call detail records confirmed Tariq Anwar was in continuous contact with syndicate kingpin Tariq Anwar during the operation.
C5215,2026-06-04,Hubballi,Fraud,Ashok 'Auto' Mani,C5183;C5207,Instigated market riots in Gokul Road Industrial Area to distract law enforcement during planned burglary operations. Financial audit uncovered illicit hawala transfers used to settle cartel accounts across regional checkposts.
C5216,2026-06-04,Mysuru,Assault,Farhan 'Auto',C5176;C5199;C5200,Operated a clandestine chop-shop in Jayalakshmipuram Ring Road altering engine numbers of stolen trucks to evade police checkpoints. Call detail records confirmed Farhan 'Auto' was in continuous contact with syndicate kingpin Syed Ali during the operation.
C5217,2026-06-05,Hassan,Arson,Raju Gowda,C5201;C5209,Operated a counterfeit currency printing press in Saraswathipuram distributing fake Rs 500 notes to finance local robbery getaway vehicles. CCTV camera feeds near Saraswathipuram captured Raju Gowda coordinating escape routes with co-accused operatives.
C5218,2026-06-06,Udupi,Fraud,Sanath,C5194;C5209,Installed deep-insert ATM skimming hardware and pinhole cameras across bank kiosks near Bunder Port Road. Captured data of 313 debit cards. Call detail records confirmed Sanath was in continuous contact with syndicate kingpin Zaid Khan during the operation.
C5219,2026-06-06,Bengaluru,Cybercrime,Chandan Kumar,C5187;C5211,Coordinated phishing SMS campaigns targeting net banking users. Channeled proceeds into dark web crypto wallets managed by Karan Sharma. Ballistic matching linked recovered shell casings directly to prior armed robbery case files in Bengaluru district.
C5220,2026-06-07,Koppal,Smuggling,Kondaiah,C5204,Intercepted transporting 33 tonnes of illegally mined ore with forged transport permits near Ballari APMC Yard. Ballistic matching linked recovered shell casings directly to prior armed robbery case files in Koppal district.
C5221,2026-06-08,Chikkamagaluru,Smuggling,Lokesh,C5204;C5213,"Attacked forest patrol officers near Agumbe Forest Reserve with sharp weapons, facilitating getaway of a timber truck convoy. Financial audit uncovered illicit hawala transfers used to settle cartel accounts across regional checkposts."
C5222,2026-06-09,Kalaburagi,Dacoity,Tariq Anwar,C5182,"Highway robbery of a cash transit van on NH-4 Highway Belt using illicit firearms, looting Rs 19 Lakhs. Call detail records confirmed Tariq Anwar was in continuous contact with syndicate kingpin Tariq Anwar during the operation."
C5223,2026-06-09,Hubballi,Burglary,Ashok 'Auto' Mani,C5199;C5215,Extorted Rs 72 Lakhs from a commercial trader in Dharwad Court Road under threat of arson against shop premises. Call detail records confirmed Ashok 'Auto' Mani was in continuous contact with syndicate kingpin Santosh Patil during the operation.
C5224,2026-06-10,Mandya,Vehicle Theft,Prashanth 'Pachhi',C5200;C5216,Operated a clandestine chop-shop in Peenya Industrial Area altering engine numbers of stolen trucks to evade police checkpoints. Call detail records confirmed Prashanth 'Pachhi' was in continuous contact with syndicate kingpin Syed Ali during the operation.
C5225,2026-06-11,Hassan,Robbery,Balu 'Cheetah',C5209,Set fire to a retail warehouse on Saraswathipuram after the proprietor refused extortion demands issued by Raju Gowda. Call detail records confirmed Balu 'Cheetah' was in continuous contact with syndicate kingpin Raju Gowda during the operation.
C5226,2026-06-12,Mangaluru,Cybercrime,Srinivas 'Tech',C5202;C5210,Laundered Rs 36 Lakhs derived from online investment scams through a network of mule bank accounts registered in Hampankatta Commercial Hub. Financial audit uncovered illicit hawala transfers used to settle cartel accounts across regional checkposts.
C5227,2026-06-12,Bengaluru,Narcotics,Naveen Raj,C5187;C5203,Chartered accountant arrested in Indiranagar 100ft Road for incorporating shell entities to absorb illegal narcotics revenues. CCTV camera feeds near Indiranagar 100ft Road captured Naveen Raj coordinating escape routes with co-accused operatives.
C5228,2026-06-13,Raichur,Assault,Muni 'Rowdy',C5212;C5220,Intercepted transporting 113 tonnes of illegally mined ore with forged transport permits near Toranagallu Highway. Forensic examination of seized burner mobile phones revealed encrypted chat logs discussing stolen contraband movement.
C5229,2026-06-14,Shivamogga,Assault,Narasimha,C5205,"Attacked forest patrol officers near Bhadra Wildlife Corridor with sharp weapons, facilitating getaway of a timber truck convoy. Forensic examination of seized burner mobile phones revealed encrypted chat logs discussing stolen contraband movement."
C5230,2026-06-14,Vijayapura,Rioting,Ganesh 'Gunner',C5214,Intercepted at Nipani Border Checkpost border checkpost carrying 62 illegal semi-automatic pistols and ammunition. Financial audit uncovered illicit hawala transfers used to settle cartel accounts across regional checkposts.
C5231,2026-06-15,Dharwad,Extortion,Ashok 'Auto' Mani,C5223,Fabricated master keys and safe-cracking tools used in commercial burglaries across Vidyanagar Bank Circle. Forensic examination of seized burner mobile phones revealed encrypted chat logs discussing stolen contraband movement.
C5232,2026-06-16,Mandya,Vehicle Theft,Salman,C5208;C5217;C5224,Operated a clandestine chop-shop in Saraswathipuram altering engine numbers of stolen trucks to evade police checkpoints. Call detail records confirmed Salman was in continuous contact with syndicate kingpin Syed Ali during the operation.
C5233,2026-06-17,Mandya,Robbery,Raghavendra 'Raghu',C5201;C5225,Armed crew raided a commercial jewelry vault on Mandya Highway Checkpoint at 02:30 AM using high-pressure oxy-acetylene torches. Stole 65 kg of gold ingots and escaped in a black SUV. CCTV camera feeds near Mandya Highway Checkpoint captured Raghavendra 'Raghu' coordinating escape routes with co-accused operatives.
C5234,2026-06-17,Hubballi,Money Laundering,Sameer 'Sam',C5194;C5227,Seized with 367 cloned NFC smart cards and crypto hardware wallets used to move hawala cash across coastal ports. Ballistic matching linked recovered shell casings directly to prior armed robbery case files in Hubballi district.
C5235,2026-06-18,Bengaluru,Cybercrime,Naveen Raj,C5195,Chartered accountant arrested in Indiranagar 100ft Road for incorporating shell entities to absorb illegal narcotics revenues. Ballistic matching linked recovered shell casings directly to prior armed robbery case files in Bengaluru district.
C5236,2026-06-19,Koppal,Murder,Kondaiah,C5212;C5228,Targeted shooting of a transport contractor near Ballari APMC Yard to maintain monopoly over mining logistics lines. Ballistic matching linked recovered shell casings directly to prior armed robbery case files in Koppal district.
C5237,2026-06-19,Shivamogga,Narcotics,Harish 'Ganja',C5197;C5205,Stole off-road tractors and winches from tea estates near Sakleshpur Timber Depot to haul felled timber through rough terrain. CCTV camera feeds near Sakleshpur Timber Depot captured Harish 'Ganja' coordinating escape routes with co-accused operatives.
C5238,2026-06-20,Vijayapura,Dacoity,Suresh Kumar,C5198;C5221,Procured country-made revolvers and carbines across the state border for distribution to urban crime crews. Financial audit uncovered illicit hawala transfers used to settle cartel accounts across regional checkposts.
C5239,2026-06-21,Hubballi,Rioting,Prakash Jhadav,C5199;C5215,Fabricated master keys and safe-cracking tools used in commercial burglaries across Hubballi APMC Market. Call detail records confirmed Prakash Jhadav was in continuous contact with syndicate kingpin Santosh Patil during the operation.
C5240,2026-06-22,Bengaluru,Vehicle Theft,Prashanth 'Pachhi',C5200,Stole luxury SUVs and motorcycles from residential parking lots across Jayalakshmipuram Ring Road for use as robbery getaway vehicles. Call detail records confirmed Prashanth 'Pachhi' was in continuous contact with syndicate kingpin Syed Ali during the operation.
C5241,2026-06-22,Mandya,Arson,Anand Verma,C5201;C5217,Operated a counterfeit currency printing press in Mandya Highway Checkpoint distributing fake Rs 500 notes to finance local robbery getaway vehicles. Call detail records confirmed Anand Verma was in continuous contact with syndicate kingpin Raju Gowda during the operation.
C5242,2026-06-23,Udupi,Cybercrime,Devdas Kamath,C5202;C5234,Operated an illegal SIM-box gateway in Hampankatta Commercial Hub routing international phishing calls to mask syndicate cyber extortion communications. CCTV camera feeds near Hampankatta Commercial Hub captured Devdas Kamath coordinating escape routes with co-accused operatives.
C5243,2026-06-24,Mysuru,Cybercrime,Karan 'Bhai' Sharma,C5211;C5227,Coordinated phishing SMS campaigns targeting net banking users. Channeled proceeds into dark web crypto wallets managed by Karan Sharma. Call detail records confirmed Karan 'Bhai' Sharma was in continuous contact with syndicate kingpin Karan 'Bhai' Sharma during the operation.
C5244,2026-06-24,Ballari,Murder,Sekhar,C5229;C5236,Assaulted commercial truck drivers along Ballari APMC Yard using iron rods for resisting daily illegal highway tolls. Ballistic matching linked recovered shell casings directly to prior armed robbery case files in Ballari district.
C5245,2026-06-25,Hassan,Assault,Manja 'Blade',C5221;C5237,Caught smuggling 69 kg of contraband red sanders logs and wildlife skins through Sakleshpur Timber Depot forest checkpost. Ballistic matching linked recovered shell casings directly to prior armed robbery case files in Hassan district.
C5246,2026-06-26,Belagavi,Robbery,Bhimrao,C5222;C5230,"Highway robbery of a cash transit van on Vijayapura City Outskirts using illicit firearms, looting Rs 16 Lakhs. Financial audit uncovered illicit hawala transfers used to settle cartel accounts across regional checkposts."
C5247,2026-06-27,Hubballi,Rioting,Santosh Patil,C5223,Fabricated master keys and safe-cracking tools used in commercial burglaries across Hubballi APMC Market. Forensic examination of seized burner mobile phones revealed encrypted chat logs discussing stolen contraband movement.
C5248,2026-06-27,Mysuru,Robbery,Muralidhar,C5208;C5232,Engaged in a violent street clash near Gokulam Residential Area with rival vehicle thieves to control regional chop-shop operations. Call detail records confirmed Muralidhar was in continuous contact with syndicate kingpin Syed Ali during the operation.
C5249,2026-06-28,Hassan,Burglary,Suresha,C5234;C5241,Set fire to a retail warehouse on Vijayanagar Industrial Area after the proprietor refused extortion demands issued by Raju Gowda. Financial audit uncovered illicit hawala transfers used to settle cartel accounts across regional checkposts.
C5250,2026-06-29,Udupi,Cybercrime,Devdas Kamath,C5210;C5226,Seized with 479 cloned NFC smart cards and crypto hardware wallets used to move hawala cash across coastal ports. Ballistic matching linked recovered shell casings directly to prior armed robbery case files in Udupi district.
C5251,2026-06-30,Mysuru,Narcotics,Sunny 'DJ',C5211;C5219;C5242,Coordinated phishing SMS campaigns targeting net banking users. Channeled proceeds into dark web crypto wallets managed by Karan Sharma. Call detail records confirmed Sunny 'DJ' was in continuous contact with syndicate kingpin Karan 'Bhai' Sharma during the operation.
C5252,2026-06-30,Raichur,Extortion,Yellappa,C5244,Extorted protection fees from iron ore mining fleet operators along Sandur Quarry Road under threat of armed violence. CCTV camera feeds near Sandur Quarry Road captured Yellappa coordinating escape routes with co-accused operatives.
C5253,2026-07-01,Shivamogga,Vehicle Theft,Lokesh,C5229,"Attacked forest patrol officers near Agumbe Forest Reserve with sharp weapons, facilitating getaway of a timber truck convoy. Ballistic matching linked recovered shell casings directly to prior armed robbery case files in Shivamogga district."
C5254,2026-07-02,Belagavi,Robbery,Subhash 'Fauji',C5222,Intercepted at Shahapur Quarry Area border checkpost carrying 174 illegal semi-automatic pistols and ammunition. Forensic examination of seized burner mobile phones revealed encrypted chat logs discussing stolen contraband movement.
C5255,2026-07-02,Hubballi,Rioting,Prakash Jhadav,C5231,Instigated market riots in Hubballi APMC Market to distract law enforcement during planned burglary operations. Ballistic matching linked recovered shell casings directly to prior armed robbery case files in Hubballi district.
C5256,2026-07-03,Mandya,Burglary,Salman,C5224,Operated a clandestine chop-shop in Jayalakshmipuram Ring Road altering engine numbers of stolen trucks to evade police checkpoints. Financial audit uncovered illicit hawala transfers used to settle cartel accounts across regional checkposts.
C5257,2026-07-04,Mandya,Arson,Shiva 'Gas',C5217;C5225,Armed crew raided a commercial jewelry vault on Devaraja Urs Road at 02:30 AM using high-pressure oxy-acetylene torches. Stole 95 kg of gold ingots and escaped in a black SUV. Ballistic matching linked recovered shell casings directly to prior armed robbery case files in Mandya district.
C5258,2026-07-05,Hubballi,Counterfeiting,Devdas Kamath,C5242,Seized with 368 cloned NFC smart cards and crypto hardware wallets used to move hawala cash across coastal ports. Financial audit uncovered illicit hawala transfers used to settle cartel accounts across regional checkposts.
C5259,2026-07-05,Bengaluru,Cybercrime,Sunny 'DJ',C5227,Distributed synthetic drug packages to nightlife venues across Electronic City Phase 2 using encrypted messaging channels. Financial audit uncovered illicit hawala transfers used to settle cartel accounts across regional checkposts.
C5260,2026-07-06,Ballari,Smuggling,Muni 'Rowdy',C5228;C5252,Intercepted transporting 90 tonnes of illegally mined ore with forged transport permits near Hospet Mining Belt. Forensic examination of seized burner mobile phones revealed encrypted chat logs discussing stolen contraband movement.
C5261,2026-07-07,Chikkamagaluru,Assault,Nagaraj 'Forest',C5221;C5229,Caught smuggling 61 kg of contraband red sanders logs and wildlife skins through Bhadra Wildlife Corridor forest checkpost. Financial audit uncovered illicit hawala transfers used to settle cartel accounts across regional checkposts.
C5262,2026-07-07,Kalaburagi,Arms Trafficking,Sachin Shinde,C5222;C5230,Intercepted at Shahapur Quarry Area border checkpost carrying 124 illegal semi-automatic pistols and ammunition. CCTV camera feeds near Shahapur Quarry Area captured Sachin Shinde coordinating escape routes with co-accused operatives.
C5263,2026-07-08,Hubballi,Extortion,Santosh Patil,C5231;C5254,Midnight bank robbery at a cooperative branch in Gokul Road Industrial Area. Bypassed security alarms and drilled vault door. Call detail records confirmed Santosh Patil was in continuous contact with syndicate kingpin Santosh Patil during the operation.
C5264,2026-07-09,Mandya,Robbery,Salman,C5248;C5249;C5256,Engaged in a violent street clash near Peenya Industrial Area with rival vehicle thieves to control regional chop-shop operations. Financial audit uncovered illicit hawala transfers used to settle cartel accounts across regional checkposts.
C5265,2026-07-10,Mysuru,Arson,Gowrish,C5256;C5257,Armed crew raided a commercial jewelry vault on Mandya Highway Checkpoint at 02:30 AM using high-pressure oxy-acetylene torches. Stole 171 kg of gold ingots and escaped in a black SUV. CCTV camera feeds near Mandya Highway Checkpoint captured Gowrish coordinating escape routes with co-accused operatives.
C5266,2026-07-10,Udupi,Fraud,Rohan D'Souza,C5226;C5242;C5243,Installed deep-insert ATM skimming hardware and pinhole cameras across bank kiosks near Bunder Port Road. Captured data of 176 debit cards. CCTV camera feeds near Bunder Port Road captured Rohan D'Souza coordinating escape routes with co-accused operatives.
C5267,2026-07-11,Mysuru,Cybercrime,Karan 'Bhai' Sharma,C5251,Chartered accountant arrested in HSR Layout for incorporating shell entities to absorb illegal narcotics revenues. Financial audit uncovered illicit hawala transfers used to settle cartel accounts across regional checkposts.
C5268,2026-07-12,Ballari,Smuggling,Sekhar,C5236,Targeted shooting of a transport contractor near Ballari APMC Yard to maintain monopoly over mining logistics lines. Ballistic matching linked recovered shell casings directly to prior armed robbery case files in Ballari district.
C5269,2026-07-12,Shivamogga,Assault,Nagaraj 'Forest',C5229;C5237,"Attacked forest patrol officers near Agumbe Forest Reserve with sharp weapons, facilitating getaway of a timber truck convoy. Financial audit uncovered illicit hawala transfers used to settle cartel accounts across regional checkposts."
C5270,2026-07-13,Vijayapura,Dacoity,Ganesh 'Gunner',C5238,Intercepted at Nipani Border Checkpost border checkpost carrying 383 illegal semi-automatic pistols and ammunition. Forensic examination of seized burner mobile phones revealed encrypted chat logs discussing stolen contraband movement.
C5271,2026-07-14,Dharwad,Extortion,Ashok 'Auto' Mani,C5231,Instigated market riots in Dharwad Court Road to distract law enforcement during planned burglary operations. Forensic examination of seized burner mobile phones revealed encrypted chat logs discussing stolen contraband movement.
C5272,2026-07-15,Bengaluru,Robbery,Farhan 'Auto',C5240,Operated a clandestine chop-shop in Gokulam Residential Area altering engine numbers of stolen trucks to evade police checkpoints. Ballistic matching linked recovered shell casings directly to prior armed robbery case files in Bengaluru district.
C5273,2026-07-15,Mandya,Robbery,Raju Gowda,C5257;C5265,Apprehended near Mandya Highway Checkpoint while operating an illicit foundry converting 67 kg of stolen gold bangles into untraceable bullion bars. Financial audit uncovered illicit hawala transfers used to settle cartel accounts across regional checkposts.
C5274,2026-07-16,Mangaluru,Counterfeiting,Srinivas 'Tech',C5250;C5266,Installed deep-insert ATM skimming hardware and pinhole cameras across bank kiosks near Hampankatta Commercial Hub. Captured data of 368 debit cards. Financial audit uncovered illicit hawala transfers used to settle cartel accounts across regional checkposts.
C5275,2026-07-17,Bengaluru,Money Laundering,Chandan Kumar,C5251,Distributed synthetic drug packages to nightlife venues across Indiranagar 100ft Road using encrypted messaging channels. Call detail records confirmed Chandan Kumar was in continuous contact with syndicate kingpin Karan 'Bhai' Sharma during the operation.
C5276,2026-07-18,Ballari,Smuggling,Sekhar,C5236;C5252;C5267,Intercepted transporting 25 tonnes of illegally mined ore with forged transport permits near Hospet Mining Belt. Financial audit uncovered illicit hawala transfers used to settle cartel accounts across regional checkposts.
C5277,2026-07-18,Hassan,Narcotics,Manja 'Blade',C5237;C5245,"Attacked forest patrol officers near Bhadra Wildlife Corridor with sharp weapons, facilitating getaway of a timber truck convoy. Forensic examination of seized burner mobile phones revealed encrypted chat logs discussing stolen contraband movement."
C5278,2026-07-19,Kalaburagi,Robbery,Tariq Anwar,C5238;C5254,Enforced extortion demands on quarry operators near Nipani Border Checkpost using illegal firearms supplied by Subhash Fauji. Ballistic matching linked recovered shell casings directly to prior armed robbery case files in Kalaburagi district.
C5279,2026-07-20,Belagavi,Extortion,Manjunath 'Sunil' Desai,C5255,Instigated market riots in Dharwad Court Road to distract law enforcement during planned burglary operations. Ballistic matching linked recovered shell casings directly to prior armed robbery case files in Belagavi district.
C5280,2026-07-20,Mysuru,Burglary,Syed Ali,C5263;C5264;C5272,Robbed a diamond merchant near Gokulam Residential Area and escaped on modified stolen motorcycles supplied by Syed Ali. Financial audit uncovered illicit hawala transfers used to settle cartel accounts across regional checkposts.
C5281,2026-07-21,Mandya,Burglary,Santhosh 'Oxy',C5241;C5273,Operated a counterfeit currency printing press in Devaraja Urs Road distributing fake Rs 500 notes to finance local robbery getaway vehicles. Forensic examination of seized burner mobile phones revealed encrypted chat logs discussing stolen contraband movement.
C5282,2026-07-22,Mangaluru,Fraud,Sameer 'Sam',C5242,Seized with 421 cloned NFC smart cards and crypto hardware wallets used to move hawala cash across coastal ports. Financial audit uncovered illicit hawala transfers used to settle cartel accounts across regional checkposts.
C5283,2026-07-23,Mysuru,Money Laundering,Karan 'Bhai' Sharma,C5259,Chartered accountant arrested in HSR Layout for incorporating shell entities to absorb illegal narcotics revenues. Financial audit uncovered illicit hawala transfers used to settle cartel accounts across regional checkposts.
C5284,2026-07-23,Ballari,Murder,Reddy 'Dora',C5244;C5252;C5277,Assaulted commercial truck drivers along Toranagallu Highway using iron rods for resisting daily illegal highway tolls. Call detail records confirmed Reddy 'Dora' was in continuous contact with syndicate kingpin Reddy 'Dora' during the operation.
C5285,2026-07-24,Chikkamagaluru,Narcotics,Nagaraj 'Forest',C5253;C5277,Caught smuggling 179 kg of contraband red sanders logs and wildlife skins through Bhadra Wildlife Corridor forest checkpost. Financial audit uncovered illicit hawala transfers used to settle cartel accounts across regional checkposts.
C5286,2026-07-25,Kalaburagi,Dacoity,Sachin Shinde,C5246;C5278,Procured country-made revolvers and carbines across the state border for distribution to urban crime crews. Financial audit uncovered illicit hawala transfers used to settle cartel accounts across regional checkposts.
C5287,2026-07-25,Hubballi,Burglary,Manjunath 'Sunil' Desai,C5271,Fabricated master keys and safe-cracking tools used in commercial burglaries across Dharwad Court Road. Call detail records confirmed Manjunath 'Sunil' Desai was in continuous contact with syndicate kingpin Santosh Patil during the operation.
C5288,2026-07-26,Mandya,Robbery,Syed Ali,C5248;C5279,Operated a clandestine chop-shop in Peenya Industrial Area altering engine numbers of stolen trucks to evade police checkpoints. Call detail records confirmed Syed Ali was in continuous contact with syndicate kingpin Syed Ali during the operation.
C5289,2026-07-27,Mysuru,Counterfeiting,Santhosh 'Oxy',C5257,Operated a counterfeit currency printing press in Devaraja Urs Road distributing fake Rs 500 notes to finance local robbery getaway vehicles. Call detail records confirmed Santhosh 'Oxy' was in continuous contact with syndicate kingpin Raju Gowda during the operation.
C5290,2026-07-28,Mangaluru,Counterfeiting,Devdas Kamath,C5258;C5282,Seized with 137 cloned NFC smart cards and crypto hardware wallets used to move hawala cash across coastal ports. Financial audit uncovered illicit hawala transfers used to settle cartel accounts across regional checkposts.
C5291,2026-07-28,Bengaluru,Narcotics,Ayesha 'Queen',C5251,Chartered accountant arrested in HSR Layout for incorporating shell entities to absorb illegal narcotics revenues. Ballistic matching linked recovered shell casings directly to prior armed robbery case files in Bengaluru district.
C5292,2026-07-29,Ballari,Smuggling,Yellappa,C5268;C5284,Extorted protection fees from iron ore mining fleet operators along Toranagallu Highway under threat of armed violence. Call detail records confirmed Yellappa was in continuous contact with syndicate kingpin Reddy 'Dora' during the operation.
C5293,2026-07-30,Shivamogga,Smuggling,Gajendra,C5269;C5270;C5277,Stole off-road tractors and winches from tea estates near Sakleshpur Timber Depot to haul felled timber through rough terrain. Call detail records confirmed Gajendra was in continuous contact with syndicate kingpin Nagaraj 'Forest' during the operation.
C5294,2026-07-30,Vijayapura,Dacoity,Ganesh 'Gunner',C5278,Procured country-made revolvers and carbines across the state border for distribution to urban crime crews. Financial audit uncovered illicit hawala transfers used to settle cartel accounts across regional checkposts.
C5295,2026-07-31,Belagavi,Rioting,Prakash Jhadav,C5271;C5287,Midnight bank robbery at a cooperative branch in Dharwad Court Road. Bypassed security alarms and drilled vault door. CCTV camera feeds near Dharwad Court Road captured Prakash Jhadav coordinating escape routes with co-accused operatives.
C5296,2026-08-01,Bengaluru,Robbery,Syed Ali,C5256;C5280,Robbed a diamond merchant near Jayalakshmipuram Ring Road and escaped on modified stolen motorcycles supplied by Syed Ali. Call detail records confirmed Syed Ali was in continuous contact with syndicate kingpin Syed Ali during the operation.
C5297,2026-08-02,Hassan,Arson,Anand Verma,C5281;C5288,Armed crew raided a commercial jewelry vault on Vijayanagar Industrial Area at 02:30 AM using high-pressure oxy-acetylene torches. Stole 46 kg of gold ingots and escaped in a black SUV. Financial audit uncovered illicit hawala transfers used to settle cartel accounts across regional checkposts.
C5298,2026-08-02,Mangaluru,Cybercrime,Srinivas 'Tech',C5282,Installed deep-insert ATM skimming hardware and pinhole cameras across bank kiosks near Manipal University Road. Captured data of 47 debit cards. Call detail records confirmed Srinivas 'Tech' was in continuous contact with syndicate kingpin Zaid Khan during the operation.
C5299,2026-08-03,Bengaluru,Money Laundering,Siddharth Mehta,C5267;C5275,Chartered accountant arrested in Indiranagar 100ft Road for incorporating shell entities to absorb illegal narcotics revenues. Ballistic matching linked recovered shell casings directly to prior armed robbery case files in Bengaluru district.
C5300,2026-08-04,Ballari,Murder,Giddaiah,C5268;C5292,Targeted shooting of a transport contractor near Hospet Mining Belt to maintain monopoly over mining logistics lines. CCTV camera feeds near Hospet Mining Belt captured Giddaiah coordinating escape routes with co-accused operatives.
C5301,2026-08-05,Shivamogga,Smuggling,Lokesh,C5269;C5277,"Attacked forest patrol officers near Bhadra Wildlife Corridor with sharp weapons, facilitating getaway of a timber truck convoy. CCTV camera feeds near Bhadra Wildlife Corridor captured Lokesh coordinating escape routes with co-accused operatives."
C5302,2026-08-05,Vijayapura,Dacoity,Bhimrao,C5262,"Highway robbery of a cash transit van on NH-4 Highway Belt using illicit firearms, looting Rs 112 Lakhs. Call detail records confirmed Bhimrao was in continuous contact with syndicate kingpin Tariq Anwar during the operation."
C5303,2026-08-06,Belagavi,Fraud,Prakash Jhadav,C5295;C5296,Instigated market riots in Vidyanagar Bank Circle to distract law enforcement during planned burglary operations. Forensic examination of seized burner mobile phones revealed encrypted chat logs discussing stolen contraband movement.
C5304,2026-08-07,Mysuru,Assault,Imran 'Bike',C5272;C5296,Engaged in a violent street clash near Gokulam Residential Area with rival vehicle thieves to control regional chop-shop operations. Forensic examination of seized burner mobile phones revealed encrypted chat logs discussing stolen contraband movement.
C5305,2026-08-07,Mysuru,Counterfeiting,Anand Verma,C5289;C5290,Operated a counterfeit currency printing press in Mandya Highway Checkpoint distributing fake Rs 500 notes to finance local robbery getaway vehicles. CCTV camera feeds near Mandya Highway Checkpoint captured Anand Verma coordinating escape routes with co-accused operatives.
C5306,2026-08-08,Hubballi,Money Laundering,Srinivas 'Tech',C5282;C5290,Laundered Rs 167 Lakhs derived from online investment scams through a network of mule bank accounts registered in Bunder Port Road. CCTV camera feeds near Bunder Port Road captured Srinivas 'Tech' coordinating escape routes with co-accused operatives.
C5307,2026-08-09,Mysuru,Narcotics,Naveen Raj,C5275;C5291;C5300,Coordinated phishing SMS campaigns targeting net banking users. Channeled proceeds into dark web crypto wallets managed by Karan Sharma. CCTV camera feeds near HSR Layout captured Naveen Raj coordinating escape routes with co-accused operatives.
C5308,2026-08-10,Raichur,Smuggling,Kondaiah,C5268;C5276;C5307,Targeted shooting of a transport contractor near Sandur Quarry Road to maintain monopoly over mining logistics lines. Forensic examination of seized burner mobile phones revealed encrypted chat logs discussing stolen contraband movement.
C5309,2026-08-10,Chikkamagaluru,Assault,Nagaraj 'Forest',C5277;C5293,Cultivated illegal cannabis plantations spanning 373 acres inside dense forest reserves near Agumbe Forest Reserve. Ballistic matching linked recovered shell casings directly to prior armed robbery case files in Chikkamagaluru district.
C5310,2026-08-11,Vijayapura,Dacoity,Ganesh 'Gunner',C5286;C5293,Intercepted at Vijayapura City Outskirts border checkpost carrying 31 illegal semi-automatic pistols and ammunition. CCTV camera feeds near Vijayapura City Outskirts captured Ganesh 'Gunner' coordinating escape routes with co-accused operatives.
C5311,2026-08-12,Belagavi,Extortion,Santosh Patil,C5295;C5303;C5304,Extorted Rs 40 Lakhs from a commercial trader in Vidyanagar Bank Circle under threat of arson against shop premises. Call detail records confirmed Santosh Patil was in continuous contact with syndicate kingpin Santosh Patil during the operation.
C5312,2026-08-12,Bengaluru,Assault,Prashanth 'Pachhi',C5272,Stole luxury SUVs and motorcycles from residential parking lots across Jayalakshmipuram Ring Road for use as robbery getaway vehicles. Ballistic matching linked recovered shell casings directly to prior armed robbery case files in Bengaluru district.
C5313,2026-08-13,Mandya,Counterfeiting,Gowrish,C5297,Apprehended near Vijayanagar Industrial Area while operating an illicit foundry converting 126 kg of stolen gold bangles into untraceable bullion bars. Financial audit uncovered illicit hawala transfers used to settle cartel accounts across regional checkposts.
C5314,2026-08-14,Mangaluru,Cybercrime,Rohan D'Souza,C5298;C5306,Installed deep-insert ATM skimming hardware and pinhole cameras across bank kiosks near Malpe Harbor. Captured data of 284 debit cards. Call detail records confirmed Rohan D'Souza was in continuous contact with syndicate kingpin Zaid Khan during the operation.
C5315,2026-08-15,Tumakuru,Arms Trafficking,Naveen Raj,C5283;C5291,Distributed synthetic drug packages to nightlife venues across Koramangala 4th Block using encrypted messaging channels. Ballistic matching linked recovered shell casings directly to prior armed robbery case files in Tumakuru district.
C5316,2026-08-15,Koppal,Assault,Kondaiah,C5300,Assaulted commercial truck drivers along Sandur Quarry Road using iron rods for resisting daily illegal highway tolls. Call detail records confirmed Kondaiah was in continuous contact with syndicate kingpin Reddy 'Dora' during the operation.
C5317,2026-08-16,Shivamogga,Assault,Lokesh,C5294;C5309,"Attacked forest patrol officers near Agumbe Forest Reserve with sharp weapons, facilitating getaway of a timber truck convoy. Ballistic matching linked recovered shell casings directly to prior armed robbery case files in Shivamogga district."
C5318,2026-08-17,Vijayapura,Rioting,Subhash 'Fauji',C5278;C5294,"Highway robbery of a cash transit van on Shahapur Quarry Area using illicit firearms, looting Rs 87 Lakhs. Call detail records confirmed Subhash 'Fauji' was in continuous contact with syndicate kingpin Tariq Anwar during the operation."
C5319,2026-08-17,Dharwad,Fraud,Laxman 'Laxi',C5287;C5302,Midnight bank robbery at a cooperative branch in Gokul Road Industrial Area. Bypassed security alarms and drilled vault door. Call detail records confirmed Laxman 'Laxi' was in continuous contact with syndicate kingpin Santosh Patil during the operation.
C5320,2026-08-18,Mysuru,Burglary,Muralidhar,C5296;C5304,Stole luxury SUVs and motorcycles from residential parking lots across Gokulam Residential Area for use as robbery getaway vehicles. CCTV camera feeds near Gokulam Residential Area captured Muralidhar coordinating escape routes with co-accused operatives.
C5321,2026-08-19,Hassan,Burglary,Gowrish,C5297,Operated a counterfeit currency printing press in Saraswathipuram distributing fake Rs 500 notes to finance local robbery getaway vehicles. Call detail records confirmed Gowrish was in continuous contact with syndicate kingpin Raju Gowda during the operation.
C5322,2026-08-20,Mangaluru,Counterfeiting,Zaid Khan,C5314,Operated an illegal SIM-box gateway in Manipal University Road routing international phishing calls to mask syndicate cyber extortion communications. Financial audit uncovered illicit hawala transfers used to settle cartel accounts across regional checkposts.
C5323,2026-08-20,Mysuru,Narcotics,Karan 'Bhai' Sharma,C5291;C5306;C5315,Chartered accountant arrested in Electronic City Phase 2 for incorporating shell entities to absorb illegal narcotics revenues. Financial audit uncovered illicit hawala transfers used to settle cartel accounts across regional checkposts.
C5324,2026-08-21,Koppal,Extortion,Veerabhadraappa,C5292;C5308;C5323,Assaulted commercial truck drivers along Ballari APMC Yard using iron rods for resisting daily illegal highway tolls. Ballistic matching linked recovered shell casings directly to prior armed robbery case files in Koppal district.
C5325,2026-08-22,Chikkamagaluru,Vehicle Theft,Manja 'Blade',C5301;C5309,"Attacked forest patrol officers near Sakleshpur Timber Depot with sharp weapons, facilitating getaway of a timber truck convoy. Call detail records confirmed Manja 'Blade' was in continuous contact with syndicate kingpin Nagaraj 'Forest' during the operation."
C5326,2026-08-23,Vijayapura,Robbery,Suresh Kumar,C5286;C5302,Intercepted at Vijayapura City Outskirts border checkpost carrying 462 illegal semi-automatic pistols and ammunition. Forensic examination of seized burner mobile phones revealed encrypted chat logs discussing stolen contraband movement.
C5327,2026-08-23,Dharwad,Rioting,Prakash Jhadav,C5311;C5319;C5320,Instigated market riots in Hubballi APMC Market to distract law enforcement during planned burglary operations. Financial audit uncovered illicit hawala transfers used to settle cartel accounts across regional checkposts.
C5328,2026-08-24,Mysuru,Robbery,Imran 'Bike',C5304,Engaged in a violent street clash near Peenya Industrial Area with rival vehicle thieves to control regional chop-shop operations. Forensic examination of seized burner mobile phones revealed encrypted chat logs discussing stolen contraband movement.
C5329,2026-08-25,Mysuru,Burglary,Balu 'Cheetah',C5297,Apprehended near Devaraja Urs Road while operating an illicit foundry converting 171 kg of stolen gold bangles into untraceable bullion bars. Ballistic matching linked recovered shell casings directly to prior armed robbery case files in Mysuru district.
C5330,2026-08-25,Udupi,Counterfeiting,Devdas Kamath,C5298;C5322,Operated an illegal SIM-box gateway in Bunder Port Road routing international phishing calls to mask syndicate cyber extortion communications. Forensic examination of seized burner mobile phones revealed encrypted chat logs discussing stolen contraband movement.
C5331,2026-08-26,Bengaluru,Cybercrime,Naveen Raj,C5323,Chartered accountant arrested in Indiranagar 100ft Road for incorporating shell entities to absorb illegal narcotics revenues. CCTV camera feeds near Indiranagar 100ft Road captured Naveen Raj coordinating escape routes with co-accused operatives.
C5332,2026-08-27,Koppal,Assault,Giddaiah,C5292;C5316,Intercepted transporting 169 tonnes of illegally mined ore with forged transport permits near Hospet Mining Belt. Financial audit uncovered illicit hawala transfers used to settle cartel accounts across regional checkposts.
C5333,2026-08-28,Chikkamagaluru,Narcotics,Narasimha,C5309;C5325,Stole off-road tractors and winches from tea estates near Mudigere Border to haul felled timber through rough terrain. CCTV camera feeds near Mudigere Border captured Narasimha coordinating escape routes with co-accused operatives.
C5334,2026-08-28,Vijayapura,Rioting,Ganesh 'Gunner',C5318,"Highway robbery of a cash transit van on NH-4 Highway Belt using illicit firearms, looting Rs 154 Lakhs. Forensic examination of seized burner mobile phones revealed encrypted chat logs discussing stolen contraband movement."
C5335,2026-08-29,Dharwad,Fraud,Vinay 'Vinu',C5303;C5311;C5328,Instigated market riots in Gokul Road Industrial Area to distract law enforcement during planned burglary operations. Ballistic matching linked recovered shell casings directly to prior armed robbery case files in Dharwad district.
C5336,2026-08-30,Bengaluru,Vehicle Theft,Imran 'Bike',C5312,Operated a clandestine chop-shop in Jayalakshmipuram Ring Road altering engine numbers of stolen trucks to evade police checkpoints. Forensic examination of seized burner mobile phones revealed encrypted chat logs discussing stolen contraband movement.
C5337,2026-08-30,Mysuru,Burglary,Raju Gowda,C5329,Armed crew raided a commercial jewelry vault on Devaraja Urs Road at 02:30 AM using high-pressure oxy-acetylene torches. Stole 66 kg of gold ingots and escaped in a black SUV. Forensic examination of seized burner mobile phones revealed encrypted chat logs discussing stolen contraband movement.
C5338,2026-08-31,Hubballi,Counterfeiting,Rohan D'Souza,C5314;C5322,Operated an illegal SIM-box gateway in Manipal University Road routing international phishing calls to mask syndicate cyber extortion communications. Ballistic matching linked recovered shell casings directly to prior armed robbery case files in Hubballi district.
C5339,2026-09-01,Mysuru,Money Laundering,Karan 'Bhai' Sharma,C5307;C5315,Intercepted on Electronic City Phase 2 transporting 179 kg of synthetic MDMA crystals hidden inside modified speaker enclosures of a cargo van. Forensic examination of seized burner mobile phones revealed encrypted chat logs discussing stolen contraband movement.
C5340,2026-09-02,Raichur,Extortion,Veerabhadraappa,C5308;C5317,Assaulted commercial truck drivers along Toranagallu Highway using iron rods for resisting daily illegal highway tolls. CCTV camera feeds near Toranagallu Highway captured Veerabhadraappa coordinating escape routes with co-accused operatives.
C5341,2026-09-02,Shivamogga,Vehicle Theft,Nagaraj 'Forest',C5325,Stole off-road tractors and winches from tea estates near Bhadra Wildlife Corridor to haul felled timber through rough terrain. Forensic examination of seized burner mobile phones revealed encrypted chat logs discussing stolen contraband movement.
C5342,2026-09-03,Belagavi,Rioting,Subhash 'Fauji',C5334;C5341,Procured country-made revolvers and carbines across the state border for distribution to urban crime crews. CCTV camera feeds near Nipani Border Checkpost captured Subhash 'Fauji' coordinating escape routes with co-accused operatives.
C5343,2026-09-04,Belagavi,Burglary,Laxman 'Laxi',C5327;C5335,Fabricated master keys and safe-cracking tools used in commercial burglaries across Gokul Road Industrial Area. CCTV camera feeds near Gokul Road Industrial Area captured Laxman 'Laxi' coordinating escape routes with co-accused operatives.
C5344,2026-09-04,Bengaluru,Assault,Muralidhar,C5320;C5336,Engaged in a violent street clash near Gokulam Residential Area with rival vehicle thieves to control regional chop-shop operations. Ballistic matching linked recovered shell casings directly to prior armed robbery case files in Bengaluru district.
C5345,2026-09-05,Mandya,Arson,Suresha,C5321;C5337,Armed crew raided a commercial jewelry vault on Saraswathipuram at 02:30 AM using high-pressure oxy-acetylene torches. Stole 145 kg of gold ingots and escaped in a black SUV. Ballistic matching linked recovered shell casings directly to prior armed robbery case files in Mandya district.
C5346,2026-09-06,Hubballi,Fraud,Zaid Khan,C5306;C5314,Seized with 309 cloned NFC smart cards and crypto hardware wallets used to move hawala cash across coastal ports. Forensic examination of seized burner mobile phones revealed encrypted chat logs discussing stolen contraband movement.
C5347,2026-09-07,Mysuru,Narcotics,Naveen Raj,C5339,Distributed synthetic drug packages to nightlife venues across Indiranagar 100ft Road using encrypted messaging channels. Ballistic matching linked recovered shell casings directly to prior armed robbery case files in Mysuru district.
C5348,2026-09-07,Raichur,Extortion,Muni 'Rowdy',C5324;C5347,Targeted shooting of a transport contractor near Sandur Quarry Road to maintain monopoly over mining logistics lines. Financial audit uncovered illicit hawala transfers used to settle cartel accounts across regional checkposts.
C5349,2026-09-08,Shivamogga,Narcotics,Harish 'Ganja',C5333,Stole off-road tractors and winches from tea estates near Agumbe Forest Reserve to haul felled timber through rough terrain. Forensic examination of seized burner mobile phones revealed encrypted chat logs discussing stolen contraband movement.
C5350,2026-09-09,Vijayapura,Dacoity,Sachin Shinde,C5310,"Highway robbery of a cash transit van on Nipani Border Checkpost using illicit firearms, looting Rs 16 Lakhs. Forensic examination of seized burner mobile phones revealed encrypted chat logs discussing stolen contraband movement."
C5351,2026-09-10,Hubballi,Extortion,Ashok 'Auto' Mani,C5343,Midnight bank robbery at a cooperative branch in Dharwad Court Road. Bypassed security alarms and drilled vault door. Call detail records confirmed Ashok 'Auto' Mani was in continuous contact with syndicate kingpin Santosh Patil during the operation.
C5352,2026-09-10,Mysuru,Assault,Imran 'Bike',C5320;C5336,Stole luxury SUVs and motorcycles from residential parking lots across Peenya Industrial Area for use as robbery getaway vehicles. CCTV camera feeds near Peenya Industrial Area captured Imran 'Bike' coordinating escape routes with co-accused operatives.
C5353,2026-09-11,Mandya,Arson,Gowrish,C5313;C5321;C5344,Armed crew raided a commercial jewelry vault on Vijayanagar Industrial Area at 02:30 AM using high-pressure oxy-acetylene torches. Stole 34 kg of gold ingots and escaped in a black SUV. Financial audit uncovered illicit hawala transfers used to settle cartel accounts across regional checkposts.
C5354,2026-09-12,Udupi,Money Laundering,Sameer 'Sam',C5314;C5346,Operated an illegal SIM-box gateway in Manipal University Road routing international phishing calls to mask syndicate cyber extortion communications. Financial audit uncovered illicit hawala transfers used to settle cartel accounts across regional checkposts.
C5355,2026-09-12,Mysuru,Narcotics,Naveen Raj,C5323;C5338;C5339,Intercepted on HSR Layout transporting 78 kg of synthetic MDMA crystals hidden inside modified speaker enclosures of a cargo van. Call detail records confirmed Naveen Raj was in continuous contact with syndicate kingpin Karan 'Bhai' Sharma during the operation.
C5356,2026-09-13,Ballari,Murder,Giddaiah,C5316;C5340,Extorted protection fees from iron ore mining fleet operators along Hospet Mining Belt under threat of armed violence. Ballistic matching linked recovered shell casings directly to prior armed robbery case files in Ballari district.
C5357,2026-09-14,Hassan,Vehicle Theft,Manja 'Blade',C5333;C5334,Stole off-road tractors and winches from tea estates near Bhadra Wildlife Corridor to haul felled timber through rough terrain. Call detail records confirmed Manja 'Blade' was in continuous contact with syndicate kingpin Nagaraj 'Forest' during the operation.
C5358,2026-09-15,Belagavi,Dacoity,Suresh Kumar,C5318,Intercepted at NH-4 Highway Belt border checkpost carrying 410 illegal semi-automatic pistols and ammunition. Ballistic matching linked recovered shell casings directly to prior armed robbery case files in Belagavi district.
C5359,2026-09-15,Dharwad,Fraud,Laxman 'Laxi',C5319,Fabricated master keys and safe-cracking tools used in commercial burglaries across Dharwad Court Road. Ballistic matching linked recovered shell casings directly to prior armed robbery case files in Dharwad district.
C5360,2026-09-16,Mandya,Robbery,Farhan 'Auto',C5328;C5336,Engaged in a violent street clash near Saraswathipuram with rival vehicle thieves to control regional chop-shop operations. Ballistic matching linked recovered shell casings directly to prior armed robbery case files in Mandya district.
C5361,2026-09-17,Mysuru,Counterfeiting,Santhosh 'Oxy',C5353,Set fire to a retail warehouse on Vijayanagar Industrial Area after the proprietor refused extortion demands issued by Raju Gowda. Financial audit uncovered illicit hawala transfers used to settle cartel accounts across regional checkposts.
C5362,2026-09-17,Hubballi,Money Laundering,Sameer 'Sam',C5339;C5346,Operated an illegal SIM-box gateway in Hampankatta Commercial Hub routing international phishing calls to mask syndicate cyber extortion communications. Forensic examination of seized burner mobile phones revealed encrypted chat logs discussing stolen contraband movement.
C5363,2026-09-18,Mysuru,Arms Trafficking,Pooja Hegde,C5339,Distributed synthetic drug packages to nightlife venues across HSR Layout using encrypted messaging channels. Call detail records confirmed Pooja Hegde was in continuous contact with syndicate kingpin Karan 'Bhai' Sharma during the operation.
C5364,2026-09-19,Raichur,Assault,Sekhar,C5347;C5356,Extorted protection fees from iron ore mining fleet operators along Hospet Mining Belt under threat of armed violence. Forensic examination of seized burner mobile phones revealed encrypted chat logs discussing stolen contraband movement.
C5365,2026-09-20,Chikkamagaluru,Narcotics,Gajendra,C5325;C5349,Caught smuggling 180 kg of contraband red sanders logs and wildlife skins through Bhadra Wildlife Corridor forest checkpost. Financial audit uncovered illicit hawala transfers used to settle cartel accounts across regional checkposts.
C5366,2026-09-20,Kalaburagi,Robbery,Suresh Kumar,C5350;C5357,Procured country-made revolvers and carbines across the state border for distribution to urban crime crews. Call detail records confirmed Suresh Kumar was in continuous contact with syndicate kingpin Tariq Anwar during the operation.
C5367,2026-09-21,Dharwad,Extortion,Prakash Jhadav,C5359,Instigated market riots in Hubballi APMC Market to distract law enforcement during planned burglary operations. Call detail records confirmed Prakash Jhadav was in continuous contact with syndicate kingpin Santosh Patil during the operation.
C5368,2026-09-22,Mandya,Vehicle Theft,Muralidhar,C5328,Operated a clandestine chop-shop in Saraswathipuram altering engine numbers of stolen trucks to evade police checkpoints. CCTV camera feeds near Saraswathipuram captured Muralidhar coordinating escape routes with co-accused operatives.
C5369,2026-09-22,Mandya,Robbery,Anand Verma,C5345;C5361,Set fire to a retail warehouse on Devaraja Urs Road after the proprietor refused extortion demands issued by Raju Gowda. Financial audit uncovered illicit hawala transfers used to settle cartel accounts across regional checkposts.
C5370,2026-09-23,Hubballi,Cybercrime,Sameer 'Sam',C5338;C5346,Laundered Rs 82 Lakhs derived from online investment scams through a network of mule bank accounts registered in Malpe Harbor. Forensic examination of seized burner mobile phones revealed encrypted chat logs discussing stolen contraband movement.
C5371,2026-09-24,Mysuru,Narcotics,Chandan Kumar,C5347;C5348;C5363,Intercepted on Indiranagar 100ft Road transporting 12 kg of synthetic MDMA crystals hidden inside modified speaker enclosures of a cargo van. Call detail records confirmed Chandan Kumar was in continuous contact with syndicate kingpin Karan 'Bhai' Sharma during the operation.
C5372,2026-09-25,Koppal,Assault,Reddy 'Dora',C5340,Assaulted commercial truck drivers along Hospet Mining Belt using iron rods for resisting daily illegal highway tolls. Ballistic matching linked recovered shell casings directly to prior armed robbery case files in Koppal district.
C5373,2026-09-25,Shivamogga,Assault,Basavaraj Naik,C5333;C5341,Stole off-road tractors and winches from tea estates near Sakleshpur Timber Depot to haul felled timber through rough terrain. CCTV camera feeds near Sakleshpur Timber Depot captured Basavaraj Naik coordinating escape routes with co-accused operatives.
C5374,2026-09-26,Vijayapura,Rioting,Tariq Anwar,C5358;C5359,"Highway robbery of a cash transit van on Nipani Border Checkpost using illicit firearms, looting Rs 177 Lakhs. Forensic examination of seized burner mobile phones revealed encrypted chat logs discussing stolen contraband movement."
C5375,2026-09-27,Dharwad,Extortion,Vinay 'Vinu',C5351,Extorted Rs 144 Lakhs from a commercial trader in Gokul Road Industrial Area under threat of arson against shop premises. Ballistic matching linked recovered shell casings directly to prior armed robbery case files in Dharwad district.
C5376,2026-09-28,Mandya,Assault,Farhan 'Auto',C5352,Robbed a diamond merchant near Peenya Industrial Area and escaped on modified stolen motorcycles supplied by Syed Ali. CCTV camera feeds near Peenya Industrial Area captured Farhan 'Auto' coordinating escape routes with co-accused operatives.
C5377,2026-09-28,Mandya,Arson,Santhosh 'Oxy',C5345,Apprehended near Saraswathipuram while operating an illicit foundry converting 68 kg of stolen gold bangles into untraceable bullion bars. Ballistic matching linked recovered shell casings directly to prior armed robbery case files in Mandya district.
C5378,2026-09-29,Hubballi,Money Laundering,Sameer 'Sam',C5346;C5354,Seized with 348 cloned NFC smart cards and crypto hardware wallets used to move hawala cash across coastal ports. Call detail records confirmed Sameer 'Sam' was in continuous contact with syndicate kingpin Zaid Khan during the operation.
C5379,2026-09-30,Bengaluru,Narcotics,Siddharth Mehta,C5339;C5347;C5362,Coordinated phishing SMS campaigns targeting net banking users. Channeled proceeds into dark web crypto wallets managed by Karan Sharma. Call detail records confirmed Siddharth Mehta was in continuous contact with syndicate kingpin Karan 'Bhai' Sharma during the operation.
C5380,2026-09-30,Koppal,Murder,Veerabhadraappa,C5364;C5372,Targeted shooting of a transport contractor near Sandur Quarry Road to maintain monopoly over mining logistics lines. Financial audit uncovered illicit hawala transfers used to settle cartel accounts across regional checkposts.
C5381,2026-10-01,Shivamogga,Smuggling,Manja 'Blade',C5357,Cultivated illegal cannabis plantations spanning 362 acres inside dense forest reserves near Mudigere Border. CCTV camera feeds near Mudigere Border captured Manja 'Blade' coordinating escape routes with co-accused operatives.
C5382,2026-10-02,Kalaburagi,Dacoity,Bhimrao,C5366,Enforced extortion demands on quarry operators near Vijayapura City Outskirts using illegal firearms supplied by Subhash Fauji. CCTV camera feeds near Vijayapura City Outskirts captured Bhimrao coordinating escape routes with co-accused operatives.
C5383,2026-10-03,Hubballi,Extortion,Vinay 'Vinu',C5359;C5367,Instigated market riots in Hubballi APMC Market to distract law enforcement during planned burglary operations. Financial audit uncovered illicit hawala transfers used to settle cartel accounts across regional checkposts.
C5384,2026-10-03,Mysuru,Burglary,Salman,C5344;C5352;C5375,Engaged in a violent street clash near Saraswathipuram with rival vehicle thieves to control regional chop-shop operations. CCTV camera feeds near Saraswathipuram captured Salman coordinating escape routes with co-accused operatives.
C5385,2026-10-04,Hassan,Robbery,Gowrish,C5353,Operated a counterfeit currency printing press in Mandya Highway Checkpoint distributing fake Rs 500 notes to finance local robbery getaway vehicles. Forensic examination of seized burner mobile phones revealed encrypted chat logs discussing stolen contraband movement.
C5386,2026-10-05,Udupi,Fraud,Sameer 'Sam',C5370,Operated an illegal SIM-box gateway in Manipal University Road routing international phishing calls to mask syndicate cyber extortion communications. Call detail records confirmed Sameer 'Sam' was in continuous contact with syndicate kingpin Zaid Khan during the operation.
C5387,2026-10-05,Bengaluru,Cybercrime,Sunny 'DJ',C5355;C5370;C5379,Intercepted on Koramangala 4th Block transporting 76 kg of synthetic MDMA crystals hidden inside modified speaker enclosures of a cargo van. Ballistic matching linked recovered shell casings directly to prior armed robbery case files in Bengaluru district.
C5388,2026-10-06,Koppal,Assault,Veerabhadraappa,C5364;C5380,Extorted protection fees from iron ore mining fleet operators along Toranagallu Highway under threat of armed violence. Call detail records confirmed Veerabhadraappa was in continuous contact with syndicate kingpin Reddy 'Dora' during the operation.
C5389,2026-10-07,Chikkamagaluru,Vehicle Theft,Harish 'Ganja',C5349;C5365,Stole off-road tractors and winches from tea estates near Bhadra Wildlife Corridor to haul felled timber through rough terrain. Financial audit uncovered illicit hawala transfers used to settle cartel accounts across regional checkposts.
C5390,2026-10-08,Vijayapura,Rioting,Subhash 'Fauji',C5350;C5366,"Highway robbery of a cash transit van on Vijayapura City Outskirts using illicit firearms, looting Rs 127 Lakhs. Ballistic matching linked recovered shell casings directly to prior armed robbery case files in Vijayapura district."
C5391,2026-10-08,Belagavi,Extortion,Prakash Jhadav,C5359;C5382,Extorted Rs 95 Lakhs from a commercial trader in Gokul Road Industrial Area under threat of arson against shop premises. Forensic examination of seized burner mobile phones revealed encrypted chat logs discussing stolen contraband movement.
C5392,2026-10-09,Mysuru,Robbery,Farhan 'Auto',C5352;C5384,Operated a clandestine chop-shop in Saraswathipuram altering engine numbers of stolen trucks to evade police checkpoints. Ballistic matching linked recovered shell casings directly to prior armed robbery case files in Mysuru district.
C5393,2026-10-10,Hassan,Counterfeiting,Raju Gowda,C5385,Apprehended near Vijayanagar Industrial Area while operating an illicit foundry converting 46 kg of stolen gold bangles into untraceable bullion bars. CCTV camera feeds near Vijayanagar Industrial Area captured Raju Gowda coordinating escape routes with co-accused operatives.
C5394,2026-10-10,Hubballi,Counterfeiting,Sanath,C5362;C5370,Installed deep-insert ATM skimming hardware and pinhole cameras across bank kiosks near Malpe Harbor. Captured data of 145 debit cards. Forensic examination of seized burner mobile phones revealed encrypted chat logs discussing stolen contraband movement.
C5395,2026-10-11,Bengaluru,Cybercrime,Sunny 'DJ',C5355,Intercepted on Koramangala 4th Block transporting 142 kg of synthetic MDMA crystals hidden inside modified speaker enclosures of a cargo van. Ballistic matching linked recovered shell casings directly to prior armed robbery case files in Bengaluru district.
C5396,2026-10-12,Ballari,Smuggling,Giddaiah,C5364;C5372,Extorted protection fees from iron ore mining fleet operators along Toranagallu Highway under threat of armed violence. Forensic examination of seized burner mobile phones revealed encrypted chat logs discussing stolen contraband movement.
C5397,2026-10-13,Chikkamagaluru,Vehicle Theft,Nagaraj 'Forest',C5357;C5381;C5388,"Attacked forest patrol officers near Agumbe Forest Reserve with sharp weapons, facilitating getaway of a timber truck convoy. Financial audit uncovered illicit hawala transfers used to settle cartel accounts across regional checkposts."
C5398,2026-10-13,Kalaburagi,Rioting,Ganesh 'Gunner',C5390,Intercepted at NH-4 Highway Belt border checkpost carrying 470 illegal semi-automatic pistols and ammunition. Forensic examination of seized burner mobile phones revealed encrypted chat logs discussing stolen contraband movement.
C5399,2026-10-14,Dharwad,Extortion,Santosh Patil,C5391,Fabricated master keys and safe-cracking tools used in commercial burglaries across Gokul Road Industrial Area. CCTV camera feeds near Gokul Road Industrial Area captured Santosh Patil coordinating escape routes with co-accused operatives.
C5400,2026-10-15,Mandya,Vehicle Theft,Muralidhar,C5376;C5384,Stole luxury SUVs and motorcycles from residential parking lots across Saraswathipuram for use as robbery getaway vehicles. Ballistic matching linked recovered shell casings directly to prior armed robbery case files in Mandya district.
C5401,2026-10-16,Mysuru,Burglary,Shiva 'Gas',C5369,Apprehended near Vijayanagar Industrial Area while operating an illicit foundry converting 119 kg of stolen gold bangles into untraceable bullion bars. Call detail records confirmed Shiva 'Gas' was in continuous contact with syndicate kingpin Raju Gowda during the operation.
C5402,2026-10-16,Mangaluru,Money Laundering,Devdas Kamath,C5362,Installed deep-insert ATM skimming hardware and pinhole cameras across bank kiosks near Manipal University Road. Captured data of 433 debit cards. Forensic examination of seized burner mobile phones revealed encrypted chat logs discussing stolen contraband movement.
C5403,2026-10-17,Mysuru,Money Laundering,Pooja Hegde,C5387;C5395,Intercepted on Indiranagar 100ft Road transporting 180 kg of synthetic MDMA crystals hidden inside modified speaker enclosures of a cargo van. Forensic examination of seized burner mobile phones revealed encrypted chat logs discussing stolen contraband movement.
C5404,2026-10-18,Raichur,Smuggling,Muni 'Rowdy',C5364;C5372,Assaulted commercial truck drivers along Ballari APMC Yard using iron rods for resisting daily illegal highway tolls. Financial audit uncovered illicit hawala transfers used to settle cartel accounts across regional checkposts.
C5405,2026-10-18,Shivamogga,Vehicle Theft,Harish 'Ganja',C5365;C5373;C5382,Stole off-road tractors and winches from tea estates near Mudigere Border to haul felled timber through rough terrain. Ballistic matching linked recovered shell casings directly to prior armed robbery case files in Shivamogga district.
C5406,2026-10-19,Belagavi,Dacoity,Bhimrao,C5382,"Highway robbery of a cash transit van on Nipani Border Checkpost using illicit firearms, looting Rs 44 Lakhs. Call detail records confirmed Bhimrao was in continuous contact with syndicate kingpin Tariq Anwar during the operation."
C5407,2026-10-20,Belagavi,Extortion,Santosh Patil,C5383,Instigated market riots in Hubballi APMC Market to distract law enforcement during planned burglary operations. CCTV camera feeds near Hubballi APMC Market captured Santosh Patil coordinating escape routes with co-accused operatives.
C5408,2026-10-21,Mandya,Vehicle Theft,Prashanth 'Pachhi',C5384,Engaged in a violent street clash near Peenya Industrial Area with rival vehicle thieves to control regional chop-shop operations. Call detail records confirmed Prashanth 'Pachhi' was in continuous contact with syndicate kingpin Syed Ali during the operation.
C5409,2026-10-21,Mysuru,Counterfeiting,Shiva 'Gas',C5385,Operated a counterfeit currency printing press in Saraswathipuram distributing fake Rs 500 notes to finance local robbery getaway vehicles. Forensic examination of seized burner mobile phones revealed encrypted chat logs discussing stolen contraband movement.
C5410,2026-10-22,Hubballi,Money Laundering,Rohan D'Souza,C5378;C5386;C5393,Laundered Rs 150 Lakhs derived from online investment scams through a network of mule bank accounts registered in Hampankatta Commercial Hub. Forensic examination of seized burner mobile phones revealed encrypted chat logs discussing stolen contraband movement.
C5411,2026-10-23,Mysuru,Narcotics,Karan 'Bhai' Sharma,C5387,Coordinated phishing SMS campaigns targeting net banking users. Channeled proceeds into dark web crypto wallets managed by Karan Sharma. Financial audit uncovered illicit hawala transfers used to settle cartel accounts across regional checkposts.
C5412,2026-10-23,Ballari,Smuggling,Kondaiah,C5396;C5403;C5404,Intercepted transporting 66 tonnes of illegally mined ore with forged transport permits near Hospet Mining Belt. CCTV camera feeds near Hospet Mining Belt captured Kondaiah coordinating escape routes with co-accused operatives.
C5413,2026-10-24,Hassan,Narcotics,Narasimha,C5389;C5405;C5412,Caught smuggling 92 kg of contraband red sanders logs and wildlife skins through Agumbe Forest Reserve forest checkpost. Call detail records confirmed Narasimha was in continuous contact with syndicate kingpin Nagaraj 'Forest' during the operation.
C5414,2026-10-25,Belagavi,Robbery,Tariq Anwar,C5382;C5397,"Highway robbery of a cash transit van on NH-4 Highway Belt using illicit firearms, looting Rs 97 Lakhs. CCTV camera feeds near NH-4 Highway Belt captured Tariq Anwar coordinating escape routes with co-accused operatives."
C5415,2026-10-26,Dharwad,Extortion,Vinay 'Vinu',C5383;C5398,Midnight bank robbery at a cooperative branch in Vidyanagar Bank Circle. Bypassed security alarms and drilled vault door. CCTV camera feeds near Vidyanagar Bank Circle captured Vinay 'Vinu' coordinating escape routes with co-accused operatives.
C5416,2026-10-26,Bengaluru,Robbery,Salman,C5392,Robbed a diamond merchant near Peenya Industrial Area and escaped on modified stolen motorcycles supplied by Syed Ali. Ballistic matching linked recovered shell casings directly to prior armed robbery case files in Bengaluru district.
C5417,2026-10-27,Mandya,Arson,Raghavendra 'Raghu',C5385,Operated a counterfeit currency printing press in Devaraja Urs Road distributing fake Rs 500 notes to finance local robbery getaway vehicles. Forensic examination of seized burner mobile phones revealed encrypted chat logs discussing stolen contraband movement.
C5418,2026-10-28,Mangaluru,Counterfeiting,Devdas Kamath,C5394;C5402,Seized with 456 cloned NFC smart cards and crypto hardware wallets used to move hawala cash across coastal ports. Financial audit uncovered illicit hawala transfers used to settle cartel accounts across regional checkposts.
C5419,2026-10-28,Mysuru,Money Laundering,Siddharth Mehta,C5379;C5404,Distributed synthetic drug packages to nightlife venues across HSR Layout using encrypted messaging channels. CCTV camera feeds near HSR Layout captured Siddharth Mehta coordinating escape routes with co-accused operatives.
C5420,2026-10-29,Raichur,Extortion,Giddaiah,C5396,Intercepted transporting 44 tonnes of illegally mined ore with forged transport permits near Hospet Mining Belt. Forensic examination of seized burner mobile phones revealed encrypted chat logs discussing stolen contraband movement.
C5421,2026-10-30,Chikkamagaluru,Vehicle Theft,Gajendra,C5389;C5405,Caught smuggling 85 kg of contraband red sanders logs and wildlife skins through Bhadra Wildlife Corridor forest checkpost. Call detail records confirmed Gajendra was in continuous contact with syndicate kingpin Nagaraj 'Forest' during the operation.
C5422,2026-10-31,Belagavi,Dacoity,Suresh Kumar,C5382;C5398,Procured country-made revolvers and carbines across the state border for distribution to urban crime crews. CCTV camera feeds near Nipani Border Checkpost captured Suresh Kumar coordinating escape routes with co-accused operatives.
C5423,2026-10-31,Dharwad,Rioting,Prakash Jhadav,C5399,Instigated market riots in Hubballi APMC Market to distract law enforcement during planned burglary operations. Call detail records confirmed Prakash Jhadav was in continuous contact with syndicate kingpin Santosh Patil during the operation.
C5424,2026-11-01,Bengaluru,Assault,Imran 'Bike',C5416,Robbed a diamond merchant near Gokulam Residential Area and escaped on modified stolen motorcycles supplied by Syed Ali. Ballistic matching linked recovered shell casings directly to prior armed robbery case files in Bengaluru district.
C5425,2026-11-02,Mysuru,Burglary,Raghavendra 'Raghu',C5409;C5424,Set fire to a retail warehouse on Devaraja Urs Road after the proprietor refused extortion demands issued by Raju Gowda. CCTV camera feeds near Devaraja Urs Road captured Raghavendra 'Raghu' coordinating escape routes with co-accused operatives.
C5426,2026-11-03,Hubballi,Money Laundering,Sanath,C5394;C5402;C5403,Installed deep-insert ATM skimming hardware and pinhole cameras across bank kiosks near Manipal University Road. Captured data of 499 debit cards. Forensic examination of seized burner mobile phones revealed encrypted chat logs discussing stolen contraband movement.
C5427,2026-11-03,Tumakuru,Money Laundering,Chandan Kumar,C5411;C5426,Chartered accountant arrested in Electronic City Phase 2 for incorporating shell entities to absorb illegal narcotics revenues. Ballistic matching linked recovered shell casings directly to prior armed robbery case files in Tumakuru district.
C5428,2026-11-04,Raichur,Assault,Sekhar,C5412,Assaulted commercial truck drivers along Toranagallu Highway using iron rods for resisting daily illegal highway tolls. CCTV camera feeds near Toranagallu Highway captured Sekhar coordinating escape routes with co-accused operatives.
C5429,2026-11-05,Shivamogga,Vehicle Theft,Basavaraj Naik,C5413,Cultivated illegal cannabis plantations spanning 298 acres inside dense forest reserves near Agumbe Forest Reserve. Ballistic matching linked recovered shell casings directly to prior armed robbery case files in Shivamogga district.
C5430,2026-11-05,Vijayapura,Rioting,Ganesh 'Gunner',C5406;C5423,Intercepted at Nipani Border Checkpost border checkpost carrying 486 illegal semi-automatic pistols and ammunition. Call detail records confirmed Ganesh 'Gunner' was in continuous contact with syndicate kingpin Tariq Anwar during the operation.
C5431,2026-11-06,Belagavi,Fraud,Prakash Jhadav,C5415;C5423;C5430,Fabricated master keys and safe-cracking tools used in commercial burglaries across Gokul Road Industrial Area. Call detail records confirmed Prakash Jhadav was in continuous contact with syndicate kingpin Santosh Patil during the operation.
C5432,2026-11-07,Bengaluru,Vehicle Theft,Salman,C5392;C5424,Robbed a diamond merchant near Peenya Industrial Area and escaped on modified stolen motorcycles supplied by Syed Ali. Financial audit uncovered illicit hawala transfers used to settle cartel accounts across regional checkposts.
C5433,2026-11-08,Mandya,Robbery,Anand Verma,C5401;C5409;C5410,Apprehended near Vijayanagar Industrial Area while operating an illicit foundry converting 91 kg of stolen gold bangles into untraceable bullion bars. Forensic examination of seized burner mobile phones revealed encrypted chat logs discussing stolen contraband movement.
C5434,2026-11-08,Hubballi,Fraud,Srinivas 'Tech',C5394;C5426,Laundered Rs 39 Lakhs derived from online investment scams through a network of mule bank accounts registered in Malpe Harbor. Forensic examination of seized burner mobile phones revealed encrypted chat logs discussing stolen contraband movement.
C5435,2026-11-09,Tumakuru,Money Laundering,Chandan Kumar,C5395;C5419,Distributed synthetic drug packages to nightlife venues across Koramangala 4th Block using encrypted messaging channels. Call detail records confirmed Chandan Kumar was in continuous contact with syndicate kingpin Karan 'Bhai' Sharma during the operation.
C5436,2026-11-10,Koppal,Smuggling,Sekhar,C5412;C5419,Intercepted transporting 130 tonnes of illegally mined ore with forged transport permits near Hospet Mining Belt. Financial audit uncovered illicit hawala transfers used to settle cartel accounts across regional checkposts.
C5437,2026-11-10,Chikkamagaluru,Assault,Nagaraj 'Forest',C5405;C5429,Stole off-road tractors and winches from tea estates near Bhadra Wildlife Corridor to haul felled timber through rough terrain. Call detail records confirmed Nagaraj 'Forest' was in continuous contact with syndicate kingpin Nagaraj 'Forest' during the operation.
C5438,2026-11-11,Vijayapura,Rioting,Tariq Anwar,C5398;C5421;C5422,Procured country-made revolvers and carbines across the state border for distribution to urban crime crews. Forensic examination of seized burner mobile phones revealed encrypted chat logs discussing stolen contraband movement.
C5439,2026-11-12,Dharwad,Burglary,Santosh Patil,C5407,Instigated market riots in Vidyanagar Bank Circle to distract law enforcement during planned burglary operations. Forensic examination of seized burner mobile phones revealed encrypted chat logs discussing stolen contraband movement.
C5440,2026-11-13,Bengaluru,Vehicle Theft,Salman,C5400;C5408;C5439,Stole luxury SUVs and motorcycles from residential parking lots across Gokulam Residential Area for use as robbery getaway vehicles. Financial audit uncovered illicit hawala transfers used to settle cartel accounts across regional checkposts.
C5441,2026-11-13,Mysuru,Burglary,Raju Gowda,C5401;C5425;C5426,Apprehended near Saraswathipuram while operating an illicit foundry converting 89 kg of stolen gold bangles into untraceable bullion bars. Ballistic matching linked recovered shell casings directly to prior armed robbery case files in Mysuru district.
C5442,2026-11-14,Mangaluru,Fraud,Sanath,C5410;C5418,Laundered Rs 86 Lakhs derived from online investment scams through a network of mule bank accounts registered in Manipal University Road. Ballistic matching linked recovered shell casings directly to prior armed robbery case files in Mangaluru district.
C5443,2026-11-15,Mysuru,Narcotics,Sunny 'DJ',C5403;C5435,Chartered accountant arrested in Indiranagar 100ft Road for incorporating shell entities to absorb illegal narcotics revenues. Forensic examination of seized burner mobile phones revealed encrypted chat logs discussing stolen contraband movement.
C5444,2026-11-15,Ballari,Smuggling,Sekhar,C5428,Assaulted commercial truck drivers along Toranagallu Highway using iron rods for resisting daily illegal highway tolls. Forensic examination of seized burner mobile phones revealed encrypted chat logs discussing stolen contraband movement.
C5445,2026-11-16,Chikkamagaluru,Smuggling,Manja 'Blade',C5413;C5429,Caught smuggling 23 kg of contraband red sanders logs and wildlife skins through Agumbe Forest Reserve forest checkpost. Forensic examination of seized burner mobile phones revealed encrypted chat logs discussing stolen contraband movement.
C5446,2026-11-17,Kalaburagi,Rioting,Tariq Anwar,C5422;C5438,Intercepted at NH-4 Highway Belt border checkpost carrying 216 illegal semi-automatic pistols and ammunition. Ballistic matching linked recovered shell casings directly to prior armed robbery case files in Kalaburagi district.
C5447,2026-11-18,Dharwad,Extortion,Ashok 'Auto' Mani,C5415;C5423,Extorted Rs 43 Lakhs from a commercial trader in Vidyanagar Bank Circle under threat of arson against shop premises. Ballistic matching linked recovered shell casings directly to prior armed robbery case files in Dharwad district.
C5448,2026-11-18,Bengaluru,Vehicle Theft,Prashanth 'Pachhi',C5424,Engaged in a violent street clash near Peenya Industrial Area with rival vehicle thieves to control regional chop-shop operations. Forensic examination of seized burner mobile phones revealed encrypted chat logs discussing stolen contraband movement.
C5449,2026-11-19,Hassan,Robbery,Santhosh 'Oxy',C5409;C5425,Set fire to a retail warehouse on Vijayanagar Industrial Area after the proprietor refused extortion demands issued by Raju Gowda. CCTV camera feeds near Vijayanagar Industrial Area captured Santhosh 'Oxy' coordinating escape routes with co-accused operatives.
C5450,2026-11-20,Mangaluru,Counterfeiting,Zaid Khan,C5426;C5433,Installed deep-insert ATM skimming hardware and pinhole cameras across bank kiosks near Bunder Port Road. Captured data of 170 debit cards. CCTV camera feeds near Bunder Port Road captured Zaid Khan coordinating escape routes with co-accused operatives.
C5451,2026-11-21,Tumakuru,Arms Trafficking,Pooja Hegde,C5419,Intercepted on Koramangala 4th Block transporting 170 kg of synthetic MDMA crystals hidden inside modified speaker enclosures of a cargo van. Financial audit uncovered illicit hawala transfers used to settle cartel accounts across regional checkposts.
C5452,2026-11-21,Koppal,Assault,Kondaiah,C5444;C5451,Assaulted commercial truck drivers along Ballari APMC Yard using iron rods for resisting daily illegal highway tolls. Forensic examination of seized burner mobile phones revealed encrypted chat logs discussing stolen contraband movement.
C5453,2026-11-22,Hassan,Narcotics,Nagaraj 'Forest',C5429;C5445,Stole off-road tractors and winches from tea estates near Bhadra Wildlife Corridor to haul felled timber through rough terrain. CCTV camera feeds near Bhadra Wildlife Corridor captured Nagaraj 'Forest' coordinating escape routes with co-accused operatives.
C5454,2026-11-23,Belagavi,Robbery,Tariq Anwar,C5422,"Highway robbery of a cash transit van on Vijayapura City Outskirts using illicit firearms, looting Rs 86 Lakhs. Ballistic matching linked recovered shell casings directly to prior armed robbery case files in Belagavi district."
C5455,2026-11-23,Belagavi,Burglary,Laxman 'Laxi',C5423;C5447,Extorted Rs 108 Lakhs from a commercial trader in Gokul Road Industrial Area under threat of arson against shop premises. Call detail records confirmed Laxman 'Laxi' was in continuous contact with syndicate kingpin Santosh Patil during the operation.
C5456,2026-11-24,Mysuru,Vehicle Theft,Imran 'Bike',C5416;C5424,Robbed a diamond merchant near Jayalakshmipuram Ring Road and escaped on modified stolen motorcycles supplied by Syed Ali. CCTV camera feeds near Jayalakshmipuram Ring Road captured Imran 'Bike' coordinating escape routes with co-accused operatives.
C5457,2026-11-25,Mysuru,Burglary,Suresha,C5433;C5449,Set fire to a retail warehouse on Saraswathipuram after the proprietor refused extortion demands issued by Raju Gowda. Forensic examination of seized burner mobile phones revealed encrypted chat logs discussing stolen contraband movement.
C5458,2026-11-26,Mangaluru,Money Laundering,Zaid Khan,C5434;C5449,Installed deep-insert ATM skimming hardware and pinhole cameras across bank kiosks near Bunder Port Road. Captured data of 108 debit cards. Financial audit uncovered illicit hawala transfers used to settle cartel accounts across regional checkposts.
C5459,2026-11-26,Bengaluru,Arms Trafficking,Ayesha 'Queen',C5435;C5436,Distributed synthetic drug packages to nightlife venues across Electronic City Phase 2 using encrypted messaging channels. Financial audit uncovered illicit hawala transfers used to settle cartel accounts across regional checkposts.
C5460,2026-11-27,Raichur,Murder,Yellappa,C5436;C5451,Assaulted commercial truck drivers along Hospet Mining Belt using iron rods for resisting daily illegal highway tolls. Call detail records confirmed Yellappa was in continuous contact with syndicate kingpin Reddy 'Dora' during the operation.
C5461,2026-11-28,Chikkamagaluru,Narcotics,Basavaraj Naik,C5453,Cultivated illegal cannabis plantations spanning 253 acres inside dense forest reserves near Agumbe Forest Reserve. Forensic examination of seized burner mobile phones revealed encrypted chat logs discussing stolen contraband movement.
C5462,2026-11-28,Kalaburagi,Dacoity,Ganesh 'Gunner',C5422;C5439,Intercepted at Vijayapura City Outskirts border checkpost carrying 49 illegal semi-automatic pistols and ammunition. Forensic examination of seized burner mobile phones revealed encrypted chat logs discussing stolen contraband movement.
C5463,2026-11-29,Belagavi,Rioting,Prakash Jhadav,C5439;C5440;C5447,Fabricated master keys and safe-cracking tools used in commercial burglaries across Vidyanagar Bank Circle. Forensic examination of seized burner mobile phones revealed encrypted chat logs discussing stolen contraband movement.
C5464,2026-11-30,Bengaluru,Robbery,Imran 'Bike',C5424,Stole luxury SUVs and motorcycles from residential parking lots across Saraswathipuram for use as robbery getaway vehicles. Ballistic matching linked recovered shell casings directly to prior armed robbery case files in Bengaluru district.
C5465,2026-12-01,Mysuru,Counterfeiting,Raghavendra 'Raghu',C5449;C5456,Apprehended near Mandya Highway Checkpoint while operating an illicit foundry converting 61 kg of stolen gold bangles into untraceable bullion bars. Financial audit uncovered illicit hawala transfers used to settle cartel accounts across regional checkposts.
C5466,2026-12-01,Mangaluru,Cybercrime,Srinivas 'Tech',C5426;C5450;C5459,Operated an illegal SIM-box gateway in Bunder Port Road routing international phishing calls to mask syndicate cyber extortion communications. CCTV camera feeds near Bunder Port Road captured Srinivas 'Tech' coordinating escape routes with co-accused operatives.
C5467,2026-12-02,Tumakuru,Arms Trafficking,Siddharth Mehta,C5435,Coordinated phishing SMS campaigns targeting net banking users. Channeled proceeds into dark web crypto wallets managed by Karan Sharma. Ballistic matching linked recovered shell casings directly to prior armed robbery case files in Tumakuru district.
C5468,2026-12-03,Raichur,Extortion,Reddy 'Dora',C5452,Extorted protection fees from iron ore mining fleet operators along Sandur Quarry Road under threat of armed violence. CCTV camera feeds near Sandur Quarry Road captured Reddy 'Dora' coordinating escape routes with co-accused operatives.
C5469,2026-12-03,Shivamogga,Narcotics,Basavaraj Naik,C5429,Cultivated illegal cannabis plantations spanning 156 acres inside dense forest reserves near Mudigere Border. Financial audit uncovered illicit hawala transfers used to settle cartel accounts across regional checkposts.
C5470,2026-12-04,Vijayapura,Dacoity,Bhimrao,C5438;C5454,Intercepted at Vijayapura City Outskirts border checkpost carrying 64 illegal semi-automatic pistols and ammunition. CCTV camera feeds near Vijayapura City Outskirts captured Bhimrao coordinating escape routes with co-accused operatives.
C5471,2026-12-05,Hubballi,Burglary,Laxman 'Laxi',C5431;C5448;C5463,Extorted Rs 142 Lakhs from a commercial trader in Dharwad Court Road under threat of arson against shop premises. Ballistic matching linked recovered shell casings directly to prior armed robbery case files in Hubballi district.
C5472,2026-12-06,Mysuru,Vehicle Theft,Prashanth 'Pachhi',C5440;C5448,Stole luxury SUVs and motorcycles from residential parking lots across Peenya Industrial Area for use as robbery getaway vehicles. CCTV camera feeds near Peenya Industrial Area captured Prashanth 'Pachhi' coordinating escape routes with co-accused operatives.
C5473,2026-12-06,Mysuru,Counterfeiting,Raju Gowda,C5433;C5441,Armed crew raided a commercial jewelry vault on Devaraja Urs Road at 02:30 AM using high-pressure oxy-acetylene torches. Stole 93 kg of gold ingots and escaped in a black SUV. Financial audit uncovered illicit hawala transfers used to settle cartel accounts across regional checkposts.
C5474,2026-12-07,Hubballi,Money Laundering,Devdas Kamath,C5450,Installed deep-insert ATM skimming hardware and pinhole cameras across bank kiosks near Manipal University Road. Captured data of 112 debit cards. Call detail records confirmed Devdas Kamath was in continuous contact with syndicate kingpin Zaid Khan during the operation.
C5475,2026-12-08,Bengaluru,Cybercrime,Siddharth Mehta,C5435;C5467,Coordinated phishing SMS campaigns targeting net banking users. Channeled proceeds into dark web crypto wallets managed by Karan Sharma. Financial audit uncovered illicit hawala transfers used to settle cartel accounts across regional checkposts.
C5476,2026-12-09,Koppal,Extortion,Kondaiah,C5468,Extorted protection fees from iron ore mining fleet operators along Hospet Mining Belt under threat of armed violence. Financial audit uncovered illicit hawala transfers used to settle cartel accounts across regional checkposts.
C5477,2026-12-09,Hassan,Narcotics,Harish 'Ganja',C5437;C5469,"Attacked forest patrol officers near Sakleshpur Timber Depot with sharp weapons, facilitating getaway of a timber truck convoy. Forensic examination of seized burner mobile phones revealed encrypted chat logs discussing stolen contraband movement."
C5478,2026-12-10,Kalaburagi,Rioting,Ganesh 'Gunner',C5438,Intercepted at Nipani Border Checkpost border checkpost carrying 302 illegal semi-automatic pistols and ammunition. CCTV camera feeds near Nipani Border Checkpost captured Ganesh 'Gunner' coordinating escape routes with co-accused operatives.
C5479,2026-12-11,Belagavi,Extortion,Vinay 'Vinu',C5439;C5462,Extorted Rs 144 Lakhs from a commercial trader in Hubballi APMC Market under threat of arson against shop premises. Ballistic matching linked recovered shell casings directly to prior armed robbery case files in Belagavi district.
C5480,2026-12-11,Mandya,Robbery,Salman,C5463;C5472,Operated a clandestine chop-shop in Saraswathipuram altering engine numbers of stolen trucks to evade police checkpoints. Call detail records confirmed Salman was in continuous contact with syndicate kingpin Syed Ali during the operation.
C5481,2026-12-12,Mandya,Burglary,Gowrish,C5473,Set fire to a retail warehouse on Vijayanagar Industrial Area after the proprietor refused extortion demands issued by Raju Gowda. Forensic examination of seized burner mobile phones revealed encrypted chat logs discussing stolen contraband movement.
C5482,2026-12-13,Udupi,Cybercrime,Devdas Kamath,C5458;C5474,Operated an illegal SIM-box gateway in Bunder Port Road routing international phishing calls to mask syndicate cyber extortion communications. Financial audit uncovered illicit hawala transfers used to settle cartel accounts across regional checkposts.
C5483,2026-12-14,Mysuru,Cybercrime,Karan 'Bhai' Sharma,C5443;C5451;C5482,Intercepted on Indiranagar 100ft Road transporting 142 kg of synthetic MDMA crystals hidden inside modified speaker enclosures of a cargo van. Forensic examination of seized burner mobile phones revealed encrypted chat logs discussing stolen contraband movement.
C5484,2026-12-14,Raichur,Extortion,Giddaiah,C5476,Intercepted transporting 156 tonnes of illegally mined ore with forged transport permits near Toranagallu Highway. CCTV camera feeds near Toranagallu Highway captured Giddaiah coordinating escape routes with co-accused operatives.
C5485,2026-12-15,Hassan,Narcotics,Basavaraj Naik,C5453;C5461,Cultivated illegal cannabis plantations spanning 256 acres inside dense forest reserves near Agumbe Forest Reserve. Ballistic matching linked recovered shell casings directly to prior armed robbery case files in Hassan district.
C5486,2026-12-16,Vijayapura,Arms Trafficking,Tariq Anwar,C5454,"Highway robbery of a cash transit van on Shahapur Quarry Area using illicit firearms, looting Rs 148 Lakhs. CCTV camera feeds near Shahapur Quarry Area captured Tariq Anwar coordinating escape routes with co-accused operatives."
C5487,2026-12-16,Hubballi,Burglary,Vinay 'Vinu',C5463,Midnight bank robbery at a cooperative branch in Vidyanagar Bank Circle. Bypassed security alarms and drilled vault door. Forensic examination of seized burner mobile phones revealed encrypted chat logs discussing stolen contraband movement.
C5488,2026-12-17,Mandya,Burglary,Imran 'Bike',C5480,Robbed a diamond merchant near Gokulam Residential Area and escaped on modified stolen motorcycles supplied by Syed Ali. Ballistic matching linked recovered shell casings directly to prior armed robbery case files in Mandya district.
C5489,2026-12-18,Hassan,Counterfeiting,Gowrish,C5473;C5481,Set fire to a retail warehouse on Vijayanagar Industrial Area after the proprietor refused extortion demands issued by Raju Gowda. Ballistic matching linked recovered shell casings directly to prior armed robbery case files in Hassan district.
C5490,2026-12-19,Mangaluru,Money Laundering,Sanath,C5466,Seized with 484 cloned NFC smart cards and crypto hardware wallets used to move hawala cash across coastal ports. Forensic examination of seized burner mobile phones revealed encrypted chat logs discussing stolen contraband movement.
C5491,2026-12-19,Tumakuru,Money Laundering,Karan 'Bhai' Sharma,C5475;C5476,Distributed synthetic drug packages to nightlife venues across Koramangala 4th Block using encrypted messaging channels. Financial audit uncovered illicit hawala transfers used to settle cartel accounts across regional checkposts.
C5492,2026-12-20,Koppal,Assault,Kondaiah,C5460,Targeted shooting of a transport contractor near Toranagallu Highway to maintain monopoly over mining logistics lines. Financial audit uncovered illicit hawala transfers used to settle cartel accounts across regional checkposts.
C5493,2026-12-21,Chikkamagaluru,Narcotics,Gajendra,C5461,"Attacked forest patrol officers near Sakleshpur Timber Depot with sharp weapons, facilitating getaway of a timber truck convoy. Call detail records confirmed Gajendra was in continuous contact with syndicate kingpin Nagaraj 'Forest' during the operation."
C5494,2026-12-21,Belagavi,Arms Trafficking,Suresh Kumar,C5454;C5470,"Highway robbery of a cash transit van on Vijayapura City Outskirts using illicit firearms, looting Rs 67 Lakhs. CCTV camera feeds near Vijayapura City Outskirts captured Suresh Kumar coordinating escape routes with co-accused operatives."
C5495,2026-12-22,Dharwad,Rioting,Vinay 'Vinu',C5471;C5487,Instigated market riots in Gokul Road Industrial Area to distract law enforcement during planned burglary operations. CCTV camera feeds near Gokul Road Industrial Area captured Vinay 'Vinu' coordinating escape routes with co-accused operatives.
C5496,2026-12-23,Mandya,Burglary,Muralidhar,C5456,Operated a clandestine chop-shop in Peenya Industrial Area altering engine numbers of stolen trucks to evade police checkpoints. Call detail records confirmed Muralidhar was in continuous contact with syndicate kingpin Syed Ali during the operation.
C5497,2026-12-24,Hassan,Arson,Anand Verma,C5457;C5473,Apprehended near Saraswathipuram while operating an illicit foundry converting 80 kg of stolen gold bangles into untraceable bullion bars. CCTV camera feeds near Saraswathipuram captured Anand Verma coordinating escape routes with co-accused operatives.
C5498,2026-12-24,Mangaluru,Cybercrime,Sanath,C5458;C5483;C5490,Operated an illegal SIM-box gateway in Malpe Harbor routing international phishing calls to mask syndicate cyber extortion communications. Forensic examination of seized burner mobile phones revealed encrypted chat logs discussing stolen contraband movement.
C5499,2026-12-25,Bengaluru,Narcotics,Siddharth Mehta,C5459;C5475,Intercepted on Indiranagar 100ft Road transporting 69 kg of synthetic MDMA crystals hidden inside modified speaker enclosures of a cargo van. Ballistic matching linked recovered shell casings directly to prior armed robbery case files in Bengaluru district.
C5500,2026-12-26,Koppal,Assault,Giddaiah,C5460,Assaulted commercial truck drivers along Hospet Mining Belt using iron rods for resisting daily illegal highway tolls. Call detail records confirmed Giddaiah was in continuous contact with syndicate kingpin Reddy 'Dora' during the operation.
